{"MRData": {"xmlns": "http://ergast.com/mrd/1.5", "series": "f1", "url": "http://ergast.com/api/f1/1952/1/driverstandings.json", "limit": "30", "offset": "0", "total": "21", "StandingsTable": {"season": "1952", "round": "1", "StandingsLists": [{"season": "1952", "round": "1", "DriverStandings": [{"position": "1", "positionText": "1", "points": "9", "wins": "1", "Driver": {"driverId": "taruffi", "url": "http://en.wikipedia.org/wiki/Piero_Taruffi", "givenName": "Piero", "familyName": "Taruffi", "dateOfBirth": "1906-10-12", "nationality": "Italian"}, "Constructors": [{"constructorId": "ferrari", "url": "http://en.wikipedia.org/wiki/Scuderia_Ferrari", "name": "Ferrari", "nationality": "Italian"}]}, {"position": "2", "positionText": "2", "points": "6", "wins": "0", "Driver": {"driverId": "fischer", "url": "http://en.wikipedia.org/wiki/Rudi_Fischer", "givenName": "Rudi", "familyName": "Fischer", "dateOfBirth": "1912-04-19", "nationality": "Swiss"}, "Constructors": [{"constructorId": "ferrari", "url": "http://en.wikipedia.org/wiki/Scuderia_Ferrari", "name": "Ferrari", "nationality": "Italian"}]}, {"position": "3", "positionText": "3", "points": "4", "wins": "0", "Driver": {"driverId": "behra", "url": "http://en.wikipedia.org/wiki/Jean_Behra", "givenName": "Jean", "familyName": "Behra", "dateOfBirth": "1921-02-16", "nationality": "French"}, "Constructors": [{"constructorId": "gordini", "url": "http://en.wikipedia.org/wiki/Gordini", "name": "Gordini", "nationality": "French"}]}, {"position": "4", "positionText": "4", "points": "3", "wins": "0", "Driver": {"driverId": "wharton", "url": "http://en.wikipedia.org/wiki/Ken_Wharton", "givenName": "Ken", "familyName": "Wharton", "dateOfBirth": "1916-03-21", "nationality": "British"}, "Constructors": [{"constructorId": "frazer_nash", "url": "http://en.wikipedia.org/wiki/Frazer_Nash", "name": "Frazer Nash", "nationality": "British"}]}, {"position": "5", "positionText": "5", "points": "2", "wins": "0", "Driver": {"driverId": "alan_brown", "url": "http://en.wikipedia.org/wiki/Alan_Brown_(racing_driver)", "givenName": "Alan", "familyName": "Brown", "dateOfBirth": "1919-11-20", "nationality": "British"}, "Constructors": [{"constructorId": "cooper", "url": "http://en.wikipedia.org/wiki/Cooper_Car_Company", "name": "Cooper", "nationality": "British"}]}, {"position": "6", "positionText": "6", "points": "0", "wins": "0", "Driver": {"driverId": "graffenried", "url": "http://en.wikipedia.org/wiki/Toulo_de_Graffenried", "givenName": "Toulo", "familyName": "de Graffenried", "dateOfBirth": "1914-05-18", "nationality": "Swiss"}, "Constructors": [{"constructorId": "maserati", "url": "http://en.wikipedia.org/wiki/Maserati", "name": "Maserati", "nationality": "Italian"}]}, {"position": "7", "positionText": "7", "points": "0", "wins": "0", "Driver": {"driverId": "hirt", "url": "http://en.wikipedia.org/wiki/Peter_Hirt", "givenName": "Peter", "familyName": "Hirt", "dateOfBirth": "1910-03-30", "nationality": "Swiss"}, "Constructors": [{"constructorId": "ferrari", "url": "http://en.wikipedia.org/wiki/Scuderia_Ferrari", "name": "Ferrari", "nationality": "Italian"}]}, {"position": "8", "positionText": "8", "points": "0", "wins": "0", "Driver": {"driverId": "brandon", "url": "http://en.wikipedia.org/wiki/Eric_Brandon", "givenName": "Eric", "familyName": "Brandon", "dateOfBirth": "1920-07-18", "nationality": "British"}, "Constructors": [{"constructorId": "cooper", "url": "http://en.wikipedia.org/wiki/Cooper_Car_Company", "name": "Cooper", "nationality": "British"}]}, {"position": "9", "positionText": "9", "points": "0", "wins": "0", "Driver": {"driverId": "bira", "url": "http://en.wikipedia.org/wiki/Prince_Bira", "givenName": "Prince", "familyName": "Bira", "dateOfBirth": "1914-07-15", "nationality": "Thai"}, "Constructors": [{"constructorId": "simca", "url": "http://en.wikipedia.org/wiki/Simca", "name": "Simca", "nationality": "French"}]}, {"position": "10", "positionText": "10", "points": "0", "wins": "0", "Driver": {"driverId": "farina", "url": "http://en.wikipedia.org/wiki/Nino_Farina", "givenName": "Nino", "familyName": "Farina", "dateOfBirth": "1906-10-30", "nationality": "Italian"}, "Constructors": [{"constructorId": "ferrari", "url": "http://en.wikipedia.org/wiki/Scuderia_Ferrari", "name": "Ferrari", "nationality": "Italian"}]}, {"position": "11", "positionText": "11", "points": "0", "wins": "0", "Driver": {"driverId": "simon", "url": "http://en.wikipedia.org/wiki/Andr%C3%A9_Simon_(racing_driver)", "givenName": "Andr\u00e9", "familyName": "Simon", "dateOfBirth": "1920-01-05", "nationality": "French"}, "Constructors": [{"constructorId": "ferrari", "url": "http://en.wikipedia.org/wiki/Scuderia_Ferrari", "name": "Ferrari", "nationality": "Italian"}]}, {"position": "12", "positionText": "12", "points": "0", "wins": "0", "Driver": {"driverId": "schell", "url": "http://en.wikipedia.org/wiki/Harry_Schell", "givenName": "Harry", "familyName": "Schell", "dateOfBirth": "1921-06-29", "nationality": "American"}, "Constructors": [{"constructorId": "maserati", "url": "http://en.wikipedia.org/wiki/Maserati", "name": "Maserati", "nationality": "Italian"}]}, {"position": "13", "positionText": "13", "points": "0", "wins": "0", "Driver": {"driverId": "moss", "url": "http://en.wikipedia.org/wiki/Stirling_Moss", "givenName": "Stirling", "familyName": "Moss", "dateOfBirth": "1929-09-17", "nationality": "British"}, "Constructors": [{"constructorId": "hwm", "url": "http://en.wikipedia.org/wiki/Hersham_and_Walton_Motors", "name": "HWM", "nationality": "British"}]}, {"position": "14", "positionText": "14", "points": "0", "wins": "0", "Driver": {"driverId": "macklin", "url": "http://en.wikipedia.org/wiki/Lance_Macklin", "givenName": "Lance", "familyName": "Macklin", "dateOfBirth": "1919-09-02", "nationality": "British"}, "Constructors": [{"constructorId": "hwm", "url": "http://en.wikipedia.org/wiki/Hersham_and_Walton_Motors", "name": "HWM", "nationality": "British"}]}, {"position": "15", "positionText": "15", "points": "0", "wins": "0", "Driver": {"driverId": "manzon", "url": "http://en.wikipedia.org/wiki/Robert_Manzon", "givenName": "Robert", "familyName": "Manzon", "dateOfBirth": "1917-04-12", "nationality": "French"}, "Constructors": [{"constructorId": "gordini", "url": "http://en.wikipedia.org/wiki/Gordini", "name": "Gordini", "nationality": "French"}]}, {"position": "16", "positionText": "16", "points": "0", "wins": "0", "Driver": {"driverId": "collins", "url": "http://en.wikipedia.org/wiki/Peter_Collins_(racing_driver)", "givenName": "Peter", "familyName": "Collins", "dateOfBirth": "1931-11-06", "nationality": "British"}, "Constructors": [{"constructorId": "hwm", "url": "http://en.wikipedia.org/wiki/Hersham_and_Walton_Motors", "name": "HWM", "nationality": "British"}]}, {"position": "17", "positionText": "17", "points": "0", "wins": "0", "Driver": {"driverId": "abecassis", "url": "http://en.wikipedia.org/wiki/George_Abecassis", "givenName": "George", "familyName": "Abecassis", "dateOfBirth": "1913-03-21", "nationality": "British"}, "Constructors": [{"constructorId": "hwm", "url": "http://en.wikipedia.org/wiki/Hersham_and_Walton_Motors", "name": "HWM", "nationality": "British"}]}, {"position": "18", "positionText": "18", "points": "0", "wins": "0", "Driver": {"driverId": "hans_stuck", "url": "http://en.wikipedia.org/wiki/Hans_Von_Stuck", "givenName": "Hans", "familyName": "von Stuck", "dateOfBirth": "1900-12-27", "nationality": "German"}, "Constructors": [{"constructorId": "afm", "url": "http://en.wikipedia.org/wiki/Alex_von_Falkenhausen_Motorenbau", "name": "AFM", "nationality": "German"}]}, {"position": "19", "positionText": "19", "points": "0", "wins": "0", "Driver": {"driverId": "ulmen", "url": "http://en.wikipedia.org/wiki/Toni_Ulmen", "givenName": "Toni", "familyName": "Ulmen", "dateOfBirth": "1906-01-25", "nationality": "German"}, "Constructors": [{"constructorId": "veritas", "url": "http://en.wikipedia.org/wiki/Veritas_(constructor)", "name": "Veritas", "nationality": "German"}]}, {"position": "20", "positionText": "20", "points": "0", "wins": "0", "Driver": {"driverId": "rosier", "url": "http://en.wikipedia.org/wiki/Louis_Rosier", "givenName": "Louis", "familyName": "Rosier", "dateOfBirth": "1905-11-05", "nationality": "French"}, "Constructors": [{"constructorId": "ferrari", "url": "http://en.wikipedia.org/wiki/Scuderia_Ferrari", "name": "Ferrari", "nationality": "Italian"}]}, {"position": "21", "positionText": "21", "points": "0", "wins": "0", "Driver": {"driverId": "terra", "url": "http://en.wikipedia.org/wiki/Max_de_Terra", "givenName": "Max", "familyName": "de Terra", "dateOfBirth": "1918-10-06", "nationality": "Swiss"}, "Constructors": [{"constructorId": "simca", "url": "http://en.wikipedia.org/wiki/Simca", "name": "Simca", "nationality": "French"}]}]}]}}}