{"MRData": {"xmlns": "http://ergast.com/mrd/1.5", "series": "f1", "url": "http://ergast.com/api/f1/1952/5/results.json", "limit": "30", "offset": "0", "total": "32", "RaceTable": {"season": "1952", "round": "5", "Races": [{"season": "1952", "round": "5", "url": "http://en.wikipedia.org/wiki/1952_British_Grand_Prix", "raceName": "British Grand Prix", "Circuit": {"circuitId": "silverstone", "url": "http://en.wikipedia.org/wiki/Silverstone_Circuit", "circuitName": "Silverstone Circuit", "Location": {"lat": "52.0786", "long": "-1.01694", "locality": "Silverstone", "country": "UK"}}, "date": "1952-07-19", "Results": [{"number": "15", "position": "1", "positionText": "1", "points": "9", "Driver": {"driverId": "ascari", "url": "http://en.wikipedia.org/wiki/Alberto_Ascari", "givenName": "Alberto", "familyName": "Ascari", "dateOfBirth": "1918-07-13", "nationality": "Italian"}, "Constructor": {"constructorId": "ferrari", "url": "http://en.wikipedia.org/wiki/Scuderia_Ferrari", "name": "Ferrari", "nationality": "Italian"}, "grid": "2", "laps": "85", "status": "Finished", "Time": {"millis": "9971000", "time": "2:46:11.0"}}, {"number": "17", "position": "2", "positionText": "2", "points": "6", "Driver": {"driverId": "taruffi", "url": "http://en.wikipedia.org/wiki/Piero_Taruffi", "givenName": "Piero", "familyName": "Taruffi", "dateOfBirth": "1906-10-12", "nationality": "Italian"}, "Constructor": {"constructorId": "ferrari", "url": "http://en.wikipedia.org/wiki/Scuderia_Ferrari", "name": "Ferrari", "nationality": "Italian"}, "grid": "3", "laps": "84", "status": "+1 Lap"}, {"number": "9", "position": "3", "positionText": "3", "points": "4", "Driver": {"driverId": "hawthorn", "url": "http://en.wikipedia.org/wiki/Mike_Hawthorn", "givenName": "Mike", "familyName": "Hawthorn", "dateOfBirth": "1929-04-10", "nationality": "British"}, "Constructor": {"constructorId": "cooper", "url": "http://en.wikipedia.org/wiki/Cooper_Car_Company", "name": "Cooper", "nationality": "British"}, "grid": "7", "laps": "83", "status": "+2 Laps"}, {"number": "6", "position": "4", "positionText": "4", "points": "3", "Driver": {"driverId": "poore", "url": "http://en.wikipedia.org/wiki/Dennis_Poore", "givenName": "Dennis", "familyName": "Poore", "dateOfBirth": "1916-08-19", "nationality": "British"}, "Constructor": {"constructorId": "connaught", "url": "http://en.wikipedia.org/wiki/Connaught_Engineering", "name": "Connaught", "nationality": "British"}, "grid": "8", "laps": "83", "status": "+2 Laps"}, {"number": "5", "position": "5", "positionText": "5", "points": "2", "Driver": {"driverId": "thompson", "url": "http://en.wikipedia.org/wiki/Eric_Thompson_(racing_driver)", "givenName": "Eric", "familyName": "Thompson", "dateOfBirth": "1919-11-04", "nationality": "British"}, "Constructor": {"constructorId": "connaught", "url": "http://en.wikipedia.org/wiki/Connaught_Engineering", "name": "Connaught", "nationality": "British"}, "grid": "9", "laps": "82", "status": "+3 Laps"}, {"number": "16", "position": "6", "positionText": "6", "points": "0", "Driver": {"driverId": "farina", "url": "http://en.wikipedia.org/wiki/Nino_Farina", "givenName": "Nino", "familyName": "Farina", "dateOfBirth": "1906-10-30", "nationality": "Italian"}, "Constructor": {"constructorId": "ferrari", "url": "http://en.wikipedia.org/wiki/Scuderia_Ferrari", "name": "Ferrari", "nationality": "Italian"}, "grid": "1", "laps": "82", "status": "+3 Laps"}, {"number": "8", "position": "7", "positionText": "7", "points": "0", "Driver": {"driverId": "reg_parnell", "url": "http://en.wikipedia.org/wiki/Reg_Parnell", "givenName": "Reg", "familyName": "Parnell", "dateOfBirth": "1911-07-02", "nationality": "British"}, "Constructor": {"constructorId": "cooper", "url": "http://en.wikipedia.org/wiki/Cooper_Car_Company", "name": "Cooper", "nationality": "British"}, "grid": "6", "laps": "82", "status": "+3 Laps"}, {"number": "14", "position": "8", "positionText": "8", "points": "0", "Driver": {"driverId": "salvadori", "url": "http://en.wikipedia.org/wiki/Roy_Salvadori", "givenName": "Roy", "familyName": "Salvadori", "dateOfBirth": "1922-05-12", "nationality": "British"}, "Constructor": {"constructorId": "ferrari", "url": "http://en.wikipedia.org/wiki/Scuderia_Ferrari", "name": "Ferrari", "nationality": "Italian"}, "grid": "19", "laps": "82", "status": "+3 Laps"}, {"number": "4", "position": "9", "positionText": "9", "points": "0", "Driver": {"driverId": "downing", "url": "http://en.wikipedia.org/wiki/Ken_Downing", "givenName": "Ken", "familyName": "Downing", "dateOfBirth": "1917-12-05", "nationality": "British"}, "Constructor": {"constructorId": "connaught", "url": "http://en.wikipedia.org/wiki/Connaught_Engineering", "name": "Connaught", "nationality": "British"}, "grid": "5", "laps": "82", "status": "+3 Laps"}, {"number": "21", "position": "10", "positionText": "10", "points": "0", "Driver": {"driverId": "whitehead", "url": "http://en.wikipedia.org/wiki/Peter_Whitehead_(racing_driver)", "givenName": "Peter", "familyName": "Whitehead", "dateOfBirth": "1914-11-12", "nationality": "British"}, "Constructor": {"constructorId": "ferrari", "url": "http://en.wikipedia.org/wiki/Scuderia_Ferrari", "name": "Ferrari", "nationality": "Italian"}, "grid": "20", "laps": "81", "status": "+4 Laps"}, {"number": "26", "position": "11", "positionText": "11", "points": "0", "Driver": {"driverId": "bira", "url": "http://en.wikipedia.org/wiki/Prince_Bira", "givenName": "Prince", "familyName": "Bira", "dateOfBirth": "1914-07-15", "nationality": "Thai"}, "Constructor": {"constructorId": "gordini", "url": "http://en.wikipedia.org/wiki/Gordini", "name": "Gordini", "nationality": "French"}, "grid": "10", "laps": "81", "status": "+4 Laps"}, {"number": "1", "position": "12", "positionText": "12", "points": "0", "Driver": {"driverId": "graham_whitehead", "url": "http://en.wikipedia.org/wiki/Graham_Whitehead", "givenName": "Graham", "familyName": "Whitehead", "dateOfBirth": "1922-04-15", "nationality": "British"}, "Constructor": {"constructorId": "alta", "url": "http://en.wikipedia.org/wiki/Alta_auto_racing_team", "name": "Alta", "nationality": "British"}, "grid": "12", "laps": "80", "status": "+5 Laps"}, {"number": "19", "position": "13", "positionText": "13", "points": "0", "Driver": {"driverId": "fischer", "url": "http://en.wikipedia.org/wiki/Rudi_Fischer", "givenName": "Rudi", "familyName": "Fischer", "dateOfBirth": "1912-04-19", "nationality": "Swiss"}, "Constructor": {"constructorId": "ferrari", "url": "http://en.wikipedia.org/wiki/Scuderia_Ferrari", "name": "Ferrari", "nationality": "Italian"}, "grid": "15", "laps": "80", "status": "+5 Laps"}, {"number": "27", "position": "14", "positionText": "14", "points": "0", "Driver": {"driverId": "claes", "url": "http://en.wikipedia.org/wiki/Johnny_Claes", "givenName": "Johnny", "familyName": "Claes", "dateOfBirth": "1916-08-11", "nationality": "Belgian"}, "Constructor": {"constructorId": "simca", "url": "http://en.wikipedia.org/wiki/Simca", "name": "Simca", "nationality": "French"}, "grid": "23", "laps": "79", "status": "+6 Laps"}, {"number": "31", "position": "15", "positionText": "15", "points": "0", "Driver": {"driverId": "macklin", "url": "http://en.wikipedia.org/wiki/Lance_Macklin", "givenName": "Lance", "familyName": "Macklin", "dateOfBirth": "1919-09-02", "nationality": "British"}, "Constructor": {"constructorId": "hwm", "url": "http://en.wikipedia.org/wiki/Hersham_and_Walton_Motors", "name": "HWM", "nationality": "British"}, "grid": "29", "laps": "79", "status": "+6 Laps"}, {"number": "3", "position": "16", "positionText": "16", "points": "0", "Driver": {"driverId": "mcalpine", "url": "http://en.wikipedia.org/wiki/Kenneth_McAlpine", "givenName": "Kenneth", "familyName": "McAlpine", "dateOfBirth": "1920-09-21", "nationality": "British"}, "Constructor": {"constructorId": "connaught", "url": "http://en.wikipedia.org/wiki/Connaught_Engineering", "name": "Connaught", "nationality": "British"}, "grid": "17", "laps": "79", "status": "+6 Laps"}, {"number": "33", "position": "17", "positionText": "17", "points": "0", "Driver": {"driverId": "schell", "url": "http://en.wikipedia.org/wiki/Harry_Schell", "givenName": "Harry", "familyName": "Schell", "dateOfBirth": "1921-06-29", "nationality": "American"}, "Constructor": {"constructorId": "maserati", "url": "http://en.wikipedia.org/wiki/Maserati", "name": "Maserati", "nationality": "Italian"}, "grid": "32", "laps": "78", "status": "+7 Laps"}, {"number": "34", "position": "18", "positionText": "18", "points": "0", "Driver": {"driverId": "bianco", "url": "http://en.wikipedia.org/wiki/Gino_Bianco", "givenName": "Gino", "familyName": "Bianco", "dateOfBirth": "1916-07-22", "nationality": "Brazilian"}, "Constructor": {"constructorId": "maserati", "url": "http://en.wikipedia.org/wiki/Maserati", "name": "Maserati", "nationality": "Italian"}, "grid": "28", "laps": "77", "status": "+8 Laps"}, {"number": "32", "position": "19", "positionText": "19", "points": "0", "Driver": {"driverId": "graffenried", "url": "http://en.wikipedia.org/wiki/Toulo_de_Graffenried", "givenName": "Toulo", "familyName": "de Graffenried", "dateOfBirth": "1914-05-18", "nationality": "Swiss"}, "Constructor": {"constructorId": "maserati", "url": "http://en.wikipedia.org/wiki/Maserati", "name": "Maserati", "nationality": "Italian"}, "grid": "31", "laps": "76", "status": "+9 Laps"}, {"number": "10", "position": "20", "positionText": "20", "points": "0", "Driver": {"driverId": "brandon", "url": "http://en.wikipedia.org/wiki/Eric_Brandon", "givenName": "Eric", "familyName": "Brandon", "dateOfBirth": "1920-07-18", "nationality": "British"}, "Constructor": {"constructorId": "cooper", "url": "http://en.wikipedia.org/wiki/Cooper_Car_Company", "name": "Cooper", "nationality": "British"}, "grid": "18", "laps": "76", "status": "+9 Laps"}, {"number": "23", "position": "21", "positionText": "21", "points": "0", "Driver": {"driverId": "crook", "url": "http://en.wikipedia.org/wiki/Tony_Crook", "givenName": "Tony", "familyName": "Crook", "dateOfBirth": "1920-02-16", "nationality": "British"}, "Constructor": {"constructorId": "frazer_nash", "url": "http://en.wikipedia.org/wiki/Frazer_Nash", "name": "Frazer Nash", "nationality": "British"}, "grid": "25", "laps": "75", "status": "+10 Laps"}, {"number": "11", "position": "22", "positionText": "22", "points": "0", "Driver": {"driverId": "alan_brown", "url": "http://en.wikipedia.org/wiki/Alan_Brown_(racing_driver)", "givenName": "Alan", "familyName": "Brown", "dateOfBirth": "1919-11-20", "nationality": "British"}, "Constructor": {"constructorId": "cooper", "url": "http://en.wikipedia.org/wiki/Cooper_Car_Company", "name": "Cooper", "nationality": "British"}, "grid": "13", "laps": "69", "status": "+16 Laps"}, {"number": "29", "position": "23", "positionText": "R", "points": "0", "Driver": {"driverId": "collins", "url": "http://en.wikipedia.org/wiki/Peter_Collins_(racing_driver)", "givenName": "Peter", "familyName": "Collins", "dateOfBirth": "1931-11-06", "nationality": "British"}, "Constructor": {"constructorId": "hwm", "url": "http://en.wikipedia.org/wiki/Hersham_and_Walton_Motors", "name": "HWM", "nationality": "British"}, "grid": "14", "laps": "73", "status": "Ignition"}, {"number": "30", "position": "24", "positionText": "R", "points": "0", "Driver": {"driverId": "duncan_hamilton", "url": "http://en.wikipedia.org/wiki/Duncan_Hamilton_(racing_driver)", "givenName": "Duncan", "familyName": "Hamilton", "dateOfBirth": "1920-04-30", "nationality": "British"}, "Constructor": {"constructorId": "hwm", "url": "http://en.wikipedia.org/wiki/Hersham_and_Walton_Motors", "name": "HWM", "nationality": "British"}, "grid": "11", "laps": "44", "status": "Engine"}, {"number": "12", "position": "25", "positionText": "R", "points": "0", "Driver": {"driverId": "moss", "url": "http://en.wikipedia.org/wiki/Stirling_Moss", "givenName": "Stirling", "familyName": "Moss", "dateOfBirth": "1929-09-17", "nationality": "British"}, "Constructor": {"constructorId": "era", "url": "http://en.wikipedia.org/wiki/English_Racing_Automobiles", "name": "ERA", "nationality": "British"}, "grid": "16", "laps": "36", "status": "Engine"}, {"number": "25", "position": "26", "positionText": "R", "points": "0", "Driver": {"driverId": "trintignant", "url": "http://en.wikipedia.org/wiki/Maurice_Trintignant", "givenName": "Maurice", "familyName": "Trintignant", "dateOfBirth": "1917-10-30", "nationality": "French"}, "Constructor": {"constructorId": "gordini", "url": "http://en.wikipedia.org/wiki/Gordini", "name": "Gordini", "nationality": "French"}, "grid": "21", "laps": "21", "status": "Gearbox"}, {"number": "28", "position": "27", "positionText": "R", "points": "0", "Driver": {"driverId": "gaze", "url": "http://en.wikipedia.org/wiki/Tony_Gaze", "givenName": "Tony", "familyName": "Gaze", "dateOfBirth": "1920-02-03", "nationality": "Australian"}, "Constructor": {"constructorId": "hwm", "url": "http://en.wikipedia.org/wiki/Hersham_and_Walton_Motors", "name": "HWM", "nationality": "British"}, "grid": "26", "laps": "19", "status": "Engine"}, {"number": "7", "position": "28", "positionText": "R", "points": "0", "Driver": {"driverId": "murray", "url": "http://en.wikipedia.org/wiki/David_Murray_(driver)", "givenName": "David", "familyName": "Murray", "dateOfBirth": "1909-12-28", "nationality": "British"}, "Constructor": {"constructorId": "cooper", "url": "http://en.wikipedia.org/wiki/Cooper_Car_Company", "name": "Cooper", "nationality": "British"}, "grid": "22", "laps": "14", "status": "Engine"}, {"number": "24", "position": "29", "positionText": "R", "points": "0", "Driver": {"driverId": "manzon", "url": "http://en.wikipedia.org/wiki/Robert_Manzon", "givenName": "Robert", "familyName": "Manzon", "dateOfBirth": "1917-04-12", "nationality": "French"}, "Constructor": {"constructorId": "gordini", "url": "http://en.wikipedia.org/wiki/Gordini", "name": "Gordini", "nationality": "French"}, "grid": "4", "laps": "9", "status": "Clutch"}, {"number": "20", "position": "30", "positionText": "R", "points": "0", "Driver": {"driverId": "hirt", "url": "http://en.wikipedia.org/wiki/Peter_Hirt", "givenName": "Peter", "familyName": "Hirt", "dateOfBirth": "1910-03-30", "nationality": "Swiss"}, "Constructor": {"constructorId": "ferrari", "url": "http://en.wikipedia.org/wiki/Scuderia_Ferrari", "name": "Ferrari", "nationality": "Italian"}, "grid": "24", "laps": "3", "status": "Brakes"}]}]}}}