{"MRData": {"xmlns": "http://ergast.com/mrd/1.5", "series": "f1", "url": "http://ergast.com/api/f1/1952/1/results.json", "limit": "30", "offset": "0", "total": "22", "RaceTable": {"season": "1952", "round": "1", "Races": [{"season": "1952", "round": "1", "url": "http://en.wikipedia.org/wiki/1952_Swiss_Grand_Prix", "raceName": "Swiss Grand Prix", "Circuit": {"circuitId": "bremgarten", "url": "http://en.wikipedia.org/wiki/Circuit_Bremgarten", "circuitName": "Circuit Bremgarten", "Location": {"lat": "46.9589", "long": "7.40194", "locality": "Bern", "country": "Switzerland"}}, "date": "1952-05-18", "Results": [{"number": "30", "position": "1", "positionText": "1", "points": "9", "Driver": {"driverId": "taruffi", "url": "http://en.wikipedia.org/wiki/Piero_Taruffi", "givenName": "Piero", "familyName": "Taruffi", "dateOfBirth": "1906-10-12", "nationality": "Italian"}, "Constructor": {"constructorId": "ferrari", "url": "http://en.wikipedia.org/wiki/Scuderia_Ferrari", "name": "Ferrari", "nationality": "Italian"}, "grid": "2", "laps": "62", "status": "Finished", "Time": {"millis": "10906100", "time": "3:01:46.1"}}, {"number": "42", "position": "2", "positionText": "2", "points": "6", "Driver": {"driverId": "fischer", "url": "http://en.wikipedia.org/wiki/Rudi_Fischer", "givenName": "Rudi", "familyName": "Fischer", "dateOfBirth": "1912-04-19", "nationality": "Swiss"}, "Constructor": {"constructorId": "ferrari", "url": "http://en.wikipedia.org/wiki/Scuderia_Ferrari", "name": "Ferrari", "nationality": "Italian"}, "grid": "5", "laps": "62", "status": "Finished", "Time": {"millis": "11063300", "time": "+2:37.2"}}, {"number": "6", "position": "3", "positionText": "3", "points": "4", "Driver": {"driverId": "behra", "url": "http://en.wikipedia.org/wiki/Jean_Behra", "givenName": "Jean", "familyName": "Behra", "dateOfBirth": "1921-02-16", "nationality": "French"}, "Constructor": {"constructorId": "gordini", "url": "http://en.wikipedia.org/wiki/Gordini", "name": "Gordini", "nationality": "French"}, "grid": "7", "laps": "61", "status": "+1 Lap"}, {"number": "22", "position": "4", "positionText": "4", "points": "3", "Driver": {"driverId": "wharton", "url": "http://en.wikipedia.org/wiki/Ken_Wharton", "givenName": "Ken", "familyName": "Wharton", "dateOfBirth": "1916-03-21", "nationality": "British"}, "Constructor": {"constructorId": "frazer_nash", "url": "http://en.wikipedia.org/wiki/Frazer_Nash", "name": "Frazer Nash", "nationality": "British"}, "grid": "13", "laps": "60", "status": "+2 Laps"}, {"number": "26", "position": "5", "positionText": "5", "points": "2", "Driver": {"driverId": "alan_brown", "url": "http://en.wikipedia.org/wiki/Alan_Brown_(racing_driver)", "givenName": "Alan", "familyName": "Brown", "dateOfBirth": "1919-11-20", "nationality": "British"}, "Constructor": {"constructorId": "cooper", "url": "http://en.wikipedia.org/wiki/Cooper_Car_Company", "name": "Cooper", "nationality": "British"}, "grid": "15", "laps": "59", "status": "+3 Laps"}, {"number": "38", "position": "6", "positionText": "6", "points": "0", "Driver": {"driverId": "graffenried", "url": "http://en.wikipedia.org/wiki/Toulo_de_Graffenried", "givenName": "Toulo", "familyName": "de Graffenried", "dateOfBirth": "1914-05-18", "nationality": "Swiss"}, "Constructor": {"constructorId": "maserati", "url": "http://en.wikipedia.org/wiki/Maserati", "name": "Maserati", "nationality": "Italian"}, "grid": "8", "laps": "58", "status": "+4 Laps"}, {"number": "44", "position": "7", "positionText": "7", "points": "0", "Driver": {"driverId": "hirt", "url": "http://en.wikipedia.org/wiki/Peter_Hirt", "givenName": "Peter", "familyName": "Hirt", "dateOfBirth": "1910-03-30", "nationality": "Swiss"}, "Constructor": {"constructorId": "ferrari", "url": "http://en.wikipedia.org/wiki/Scuderia_Ferrari", "name": "Ferrari", "nationality": "Italian"}, "grid": "19", "laps": "56", "status": "+6 Laps"}, {"number": "24", "position": "8", "positionText": "8", "points": "0", "Driver": {"driverId": "brandon", "url": "http://en.wikipedia.org/wiki/Eric_Brandon", "givenName": "Eric", "familyName": "Brandon", "dateOfBirth": "1920-07-18", "nationality": "British"}, "Constructor": {"constructorId": "cooper", "url": "http://en.wikipedia.org/wiki/Cooper_Car_Company", "name": "Cooper", "nationality": "British"}, "grid": "17", "laps": "55", "status": "+7 Laps"}, {"number": "10", "position": "9", "positionText": "R", "points": "0", "Driver": {"driverId": "bira", "url": "http://en.wikipedia.org/wiki/Prince_Bira", "givenName": "Prince", "familyName": "Bira", "dateOfBirth": "1914-07-15", "nationality": "Thai"}, "Constructor": {"constructorId": "simca", "url": "http://en.wikipedia.org/wiki/Simca", "name": "Simca", "nationality": "French"}, "grid": "11", "laps": "52", "status": "Engine"}, {"number": "32", "position": "10", "positionText": "R", "points": "0", "Driver": {"driverId": "simon", "url": "http://en.wikipedia.org/wiki/Andr%C3%A9_Simon_(racing_driver)", "givenName": "Andr\u00e9", "familyName": "Simon", "dateOfBirth": "1920-01-05", "nationality": "French"}, "Constructor": {"constructorId": "ferrari", "url": "http://en.wikipedia.org/wiki/Scuderia_Ferrari", "name": "Ferrari", "nationality": "Italian"}, "grid": "4", "laps": "51", "status": "Magneto"}, {"number": "32", "position": "10", "positionText": "R", "points": "0", "Driver": {"driverId": "farina", "url": "http://en.wikipedia.org/wiki/Nino_Farina", "givenName": "Nino", "familyName": "Farina", "dateOfBirth": "1906-10-30", "nationality": "Italian"}, "Constructor": {"constructorId": "ferrari", "url": "http://en.wikipedia.org/wiki/Scuderia_Ferrari", "name": "Ferrari", "nationality": "Italian"}, "grid": "4", "laps": "51", "status": "Magneto"}, {"number": "40", "position": "11", "positionText": "R", "points": "0", "Driver": {"driverId": "schell", "url": "http://en.wikipedia.org/wiki/Harry_Schell", "givenName": "Harry", "familyName": "Schell", "dateOfBirth": "1921-06-29", "nationality": "American"}, "Constructor": {"constructorId": "maserati", "url": "http://en.wikipedia.org/wiki/Maserati", "name": "Maserati", "nationality": "Italian"}, "grid": "18", "laps": "31", "status": "Engine"}, {"number": "46", "position": "12", "positionText": "W", "points": "0", "Driver": {"driverId": "moss", "url": "http://en.wikipedia.org/wiki/Stirling_Moss", "givenName": "Stirling", "familyName": "Moss", "dateOfBirth": "1929-09-17", "nationality": "British"}, "Constructor": {"constructorId": "hwm", "url": "http://en.wikipedia.org/wiki/Hersham_and_Walton_Motors", "name": "HWM", "nationality": "British"}, "grid": "9", "laps": "24", "status": "Withdrew"}, {"number": "20", "position": "13", "positionText": "W", "points": "0", "Driver": {"driverId": "macklin", "url": "http://en.wikipedia.org/wiki/Lance_Macklin", "givenName": "Lance", "familyName": "Macklin", "dateOfBirth": "1919-09-02", "nationality": "British"}, "Constructor": {"constructorId": "hwm", "url": "http://en.wikipedia.org/wiki/Hersham_and_Walton_Motors", "name": "HWM", "nationality": "British"}, "grid": "12", "laps": "24", "status": "Withdrew"}, {"number": "8", "position": "14", "positionText": "R", "points": "0", "Driver": {"driverId": "manzon", "url": "http://en.wikipedia.org/wiki/Robert_Manzon", "givenName": "Robert", "familyName": "Manzon", "dateOfBirth": "1917-04-12", "nationality": "French"}, "Constructor": {"constructorId": "gordini", "url": "http://en.wikipedia.org/wiki/Gordini", "name": "Gordini", "nationality": "French"}, "grid": "3", "laps": "20", "status": "Radiator"}, {"number": "28", "position": "15", "positionText": "R", "points": "0", "Driver": {"driverId": "farina", "url": "http://en.wikipedia.org/wiki/Nino_Farina", "givenName": "Nino", "familyName": "Farina", "dateOfBirth": "1906-10-30", "nationality": "Italian"}, "Constructor": {"constructorId": "ferrari", "url": "http://en.wikipedia.org/wiki/Scuderia_Ferrari", "name": "Ferrari", "nationality": "Italian"}, "grid": "1", "laps": "16", "status": "Magneto"}, {"number": "18", "position": "16", "positionText": "R", "points": "0", "Driver": {"driverId": "collins", "url": "http://en.wikipedia.org/wiki/Peter_Collins_(racing_driver)", "givenName": "Peter", "familyName": "Collins", "dateOfBirth": "1931-11-06", "nationality": "British"}, "Constructor": {"constructorId": "hwm", "url": "http://en.wikipedia.org/wiki/Hersham_and_Walton_Motors", "name": "HWM", "nationality": "British"}, "grid": "6", "laps": "12", "status": "Halfshaft"}, {"number": "16", "position": "17", "positionText": "R", "points": "0", "Driver": {"driverId": "abecassis", "url": "http://en.wikipedia.org/wiki/George_Abecassis", "givenName": "George", "familyName": "Abecassis", "dateOfBirth": "1913-03-21", "nationality": "British"}, "Constructor": {"constructorId": "hwm", "url": "http://en.wikipedia.org/wiki/Hersham_and_Walton_Motors", "name": "HWM", "nationality": "British"}, "grid": "10", "laps": "12", "status": "Halfshaft"}, {"number": "2", "position": "18", "positionText": "R", "points": "0", "Driver": {"driverId": "hans_stuck", "url": "http://en.wikipedia.org/wiki/Hans_Von_Stuck", "givenName": "Hans", "familyName": "von Stuck", "dateOfBirth": "1900-12-27", "nationality": "German"}, "Constructor": {"constructorId": "afm", "url": "http://en.wikipedia.org/wiki/Alex_von_Falkenhausen_Motorenbau", "name": "AFM", "nationality": "German"}, "grid": "14", "laps": "4", "status": "Engine"}, {"number": "4", "position": "19", "positionText": "R", "points": "0", "Driver": {"driverId": "ulmen", "url": "http://en.wikipedia.org/wiki/Toni_Ulmen", "givenName": "Toni", "familyName": "Ulmen", "dateOfBirth": "1906-01-25", "nationality": "German"}, "Constructor": {"constructorId": "veritas", "url": "http://en.wikipedia.org/wiki/Veritas_(constructor)", "name": "Veritas", "nationality": "German"}, "grid": "16", "laps": "4", "status": "Fuel leak"}, {"number": "12", "position": "20", "positionText": "R", "points": "0", "Driver": {"driverId": "rosier", "url": "http://en.wikipedia.org/wiki/Louis_Rosier", "givenName": "Louis", "familyName": "Rosier", "dateOfBirth": "1905-11-05", "nationality": "French"}, "Constructor": {"constructorId": "ferrari", "url": "http://en.wikipedia.org/wiki/Scuderia_Ferrari", "name": "Ferrari", "nationality": "Italian"}, "grid": "20", "laps": "2", "status": "Accident"}, {"number": "50", "position": "21", "positionText": "R", "points": "0", "Driver": {"driverId": "terra", "url": "http://en.wikipedia.org/wiki/Max_de_Terra", "givenName": "Max", "familyName": "de Terra", "dateOfBirth": "1918-10-06", "nationality": "Swiss"}, "Constructor": {"constructorId": "simca", "url": "http://en.wikipedia.org/wiki/Simca", "name": "Simca", "nationality": "French"}, "grid": "21", "laps": "1", "status": "Magneto"}]}]}}}