{"MRData": {"xmlns": "http://ergast.com/mrd/1.5", "series": "f1", "url": "http://ergast.com/api/f1/1952/3/results.json", "limit": "30", "offset": "0", "total": "22", "RaceTable": {"season": "1952", "round": "3", "Races": [{"season": "1952", "round": "3", "url": "http://en.wikipedia.org/wiki/1952_Belgian_Grand_Prix", "raceName": "Belgian Grand Prix", "Circuit": {"circuitId": "spa", "url": "http://en.wikipedia.org/wiki/Circuit_de_Spa-Francorchamps", "circuitName": "Circuit de Spa-Francorchamps", "Location": {"lat": "50.4372", "long": "5.97139", "locality": "Spa", "country": "Belgium"}}, "date": "1952-06-22", "Results": [{"number": "4", "position": "1", "positionText": "1", "points": "9", "Driver": {"driverId": "ascari", "url": "http://en.wikipedia.org/wiki/Alberto_Ascari", "givenName": "Alberto", "familyName": "Ascari", "dateOfBirth": "1918-07-13", "nationality": "Italian"}, "Constructor": {"constructorId": "ferrari", "url": "http://en.wikipedia.org/wiki/Scuderia_Ferrari", "name": "Ferrari", "nationality": "Italian"}, "grid": "1", "laps": "36", "status": "Finished", "Time": {"millis": "11026300", "time": "3:03:46.3"}}, {"number": "2", "position": "2", "positionText": "2", "points": "6", "Driver": {"driverId": "farina", "url": "http://en.wikipedia.org/wiki/Nino_Farina", "givenName": "Nino", "familyName": "Farina", "dateOfBirth": "1906-10-30", "nationality": "Italian"}, "Constructor": {"constructorId": "ferrari", "url": "http://en.wikipedia.org/wiki/Scuderia_Ferrari", "name": "Ferrari", "nationality": "Italian"}, "grid": "2", "laps": "36", "status": "Finished", "Time": {"millis": "11141500", "time": "+1:55.2"}}, {"number": "14", "position": "3", "positionText": "3", "points": "4", "Driver": {"driverId": "manzon", "url": "http://en.wikipedia.org/wiki/Robert_Manzon", "givenName": "Robert", "familyName": "Manzon", "dateOfBirth": "1917-04-12", "nationality": "French"}, "Constructor": {"constructorId": "gordini", "url": "http://en.wikipedia.org/wiki/Gordini", "name": "Gordini", "nationality": "French"}, "grid": "4", "laps": "36", "status": "Finished", "Time": {"millis": "11294700", "time": "+4:28.4"}}, {"number": "8", "position": "4", "positionText": "4", "points": "3", "Driver": {"driverId": "hawthorn", "url": "http://en.wikipedia.org/wiki/Mike_Hawthorn", "givenName": "Mike", "familyName": "Hawthorn", "dateOfBirth": "1929-04-10", "nationality": "British"}, "Constructor": {"constructorId": "cooper", "url": "http://en.wikipedia.org/wiki/Cooper_Car_Company", "name": "Cooper", "nationality": "British"}, "grid": "6", "laps": "35", "status": "+1 Lap"}, {"number": "28", "position": "5", "positionText": "5", "points": "2", "Driver": {"driverId": "frere", "url": "http://en.wikipedia.org/wiki/Paul_Fr%C3%A8re", "givenName": "Paul", "familyName": "Fr\u00e8re", "dateOfBirth": "1917-01-30", "nationality": "Belgian"}, "Constructor": {"constructorId": "hwm", "url": "http://en.wikipedia.org/wiki/Hersham_and_Walton_Motors", "name": "HWM", "nationality": "British"}, "grid": "8", "laps": "34", "status": "+2 Laps"}, {"number": "10", "position": "6", "positionText": "6", "points": "0", "Driver": {"driverId": "alan_brown", "url": "http://en.wikipedia.org/wiki/Alan_Brown_(racing_driver)", "givenName": "Alan", "familyName": "Brown", "dateOfBirth": "1919-11-20", "nationality": "British"}, "Constructor": {"constructorId": "cooper", "url": "http://en.wikipedia.org/wiki/Cooper_Car_Company", "name": "Cooper", "nationality": "British"}, "grid": "9", "laps": "34", "status": "+2 Laps"}, {"number": "34", "position": "7", "positionText": "7", "points": "0", "Driver": {"driverId": "tornaco", "url": "http://en.wikipedia.org/wiki/Charles_de_Tornaco", "givenName": "Charles", "familyName": "de Tornaco", "dateOfBirth": "1927-06-07", "nationality": "Belgian"}, "Constructor": {"constructorId": "ferrari", "url": "http://en.wikipedia.org/wiki/Scuderia_Ferrari", "name": "Ferrari", "nationality": "Italian"}, "grid": "13", "laps": "33", "status": "+3 Laps"}, {"number": "18", "position": "8", "positionText": "8", "points": "0", "Driver": {"driverId": "claes", "url": "http://en.wikipedia.org/wiki/Johnny_Claes", "givenName": "Johnny", "familyName": "Claes", "dateOfBirth": "1916-08-11", "nationality": "Belgian"}, "Constructor": {"constructorId": "gordini", "url": "http://en.wikipedia.org/wiki/Gordini", "name": "Gordini", "nationality": "French"}, "grid": "19", "laps": "33", "status": "+3 Laps"}, {"number": "12", "position": "9", "positionText": "9", "points": "0", "Driver": {"driverId": "brandon", "url": "http://en.wikipedia.org/wiki/Eric_Brandon", "givenName": "Eric", "familyName": "Brandon", "dateOfBirth": "1920-07-18", "nationality": "British"}, "Constructor": {"constructorId": "cooper", "url": "http://en.wikipedia.org/wiki/Cooper_Car_Company", "name": "Cooper", "nationality": "British"}, "grid": "12", "laps": "33", "status": "+3 Laps"}, {"number": "20", "position": "10", "positionText": "10", "points": "0", "Driver": {"driverId": "bira", "url": "http://en.wikipedia.org/wiki/Prince_Bira", "givenName": "Prince", "familyName": "Bira", "dateOfBirth": "1914-07-15", "nationality": "Thai"}, "Constructor": {"constructorId": "simca", "url": "http://en.wikipedia.org/wiki/Simca", "name": "Simca", "nationality": "French"}, "grid": "18", "laps": "32", "status": "+4 Laps"}, {"number": "24", "position": "11", "positionText": "11", "points": "0", "Driver": {"driverId": "macklin", "url": "http://en.wikipedia.org/wiki/Lance_Macklin", "givenName": "Lance", "familyName": "Macklin", "dateOfBirth": "1919-09-02", "nationality": "British"}, "Constructor": {"constructorId": "hwm", "url": "http://en.wikipedia.org/wiki/Hersham_and_Walton_Motors", "name": "HWM", "nationality": "British"}, "grid": "14", "laps": "32", "status": "+4 Laps"}, {"number": "30", "position": "12", "positionText": "12", "points": "0", "Driver": {"driverId": "laurent", "url": "http://en.wikipedia.org/wiki/Roger_Laurent", "givenName": "Roger", "familyName": "Laurent", "dateOfBirth": "1913-02-21", "nationality": "Belgian"}, "Constructor": {"constructorId": "hwm", "url": "http://en.wikipedia.org/wiki/Hersham_and_Walton_Motors", "name": "HWM", "nationality": "British"}, "grid": "20", "laps": "32", "status": "+4 Laps"}, {"number": "38", "position": "13", "positionText": "13", "points": "0", "Driver": {"driverId": "legat", "url": "http://en.wikipedia.org/wiki/Arthur_Legat", "givenName": "Arthur", "familyName": "Legat", "dateOfBirth": "1898-11-01", "nationality": "Belgian"}, "Constructor": {"constructorId": "veritas", "url": "http://en.wikipedia.org/wiki/Veritas_(constructor)", "name": "Veritas", "nationality": "German"}, "grid": "21", "laps": "31", "status": "+5 Laps"}, {"number": "44", "position": "14", "positionText": "14", "points": "0", "Driver": {"driverId": "obrien", "url": "http://en.wikipedia.org/wiki/Robert_O%27Brien_(auto_racer)", "givenName": "Robert", "familyName": "O'Brien", "dateOfBirth": "1908-04-11", "nationality": "American"}, "Constructor": {"constructorId": "simca", "url": "http://en.wikipedia.org/wiki/Simca", "name": "Simca", "nationality": "French"}, "grid": "22", "laps": "30", "status": "+6 Laps"}, {"number": "42", "position": "15", "positionText": "15", "points": "0", "Driver": {"driverId": "gaze", "url": "http://en.wikipedia.org/wiki/Tony_Gaze", "givenName": "Tony", "familyName": "Gaze", "dateOfBirth": "1920-02-03", "nationality": "Australian"}, "Constructor": {"constructorId": "hwm", "url": "http://en.wikipedia.org/wiki/Hersham_and_Walton_Motors", "name": "HWM", "nationality": "British"}, "grid": "16", "laps": "30", "status": "+6 Laps"}, {"number": "40", "position": "16", "positionText": "R", "points": "0", "Driver": {"driverId": "charrington", "url": "http://en.wikipedia.org/wiki/Robin_Montgomerie-Charrington", "givenName": "Robin", "familyName": "Montgomerie-Charrington", "dateOfBirth": "1915-06-23", "nationality": "British"}, "Constructor": {"constructorId": "butterworth", "url": "http://en.wikipedia.org/wiki/Aston_Butterworth", "name": "Aston Butterworth", "nationality": "British"}, "grid": "15", "laps": "17", "status": "Engine"}, {"number": "6", "position": "17", "positionText": "R", "points": "0", "Driver": {"driverId": "taruffi", "url": "http://en.wikipedia.org/wiki/Piero_Taruffi", "givenName": "Piero", "familyName": "Taruffi", "dateOfBirth": "1906-10-12", "nationality": "Italian"}, "Constructor": {"constructorId": "ferrari", "url": "http://en.wikipedia.org/wiki/Scuderia_Ferrari", "name": "Ferrari", "nationality": "Italian"}, "grid": "3", "laps": "13", "status": "Accident"}, {"number": "16", "position": "18", "positionText": "R", "points": "0", "Driver": {"driverId": "behra", "url": "http://en.wikipedia.org/wiki/Jean_Behra", "givenName": "Jean", "familyName": "Behra", "dateOfBirth": "1921-02-16", "nationality": "French"}, "Constructor": {"constructorId": "gordini", "url": "http://en.wikipedia.org/wiki/Gordini", "name": "Gordini", "nationality": "French"}, "grid": "5", "laps": "13", "status": "Accident"}, {"number": "36", "position": "19", "positionText": "R", "points": "0", "Driver": {"driverId": "wharton", "url": "http://en.wikipedia.org/wiki/Ken_Wharton", "givenName": "Ken", "familyName": "Wharton", "dateOfBirth": "1916-03-21", "nationality": "British"}, "Constructor": {"constructorId": "frazer_nash", "url": "http://en.wikipedia.org/wiki/Frazer_Nash", "name": "Frazer Nash", "nationality": "British"}, "grid": "7", "laps": "10", "status": "Spun off"}, {"number": "22", "position": "20", "positionText": "R", "points": "0", "Driver": {"driverId": "rosier", "url": "http://en.wikipedia.org/wiki/Louis_Rosier", "givenName": "Louis", "familyName": "Rosier", "dateOfBirth": "1905-11-05", "nationality": "French"}, "Constructor": {"constructorId": "ferrari", "url": "http://en.wikipedia.org/wiki/Scuderia_Ferrari", "name": "Ferrari", "nationality": "Italian"}, "grid": "17", "laps": "6", "status": "Transmission"}, {"number": "26", "position": "21", "positionText": "R", "points": "0", "Driver": {"driverId": "collins", "url": "http://en.wikipedia.org/wiki/Peter_Collins_(racing_driver)", "givenName": "Peter", "familyName": "Collins", "dateOfBirth": "1931-11-06", "nationality": "British"}, "Constructor": {"constructorId": "hwm", "url": "http://en.wikipedia.org/wiki/Hersham_and_Walton_Motors", "name": "HWM", "nationality": "British"}, "grid": "11", "laps": "3", "status": "Halfshaft"}, {"number": "32", "position": "22", "positionText": "R", "points": "0", "Driver": {"driverId": "moss", "url": "http://en.wikipedia.org/wiki/Stirling_Moss", "givenName": "Stirling", "familyName": "Moss", "dateOfBirth": "1929-09-17", "nationality": "British"}, "Constructor": {"constructorId": "era", "url": "http://en.wikipedia.org/wiki/English_Racing_Automobiles", "name": "ERA", "nationality": "British"}, "grid": "10", "laps": "0", "status": "Engine"}]}]}}}