{"MRData": {"xmlns": "http://ergast.com/mrd/1.5", "series": "f1", "url": "http://ergast.com/api/f1/1952/7/results.json", "limit": "30", "offset": "0", "total": "19", "RaceTable": {"season": "1952", "round": "7", "Races": [{"season": "1952", "round": "7", "url": "http://en.wikipedia.org/wiki/1952_Dutch_Grand_Prix", "raceName": "Dutch Grand Prix", "Circuit": {"circuitId": "zandvoort", "url": "http://en.wikipedia.org/wiki/Circuit_Zandvoort", "circuitName": "Circuit Park Zandvoort", "Location": {"lat": "52.3888", "long": "4.54092", "locality": "Zandvoort", "country": "Netherlands"}}, "date": "1952-08-17", "Results": [{"number": "2", "position": "1", "positionText": "1", "points": "9", "Driver": {"driverId": "ascari", "url": "http://en.wikipedia.org/wiki/Alberto_Ascari", "givenName": "Alberto", "familyName": "Ascari", "dateOfBirth": "1918-07-13", "nationality": "Italian"}, "Constructor": {"constructorId": "ferrari", "url": "http://en.wikipedia.org/wiki/Scuderia_Ferrari", "name": "Ferrari", "nationality": "Italian"}, "grid": "1", "laps": "90", "status": "Finished", "Time": {"millis": "10408500", "time": "2:53:28.5"}}, {"number": "4", "position": "2", "positionText": "2", "points": "6", "Driver": {"driverId": "farina", "url": "http://en.wikipedia.org/wiki/Nino_Farina", "givenName": "Nino", "familyName": "Farina", "dateOfBirth": "1906-10-30", "nationality": "Italian"}, "Constructor": {"constructorId": "ferrari", "url": "http://en.wikipedia.org/wiki/Scuderia_Ferrari", "name": "Ferrari", "nationality": "Italian"}, "grid": "2", "laps": "90", "status": "Finished", "Time": {"millis": "10448600", "time": "+40.1"}}, {"number": "6", "position": "3", "positionText": "3", "points": "4", "Driver": {"driverId": "villoresi", "url": "http://en.wikipedia.org/wiki/Luigi_Villoresi", "givenName": "Luigi", "familyName": "Villoresi", "dateOfBirth": "1909-05-16", "nationality": "Italian"}, "Constructor": {"constructorId": "ferrari", "url": "http://en.wikipedia.org/wiki/Scuderia_Ferrari", "name": "Ferrari", "nationality": "Italian"}, "grid": "4", "laps": "90", "status": "Finished", "Time": {"millis": "10502900", "time": "+1:34.4"}}, {"number": "32", "position": "4", "positionText": "4", "points": "3", "Driver": {"driverId": "hawthorn", "url": "http://en.wikipedia.org/wiki/Mike_Hawthorn", "givenName": "Mike", "familyName": "Hawthorn", "dateOfBirth": "1929-04-10", "nationality": "British"}, "Constructor": {"constructorId": "cooper", "url": "http://en.wikipedia.org/wiki/Cooper_Car_Company", "name": "Cooper", "nationality": "British"}, "grid": "3", "laps": "88", "status": "+2 Laps"}, {"number": "10", "position": "5", "positionText": "5", "points": "2", "Driver": {"driverId": "manzon", "url": "http://en.wikipedia.org/wiki/Robert_Manzon", "givenName": "Robert", "familyName": "Manzon", "dateOfBirth": "1917-04-12", "nationality": "French"}, "Constructor": {"constructorId": "gordini", "url": "http://en.wikipedia.org/wiki/Gordini", "name": "Gordini", "nationality": "French"}, "grid": "6", "laps": "87", "status": "+3 Laps"}, {"number": "12", "position": "6", "positionText": "6", "points": "0", "Driver": {"driverId": "trintignant", "url": "http://en.wikipedia.org/wiki/Maurice_Trintignant", "givenName": "Maurice", "familyName": "Trintignant", "dateOfBirth": "1917-10-30", "nationality": "French"}, "Constructor": {"constructorId": "gordini", "url": "http://en.wikipedia.org/wiki/Gordini", "name": "Gordini", "nationality": "French"}, "grid": "5", "laps": "87", "status": "+3 Laps"}, {"number": "28", "position": "7", "positionText": "7", "points": "0", "Driver": {"driverId": "duncan_hamilton", "url": "http://en.wikipedia.org/wiki/Duncan_Hamilton_(racing_driver)", "givenName": "Duncan", "familyName": "Hamilton", "dateOfBirth": "1920-04-30", "nationality": "British"}, "Constructor": {"constructorId": "hwm", "url": "http://en.wikipedia.org/wiki/Hersham_and_Walton_Motors", "name": "HWM", "nationality": "British"}, "grid": "10", "laps": "85", "status": "+5 Laps"}, {"number": "26", "position": "8", "positionText": "8", "points": "0", "Driver": {"driverId": "macklin", "url": "http://en.wikipedia.org/wiki/Lance_Macklin", "givenName": "Lance", "familyName": "Macklin", "dateOfBirth": "1919-09-02", "nationality": "British"}, "Constructor": {"constructorId": "hwm", "url": "http://en.wikipedia.org/wiki/Hersham_and_Walton_Motors", "name": "HWM", "nationality": "British"}, "grid": "9", "laps": "84", "status": "+6 Laps"}, {"number": "16", "position": "9", "positionText": "9", "points": "0", "Driver": {"driverId": "landi", "url": "http://en.wikipedia.org/wiki/Chico_Landi", "givenName": "Chico", "familyName": "Landi", "dateOfBirth": "1907-07-14", "nationality": "Brazilian"}, "Constructor": {"constructorId": "maserati", "url": "http://en.wikipedia.org/wiki/Maserati", "name": "Maserati", "nationality": "Italian"}, "grid": "16", "laps": "83", "status": "+7 Laps"}, {"number": "16", "position": "9", "positionText": "9", "points": "0", "Driver": {"driverId": "flinterman", "url": "http://en.wikipedia.org/wiki/Jan_Flinterman", "givenName": "Jan", "familyName": "Flinterman", "dateOfBirth": "1919-10-02", "nationality": "Dutch"}, "Constructor": {"constructorId": "maserati", "url": "http://en.wikipedia.org/wiki/Maserati", "name": "Maserati", "nationality": "Italian"}, "grid": "16", "laps": "83", "status": "+7 Laps"}, {"number": "34", "position": "10", "positionText": "R", "points": "0", "Driver": {"driverId": "wharton", "url": "http://en.wikipedia.org/wiki/Ken_Wharton", "givenName": "Ken", "familyName": "Wharton", "dateOfBirth": "1916-03-21", "nationality": "British"}, "Constructor": {"constructorId": "frazer_nash", "url": "http://en.wikipedia.org/wiki/Frazer_Nash", "name": "Frazer Nash", "nationality": "British"}, "grid": "7", "laps": "76", "status": "Wheel bearing"}, {"number": "36", "position": "11", "positionText": "R", "points": "0", "Driver": {"driverId": "moss", "url": "http://en.wikipedia.org/wiki/Stirling_Moss", "givenName": "Stirling", "familyName": "Moss", "dateOfBirth": "1929-09-17", "nationality": "British"}, "Constructor": {"constructorId": "era", "url": "http://en.wikipedia.org/wiki/English_Racing_Automobiles", "name": "ERA", "nationality": "British"}, "grid": "18", "laps": "73", "status": "Engine"}, {"number": "30", "position": "12", "positionText": "N", "points": "0", "Driver": {"driverId": "lof", "url": "http://en.wikipedia.org/wiki/Dries_van_der_Lof", "givenName": "Dries", "familyName": "van der Lof", "dateOfBirth": "1919-08-23", "nationality": "Dutch"}, "Constructor": {"constructorId": "hwm", "url": "http://en.wikipedia.org/wiki/Hersham_and_Walton_Motors", "name": "HWM", "nationality": "British"}, "grid": "14", "laps": "70", "status": "Not classified"}, {"number": "22", "position": "13", "positionText": "R", "points": "0", "Driver": {"driverId": "downing", "url": "http://en.wikipedia.org/wiki/Ken_Downing", "givenName": "Ken", "familyName": "Downing", "dateOfBirth": "1917-12-05", "nationality": "British"}, "Constructor": {"constructorId": "connaught", "url": "http://en.wikipedia.org/wiki/Connaught_Engineering", "name": "Connaught", "nationality": "British"}, "grid": "13", "laps": "27", "status": "Oil pressure"}, {"number": "24", "position": "14", "positionText": "R", "points": "0", "Driver": {"driverId": "tornaco", "url": "http://en.wikipedia.org/wiki/Charles_de_Tornaco", "givenName": "Charles", "familyName": "de Tornaco", "dateOfBirth": "1927-06-07", "nationality": "Belgian"}, "Constructor": {"constructorId": "ferrari", "url": "http://en.wikipedia.org/wiki/Scuderia_Ferrari", "name": "Ferrari", "nationality": "Italian"}, "grid": "17", "laps": "19", "status": "Engine"}, {"number": "14", "position": "15", "positionText": "R", "points": "0", "Driver": {"driverId": "frere", "url": "http://en.wikipedia.org/wiki/Paul_Fr%C3%A8re", "givenName": "Paul", "familyName": "Fr\u00e8re", "dateOfBirth": "1917-01-30", "nationality": "Belgian"}, "Constructor": {"constructorId": "simca", "url": "http://en.wikipedia.org/wiki/Simca", "name": "Simca", "nationality": "French"}, "grid": "11", "laps": "15", "status": "Clutch"}, {"number": "8", "position": "16", "positionText": "R", "points": "0", "Driver": {"driverId": "behra", "url": "http://en.wikipedia.org/wiki/Jean_Behra", "givenName": "Jean", "familyName": "Behra", "dateOfBirth": "1921-02-16", "nationality": "French"}, "Constructor": {"constructorId": "gordini", "url": "http://en.wikipedia.org/wiki/Gordini", "name": "Gordini", "nationality": "French"}, "grid": "6", "laps": "10", "status": "Electrical"}, {"number": "20", "position": "17", "positionText": "R", "points": "0", "Driver": {"driverId": "flinterman", "url": "http://en.wikipedia.org/wiki/Jan_Flinterman", "givenName": "Jan", "familyName": "Flinterman", "dateOfBirth": "1919-10-02", "nationality": "Dutch"}, "Constructor": {"constructorId": "maserati", "url": "http://en.wikipedia.org/wiki/Maserati", "name": "Maserati", "nationality": "Italian"}, "grid": "15", "laps": "7", "status": "Differential"}, {"number": "18", "position": "18", "positionText": "R", "points": "0", "Driver": {"driverId": "bianco", "url": "http://en.wikipedia.org/wiki/Gino_Bianco", "givenName": "Gino", "familyName": "Bianco", "dateOfBirth": "1916-07-22", "nationality": "Brazilian"}, "Constructor": {"constructorId": "maserati", "url": "http://en.wikipedia.org/wiki/Maserati", "name": "Maserati", "nationality": "Italian"}, "grid": "12", "laps": "4", "status": "Axle"}]}]}}}