{"MRData": {"xmlns": "http://ergast.com/mrd/1.5", "series": "f1", "url": "http://ergast.com/api/f1/1961/3/constructorstandings.json", "limit": "30", "offset": "0", "total": "7", "StandingsTable": {"season": "1961", "round": "3", "StandingsLists": [{"season": "1961", "round": "3", "ConstructorStandings": [{"position": "1", "positionText": "1", "points": "24", "wins": "2", "Constructor": {"constructorId": "ferrari", "url": "http://en.wikipedia.org/wiki/Scuderia_Ferrari", "name": "Ferrari", "nationality": "Italian"}}, {"position": "2", "positionText": "2", "points": "13", "wins": "1", "Constructor": {"constructorId": "lotus-climax", "url": "http://en.wikipedia.org/wiki/Team_Lotus", "name": "Lotus-Climax", "nationality": "British"}}, {"position": "3", "positionText": "3", "points": "4", "wins": "0", "Constructor": {"constructorId": "cooper-climax", "url": "http://en.wikipedia.org/wiki/Cooper_Car_Company", "name": "Cooper-Climax", "nationality": "British"}}, {"position": "4", "positionText": "4", "points": "3", "wins": "0", "Constructor": {"constructorId": "porsche", "url": "http://en.wikipedia.org/wiki/Porsche_in_Formula_One", "name": "Porsche", "nationality": "German"}}, {"position": "5", "positionText": "5", "points": "0", "wins": "0", "Constructor": {"constructorId": "cooper-maserati", "url": "http://en.wikipedia.org/wiki/Cooper_Car_Company", "name": "Cooper-Maserati", "nationality": "British"}}, {"position": "6", "positionText": "6", "points": "0", "wins": "0", "Constructor": {"constructorId": "brm", "url": "http://en.wikipedia.org/wiki/BRM", "name": "BRM", "nationality": "British"}}, {"position": "7", "positionText": "7", "points": "0", "wins": "0", "Constructor": {"constructorId": "emeryson", "url": "http://en.wikipedia.org/wiki/Emeryson", "name": "Emeryson", "nationality": "British"}}]}]}}}