{"MRData": {"xmlns": "http://ergast.com/mrd/1.5", "series": "f1", "url": "http://ergast.com/api/f1/1961/7/constructorstandings.json", "limit": "30", "offset": "0", "total": "13", "StandingsTable": {"season": "1961", "round": "7", "StandingsLists": [{"season": "1961", "round": "7", "ConstructorStandings": [{"position": "1", "positionText": "1", "points": "45", "wins": "5", "Constructor": {"constructorId": "ferrari", "url": "http://en.wikipedia.org/wiki/Scuderia_Ferrari", "name": "Ferrari", "nationality": "Italian"}}, {"position": "2", "positionText": "2", "points": "26", "wins": "2", "Constructor": {"constructorId": "lotus-climax", "url": "http://en.wikipedia.org/wiki/Team_Lotus", "name": "Lotus-Climax", "nationality": "British"}}, {"position": "3", "positionText": "3", "points": "17", "wins": "0", "Constructor": {"constructorId": "porsche", "url": "http://en.wikipedia.org/wiki/Porsche_in_Formula_One", "name": "Porsche", "nationality": "German"}}, {"position": "4", "positionText": "4", "points": "13", "wins": "0", "Constructor": {"constructorId": "cooper-climax", "url": "http://en.wikipedia.org/wiki/Cooper_Car_Company", "name": "Cooper-Climax", "nationality": "British"}}, {"position": "5", "positionText": "5", "points": "3", "wins": "0", "Constructor": {"constructorId": "brm", "url": "http://en.wikipedia.org/wiki/BRM", "name": "BRM", "nationality": "British"}}, {"position": "6", "positionText": "6", "points": "0", "wins": "0", "Constructor": {"constructorId": "cooper-maserati", "url": "http://en.wikipedia.org/wiki/Cooper_Car_Company", "name": "Cooper-Maserati", "nationality": "British"}}, {"position": "7", "positionText": "7", "points": "0", "wins": "0", "Constructor": {"constructorId": "gilby", "url": "http://en.wikipedia.org/wiki/Gilby", "name": "Gilby", "nationality": "British"}}, {"position": "8", "positionText": "8", "points": "0", "wins": "0", "Constructor": {"constructorId": "lotus-maserati", "url": "http://en.wikipedia.org/wiki/Team_Lotus", "name": "Lotus-Maserati", "nationality": "British"}}, {"position": "9", "positionText": "9", "points": "0", "wins": "0", "Constructor": {"constructorId": "de_tomaso-alfa_romeo", "url": "http://en.wikipedia.org/wiki/De_Tomaso", "name": "De Tomaso-Alfa Romeo", "nationality": "Italian"}}, {"position": "10", "positionText": "10", "points": "0", "wins": "0", "Constructor": {"constructorId": "emeryson", "url": "http://en.wikipedia.org/wiki/Emeryson", "name": "Emeryson", "nationality": "British"}}, {"position": "11", "positionText": "11", "points": "0", "wins": "0", "Constructor": {"constructorId": "de_tomaso-osca", "url": "http://en.wikipedia.org/wiki/De_Tomaso", "name": "De Tomaso-Osca", "nationality": "Italian"}}, {"position": "12", "positionText": "12", "points": "0", "wins": "0", "Constructor": {"constructorId": "jbw", "url": "http://en.wikipedia.org/wiki/JBW", "name": "JBW", "nationality": "British"}}, {"position": "13", "positionText": "13", "points": "0", "wins": "0", "Constructor": {"constructorId": "mbm", "url": "http://en.wikipedia.org/wiki/Monteverdi_Basel_Motors", "name": "MBM", "nationality": "Swiss"}}]}]}}}