{"MRData": {"xmlns": "http://ergast.com/mrd/1.5", "series": "f1", "url": "http://ergast.com/api/f1/1961/6/driverstandings.json", "limit": "30", "offset": "0", "total": "45", "StandingsTable": {"season": "1961", "round": "6", "StandingsLists": [{"season": "1961", "round": "6", "DriverStandings": [{"position": "1", "positionText": "1", "points": "33", "wins": "2", "Driver": {"driverId": "trips", "url": "http://en.wikipedia.org/wiki/Wolfgang_Graf_Berghe_von_Trips", "givenName": "Wolfgang", "familyName": "von Trips", "dateOfBirth": "1928-05-04", "nationality": "German"}, "Constructors": [{"constructorId": "ferrari", "url": "http://en.wikipedia.org/wiki/Scuderia_Ferrari", "name": "Ferrari", "nationality": "Italian"}]}, {"position": "2", "positionText": "2", "points": "29", "wins": "1", "Driver": {"driverId": "phil_hill", "url": "http://en.wikipedia.org/wiki/Phil_Hill", "givenName": "Phil", "familyName": "Hill", "dateOfBirth": "1927-04-20", "nationality": "American"}, "Constructors": [{"constructorId": "ferrari", "url": "http://en.wikipedia.org/wiki/Scuderia_Ferrari", "name": "Ferrari", "nationality": "Italian"}]}, {"position": "3", "positionText": "3", "points": "21", "wins": "2", "Driver": {"driverId": "moss", "url": "http://en.wikipedia.org/wiki/Stirling_Moss", "givenName": "Stirling", "familyName": "Moss", "dateOfBirth": "1929-09-17", "nationality": "British"}, "Constructors": [{"constructorId": "lotus-climax", "url": "http://en.wikipedia.org/wiki/Team_Lotus", "name": "Lotus-Climax", "nationality": "British"}, {"constructorId": "ferguson", "url": "http://en.wikipedia.org/wiki/Ferguson_Research_Ltd.", "name": "Ferguson", "nationality": "British"}]}, {"position": "4", "positionText": "4", "points": "16", "wins": "0", "Driver": {"driverId": "ginther", "url": "http://en.wikipedia.org/wiki/Richie_Ginther", "givenName": "Richie", "familyName": "Ginther", "dateOfBirth": "1930-08-05", "nationality": "American"}, "Constructors": [{"constructorId": "ferrari", "url": "http://en.wikipedia.org/wiki/Scuderia_Ferrari", "name": "Ferrari", "nationality": "Italian"}]}, {"position": "5", "positionText": "5", "points": "11", "wins": "0", "Driver": {"driverId": "clark", "url": "http://en.wikipedia.org/wiki/Jim_Clark", "givenName": "Jim", "familyName": "Clark", "dateOfBirth": "1936-03-04", "nationality": "British"}, "Constructors": [{"constructorId": "lotus-climax", "url": "http://en.wikipedia.org/wiki/Team_Lotus", "name": "Lotus-Climax", "nationality": "British"}]}, {"position": "6", "positionText": "6", "points": "9", "wins": "1", "Driver": {"driverId": "baghetti", "url": "http://en.wikipedia.org/wiki/Giancarlo_Baghetti", "givenName": "Giancarlo", "familyName": "Baghetti", "dateOfBirth": "1934-12-25", "nationality": "Italian"}, "Constructors": [{"constructorId": "ferrari", "url": "http://en.wikipedia.org/wiki/Scuderia_Ferrari", "name": "Ferrari", "nationality": "Italian"}]}, {"position": "7", "positionText": "7", "points": "9", "wins": "0", "Driver": {"driverId": "gurney", "url": "http://en.wikipedia.org/wiki/Dan_Gurney", "givenName": "Dan", "familyName": "Gurney", "dateOfBirth": "1931-04-13", "nationality": "American"}, "Constructors": [{"constructorId": "porsche", "url": "http://en.wikipedia.org/wiki/Porsche_in_Formula_One", "name": "Porsche", "nationality": "German"}]}, {"position": "8", "positionText": "8", "points": "4", "wins": "0", "Driver": {"driverId": "jack_brabham", "url": "http://en.wikipedia.org/wiki/Jack_Brabham", "givenName": "Jack", "familyName": "Brabham", "dateOfBirth": "1926-04-02", "nationality": "Australian"}, "Constructors": [{"constructorId": "cooper-climax", "url": "http://en.wikipedia.org/wiki/Cooper_Car_Company", "name": "Cooper-Climax", "nationality": "British"}]}, {"position": "9", "positionText": "9", "points": "4", "wins": "0", "Driver": {"driverId": "surtees", "url": "http://en.wikipedia.org/wiki/John_Surtees", "givenName": "John", "familyName": "Surtees", "dateOfBirth": "1934-02-11", "nationality": "British"}, "Constructors": [{"constructorId": "cooper-climax", "url": "http://en.wikipedia.org/wiki/Cooper_Car_Company", "name": "Cooper-Climax", "nationality": "British"}]}, {"position": "10", "positionText": "10", "points": "4", "wins": "0", "Driver": {"driverId": "mclaren", "url": "http://en.wikipedia.org/wiki/Bruce_McLaren", "givenName": "Bruce", "familyName": "McLaren", "dateOfBirth": "1937-08-30", "nationality": "New Zealander"}, "Constructors": [{"constructorId": "cooper-climax", "url": "http://en.wikipedia.org/wiki/Cooper_Car_Company", "name": "Cooper-Climax", "nationality": "British"}]}, {"position": "11", "positionText": "11", "points": "3", "wins": "0", "Driver": {"driverId": "ireland", "url": "http://en.wikipedia.org/wiki/Innes_Ireland", "givenName": "Innes", "familyName": "Ireland", "dateOfBirth": "1930-06-12", "nationality": "British"}, "Constructors": [{"constructorId": "lotus-climax", "url": "http://en.wikipedia.org/wiki/Team_Lotus", "name": "Lotus-Climax", "nationality": "British"}]}, {"position": "12", "positionText": "12", "points": "3", "wins": "0", "Driver": {"driverId": "gendebien", "url": "http://en.wikipedia.org/wiki/Olivier_Gendebien", "givenName": "Olivier", "familyName": "Gendebien", "dateOfBirth": "1924-01-12", "nationality": "Belgian"}, "Constructors": [{"constructorId": "emeryson", "url": "http://en.wikipedia.org/wiki/Emeryson", "name": "Emeryson", "nationality": "British"}, {"constructorId": "ferrari", "url": "http://en.wikipedia.org/wiki/Scuderia_Ferrari", "name": "Ferrari", "nationality": "Italian"}]}, {"position": "13", "positionText": "13", "points": "2", "wins": "0", "Driver": {"driverId": "bonnier", "url": "http://en.wikipedia.org/wiki/Joakim_Bonnier", "givenName": "Jo", "familyName": "Bonnier", "dateOfBirth": "1930-01-31", "nationality": "Swedish"}, "Constructors": [{"constructorId": "porsche", "url": "http://en.wikipedia.org/wiki/Porsche_in_Formula_One", "name": "Porsche", "nationality": "German"}]}, {"position": "14", "positionText": "14", "points": "1", "wins": "0", "Driver": {"driverId": "salvadori", "url": "http://en.wikipedia.org/wiki/Roy_Salvadori", "givenName": "Roy", "familyName": "Salvadori", "dateOfBirth": "1922-05-12", "nationality": "British"}, "Constructors": [{"constructorId": "cooper-climax", "url": "http://en.wikipedia.org/wiki/Cooper_Car_Company", "name": "Cooper-Climax", "nationality": "British"}]}, {"position": "15", "positionText": "15", "points": "1", "wins": "0", "Driver": {"driverId": "hill", "url": "http://en.wikipedia.org/wiki/Graham_Hill", "givenName": "Graham", "familyName": "Hill", "dateOfBirth": "1929-02-15", "nationality": "British"}, "Constructors": [{"constructorId": "brm", "url": "http://en.wikipedia.org/wiki/BRM", "name": "BRM", "nationality": "British"}]}, {"position": "16", "positionText": "16", "points": "0", "wins": "0", "Driver": {"driverId": "trintignant", "url": "http://en.wikipedia.org/wiki/Maurice_Trintignant", "givenName": "Maurice", "familyName": "Trintignant", "dateOfBirth": "1917-10-30", "nationality": "French"}, "Constructors": [{"constructorId": "cooper-maserati", "url": "http://en.wikipedia.org/wiki/Cooper_Car_Company", "name": "Cooper-Maserati", "nationality": "British"}]}, {"position": "17", "positionText": "17", "points": "0", "wins": "0", "Driver": {"driverId": "allison", "url": "http://en.wikipedia.org/wiki/Cliff_Allison", "givenName": "Cliff", "familyName": "Allison", "dateOfBirth": "1932-02-08", "nationality": "British"}, "Constructors": [{"constructorId": "lotus-climax", "url": "http://en.wikipedia.org/wiki/Team_Lotus", "name": "Lotus-Climax", "nationality": "British"}]}, {"position": "18", "positionText": "18", "points": "0", "wins": "0", "Driver": {"driverId": "brooks", "url": "http://en.wikipedia.org/wiki/Tony_Brooks", "givenName": "Tony", "familyName": "Brooks", "dateOfBirth": "1932-02-25", "nationality": "British"}, "Constructors": [{"constructorId": "brm", "url": "http://en.wikipedia.org/wiki/BRM", "name": "BRM", "nationality": "British"}]}, {"position": "19", "positionText": "19", "points": "0", "wins": "0", "Driver": {"driverId": "lewis", "url": "http://en.wikipedia.org/wiki/Jackie_Lewis", "givenName": "Jackie", "familyName": "Lewis", "dateOfBirth": "1936-11-01", "nationality": "British"}, "Constructors": [{"constructorId": "cooper-climax", "url": "http://en.wikipedia.org/wiki/Cooper_Car_Company", "name": "Cooper-Climax", "nationality": "British"}]}, {"position": "20", "positionText": "20", "points": "0", "wins": "0", "Driver": {"driverId": "herrmann", "url": "http://en.wikipedia.org/wiki/Hans_Herrmann", "givenName": "Hans", "familyName": "Herrmann", "dateOfBirth": "1928-02-23", "nationality": "German"}, "Constructors": [{"constructorId": "porsche", "url": "http://en.wikipedia.org/wiki/Porsche_in_Formula_One", "name": "Porsche", "nationality": "German"}]}, {"position": "21", "positionText": "21", "points": "0", "wins": "0", "Driver": {"driverId": "gregory", "url": "http://en.wikipedia.org/wiki/Masten_Gregory", "givenName": "Masten", "familyName": "Gregory", "dateOfBirth": "1932-02-29", "nationality": "American"}, "Constructors": [{"constructorId": "cooper-climax", "url": "http://en.wikipedia.org/wiki/Cooper_Car_Company", "name": "Cooper-Climax", "nationality": "British"}]}, {"position": "22", "positionText": "22", "points": "0", "wins": "0", "Driver": {"driverId": "henry_taylor", "url": "http://en.wikipedia.org/wiki/Henry_Taylor_(racing_driver)", "givenName": "Henry", "familyName": "Taylor", "dateOfBirth": "1932-12-16", "nationality": "British"}, "Constructors": [{"constructorId": "lotus-climax", "url": "http://en.wikipedia.org/wiki/Team_Lotus", "name": "Lotus-Climax", "nationality": "British"}]}, {"position": "23", "positionText": "23", "points": "0", "wins": "0", "Driver": {"driverId": "maggs", "url": "http://en.wikipedia.org/wiki/Tony_Maggs", "givenName": "Tony", "familyName": "Maggs", "dateOfBirth": "1937-02-09", "nationality": "South African"}, "Constructors": [{"constructorId": "lotus-climax", "url": "http://en.wikipedia.org/wiki/Team_Lotus", "name": "Lotus-Climax", "nationality": "British"}]}, {"position": "24", "positionText": "24", "points": "0", "wins": "0", "Driver": {"driverId": "beaufort", "url": "http://en.wikipedia.org/wiki/Carel_Godin_de_Beaufort", "givenName": "Carel Godin", "familyName": "de Beaufort", "dateOfBirth": "1934-04-10", "nationality": "Dutch"}, "Constructors": [{"constructorId": "porsche", "url": "http://en.wikipedia.org/wiki/Porsche_in_Formula_One", "name": "Porsche", "nationality": "German"}]}, {"position": "25", "positionText": "25", "points": "0", "wins": "0", "Driver": {"driverId": "may", "url": "http://en.wikipedia.org/wiki/Michael_May_(racing_driver)", "givenName": "Michael", "familyName": "May", "dateOfBirth": "1934-08-18", "nationality": "Swiss"}, "Constructors": [{"constructorId": "lotus-climax", "url": "http://en.wikipedia.org/wiki/Team_Lotus", "name": "Lotus-Climax", "nationality": "British"}]}, {"position": "26", "positionText": "26", "points": "0", "wins": "0", "Driver": {"driverId": "burgess", "url": "http://en.wikipedia.org/wiki/Ian_Burgess", "givenName": "Ian", "familyName": "Burgess", "dateOfBirth": "1930-07-06", "nationality": "British"}, "Constructors": [{"constructorId": "lotus-climax", "url": "http://en.wikipedia.org/wiki/Team_Lotus", "name": "Lotus-Climax", "nationality": "British"}, {"constructorId": "cooper-climax", "url": "http://en.wikipedia.org/wiki/Cooper_Car_Company", "name": "Cooper-Climax", "nationality": "British"}]}, {"position": "27", "positionText": "27", "points": "0", "wins": "0", "Driver": {"driverId": "bandini", "url": "http://en.wikipedia.org/wiki/Lorenzo_Bandini", "givenName": "Lorenzo", "familyName": "Bandini", "dateOfBirth": "1935-12-21", "nationality": "Italian"}, "Constructors": [{"constructorId": "cooper-maserati", "url": "http://en.wikipedia.org/wiki/Cooper_Car_Company", "name": "Cooper-Maserati", "nationality": "British"}]}, {"position": "28", "positionText": "28", "points": "0", "wins": "0", "Driver": {"driverId": "trevor_taylor", "url": "http://en.wikipedia.org/wiki/Trevor_Taylor", "givenName": "Trevor", "familyName": "Taylor", "dateOfBirth": "1936-12-26", "nationality": "British"}, "Constructors": [{"constructorId": "lotus-climax", "url": "http://en.wikipedia.org/wiki/Team_Lotus", "name": "Lotus-Climax", "nationality": "British"}]}, {"position": "29", "positionText": "29", "points": "0", "wins": "0", "Driver": {"driverId": "marsh", "url": "http://en.wikipedia.org/wiki/Tony_Marsh_(racing_driver)", "givenName": "Tony", "familyName": "Marsh", "dateOfBirth": "1931-07-20", "nationality": "British"}, "Constructors": [{"constructorId": "lotus-climax", "url": "http://en.wikipedia.org/wiki/Team_Lotus", "name": "Lotus-Climax", "nationality": "British"}]}, {"position": "30", "positionText": "30", "points": "0", "wins": "0", "Driver": {"driverId": "greene", "url": "http://en.wikipedia.org/wiki/Keith_Greene", "givenName": "Keith", "familyName": "Greene", "dateOfBirth": "1938-01-05", "nationality": "British"}, "Constructors": [{"constructorId": "gilby", "url": "http://en.wikipedia.org/wiki/Gilby", "name": "Gilby", "nationality": "British"}]}]}]}}}