{"MRData": {"xmlns": "http://ergast.com/mrd/1.5", "series": "f1", "url": "http://ergast.com/api/f1/1959/9/constructorstandings.json", "limit": "30", "offset": "0", "total": "16", "StandingsTable": {"season": "1959", "round": "9", "StandingsLists": [{"season": "1959", "round": "9", "ConstructorStandings": [{"position": "1", "positionText": "1", "points": "40", "wins": "5", "Constructor": {"constructorId": "cooper-climax", "url": "http://en.wikipedia.org/wiki/Cooper_Car_Company", "name": "Cooper-Climax", "nationality": "British"}}, {"position": "2", "positionText": "2", "points": "32", "wins": "2", "Constructor": {"constructorId": "ferrari", "url": "http://en.wikipedia.org/wiki/Scuderia_Ferrari", "name": "Ferrari", "nationality": "Italian"}}, {"position": "3", "positionText": "3", "points": "18", "wins": "1", "Constructor": {"constructorId": "brm", "url": "http://en.wikipedia.org/wiki/BRM", "name": "BRM", "nationality": "British"}}, {"position": "4", "positionText": "4", "points": "5", "wins": "0", "Constructor": {"constructorId": "team_lotus", "url": "http://en.wikipedia.org/wiki/Team_Lotus", "name": "Team Lotus", "nationality": "British"}}, {"position": "5", "positionText": "5", "points": "0", "wins": "0", "Constructor": {"constructorId": "aston_martin", "url": "http://en.wikipedia.org/wiki/Aston_Martin_in_Formula_One", "name": "Aston Martin", "nationality": "British"}}, {"position": "6", "positionText": "6", "points": "0", "wins": "0", "Constructor": {"constructorId": "cooper-maserati", "url": "http://en.wikipedia.org/wiki/Cooper_Car_Company", "name": "Cooper-Maserati", "nationality": "British"}}, {"position": "7", "positionText": "7", "points": "0", "wins": "0", "Constructor": {"constructorId": "kurtis_kraft", "url": "http://en.wikipedia.org/wiki/Kurtis_Kraft", "name": "Kurtis Kraft", "nationality": "American"}}, {"position": "8", "positionText": "8", "points": "0", "wins": "0", "Constructor": {"constructorId": "porsche", "url": "http://en.wikipedia.org/wiki/Porsche_in_Formula_One", "name": "Porsche", "nationality": "German"}}, {"position": "9", "positionText": "9", "points": "0", "wins": "0", "Constructor": {"constructorId": "maserati", "url": "http://en.wikipedia.org/wiki/Maserati", "name": "Maserati", "nationality": "Italian"}}, {"position": "10", "positionText": "10", "points": "0", "wins": "0", "Constructor": {"constructorId": "cooper-borgward", "url": "http://en.wikipedia.org/wiki/Cooper_Car_Company", "name": "Cooper-Borgward", "nationality": "British"}}, {"position": "11", "positionText": "11", "points": "0", "wins": "0", "Constructor": {"constructorId": "cooper-osca", "url": "http://en.wikipedia.org/wiki/Cooper_Car_Company", "name": "Cooper-OSCA", "nationality": "British"}}, {"position": "12", "positionText": "12", "points": "0", "wins": "0", "Constructor": {"constructorId": "tec-mec", "url": "http://en.wikipedia.org/wiki/Tec-Mec", "name": "Tec-Mec", "nationality": "Italian"}}, {"position": "13", "positionText": "13", "points": "0", "wins": "0", "Constructor": {"constructorId": "connaught", "url": "http://en.wikipedia.org/wiki/Connaught_Engineering", "name": "Connaught", "nationality": "British"}}, {"position": "14", "positionText": "14", "points": "0", "wins": "0", "Constructor": {"constructorId": "jbw", "url": "http://en.wikipedia.org/wiki/JBW", "name": "JBW", "nationality": "British"}}, {"position": "15", "positionText": "15", "points": "0", "wins": "0", "Constructor": {"constructorId": "vanwall", "url": "http://en.wikipedia.org/wiki/Vanwall", "name": "Vanwall", "nationality": "British"}}, {"position": "16", "positionText": "16", "points": "0", "wins": "0", "Constructor": {"constructorId": "fry", "url": "http://en.wikipedia.org/wiki/Fry_(racing_team)", "name": "Fry", "nationality": "British"}}]}]}}}