{"MRData": {"xmlns": "http://ergast.com/mrd/1.5", "series": "f1", "url": "http://ergast.com/api/f1/1959/8/results.json", "limit": "30", "offset": "0", "total": "21", "RaceTable": {"season": "1959", "round": "8", "Races": [{"season": "1959", "round": "8", "url": "http://en.wikipedia.org/wiki/1959_Italian_Grand_Prix", "raceName": "Italian Grand Prix", "Circuit": {"circuitId": "monza", "url": "http://en.wikipedia.org/wiki/Autodromo_Nazionale_Monza", "circuitName": "Autodromo Nazionale di Monza", "Location": {"lat": "45.6156", "long": "9.28111", "locality": "Monza", "country": "Italy"}}, "date": "1959-09-13", "Results": [{"number": "14", "position": "1", "positionText": "1", "points": "8", "Driver": {"driverId": "moss", "url": "http://en.wikipedia.org/wiki/Stirling_Moss", "givenName": "Stirling", "familyName": "Moss", "dateOfBirth": "1929-09-17", "nationality": "British"}, "Constructor": {"constructorId": "cooper-climax", "url": "http://en.wikipedia.org/wiki/Cooper_Car_Company", "name": "Cooper-Climax", "nationality": "British"}, "grid": "1", "laps": "72", "status": "Finished", "Time": {"millis": "7445400", "time": "2:04:05.4"}}, {"number": "32", "position": "2", "positionText": "2", "points": "7", "Driver": {"driverId": "phil_hill", "url": "http://en.wikipedia.org/wiki/Phil_Hill", "givenName": "Phil", "familyName": "Hill", "dateOfBirth": "1927-04-20", "nationality": "American"}, "Constructor": {"constructorId": "ferrari", "url": "http://en.wikipedia.org/wiki/Scuderia_Ferrari", "name": "Ferrari", "nationality": "Italian"}, "grid": "5", "laps": "72", "status": "Finished", "Time": {"millis": "7492100", "time": "+46.7"}}, {"number": "12", "position": "3", "positionText": "3", "points": "4", "Driver": {"driverId": "jack_brabham", "url": "http://en.wikipedia.org/wiki/Jack_Brabham", "givenName": "Jack", "familyName": "Brabham", "dateOfBirth": "1926-04-02", "nationality": "Australian"}, "Constructor": {"constructorId": "cooper-climax", "url": "http://en.wikipedia.org/wiki/Cooper_Car_Company", "name": "Cooper-Climax", "nationality": "British"}, "grid": "3", "laps": "72", "status": "Finished", "Time": {"millis": "7517900", "time": "+1:12.5"}}, {"number": "36", "position": "4", "positionText": "4", "points": "3", "Driver": {"driverId": "gurney", "url": "http://en.wikipedia.org/wiki/Dan_Gurney", "givenName": "Dan", "familyName": "Gurney", "dateOfBirth": "1931-04-13", "nationality": "American"}, "Constructor": {"constructorId": "ferrari", "url": "http://en.wikipedia.org/wiki/Scuderia_Ferrari", "name": "Ferrari", "nationality": "Italian"}, "grid": "4", "laps": "72", "status": "Finished", "Time": {"millis": "7525000", "time": "+1:19.6"}}, {"number": "34", "position": "5", "positionText": "5", "points": "2", "Driver": {"driverId": "allison", "url": "http://en.wikipedia.org/wiki/Cliff_Allison", "givenName": "Cliff", "familyName": "Allison", "dateOfBirth": "1932-02-08", "nationality": "British"}, "Constructor": {"constructorId": "ferrari", "url": "http://en.wikipedia.org/wiki/Scuderia_Ferrari", "name": "Ferrari", "nationality": "Italian"}, "grid": "8", "laps": "71", "status": "+1 Lap"}, {"number": "38", "position": "6", "positionText": "6", "points": "0", "Driver": {"driverId": "gendebien", "url": "http://en.wikipedia.org/wiki/Olivier_Gendebien", "givenName": "Olivier", "familyName": "Gendebien", "dateOfBirth": "1924-01-12", "nationality": "Belgian"}, "Constructor": {"constructorId": "ferrari", "url": "http://en.wikipedia.org/wiki/Scuderia_Ferrari", "name": "Ferrari", "nationality": "Italian"}, "grid": "6", "laps": "71", "status": "+1 Lap"}, {"number": "2", "position": "7", "positionText": "7", "points": "0", "Driver": {"driverId": "schell", "url": "http://en.wikipedia.org/wiki/Harry_Schell", "givenName": "Harry", "familyName": "Schell", "dateOfBirth": "1921-06-29", "nationality": "American"}, "Constructor": {"constructorId": "brm", "url": "http://en.wikipedia.org/wiki/BRM", "name": "BRM", "nationality": "British"}, "grid": "7", "laps": "70", "status": "+2 Laps"}, {"number": "6", "position": "8", "positionText": "8", "points": "0", "Driver": {"driverId": "bonnier", "url": "http://en.wikipedia.org/wiki/Joakim_Bonnier", "givenName": "Jo", "familyName": "Bonnier", "dateOfBirth": "1930-01-31", "nationality": "Swedish"}, "Constructor": {"constructorId": "brm", "url": "http://en.wikipedia.org/wiki/BRM", "name": "BRM", "nationality": "British"}, "grid": "11", "laps": "70", "status": "+2 Laps"}, {"number": "16", "position": "9", "positionText": "9", "points": "0", "Driver": {"driverId": "trintignant", "url": "http://en.wikipedia.org/wiki/Maurice_Trintignant", "givenName": "Maurice", "familyName": "Trintignant", "dateOfBirth": "1917-10-30", "nationality": "French"}, "Constructor": {"constructorId": "cooper-climax", "url": "http://en.wikipedia.org/wiki/Cooper_Car_Company", "name": "Cooper-Climax", "nationality": "British"}, "grid": "13", "laps": "70", "status": "+2 Laps"}, {"number": "26", "position": "10", "positionText": "10", "points": "0", "Driver": {"driverId": "shelby", "url": "http://en.wikipedia.org/wiki/Carroll_Shelby", "givenName": "Carroll", "familyName": "Shelby", "dateOfBirth": "1923-01-11", "nationality": "American"}, "Constructor": {"constructorId": "aston_martin", "url": "http://en.wikipedia.org/wiki/Aston_Martin_in_Formula_One", "name": "Aston Martin", "nationality": "British"}, "grid": "19", "laps": "70", "status": "+2 Laps"}, {"number": "40", "position": "11", "positionText": "11", "points": "0", "Driver": {"driverId": "davis", "url": "http://en.wikipedia.org/wiki/Colin_Davis_(driver)", "givenName": "Colin", "familyName": "Davis", "dateOfBirth": "1933-07-29", "nationality": "British"}, "Constructor": {"constructorId": "cooper-maserati", "url": "http://en.wikipedia.org/wiki/Cooper_Car_Company", "name": "Cooper-Maserati", "nationality": "British"}, "grid": "18", "laps": "68", "status": "+4 Laps"}, {"number": "10", "position": "12", "positionText": "12", "points": "0", "Driver": {"driverId": "scarlatti", "url": "http://en.wikipedia.org/wiki/Giorgio_Scarlatti", "givenName": "Giorgio", "familyName": "Scarlatti", "dateOfBirth": "1921-10-02", "nationality": "Italian"}, "Constructor": {"constructorId": "cooper-climax", "url": "http://en.wikipedia.org/wiki/Cooper_Car_Company", "name": "Cooper-Climax", "nationality": "British"}, "grid": "12", "laps": "68", "status": "+4 Laps"}, {"number": "4", "position": "13", "positionText": "13", "points": "0", "Driver": {"driverId": "flockhart", "url": "http://en.wikipedia.org/wiki/Ron_Flockhart_(auto_racing)", "givenName": "Ron", "familyName": "Flockhart", "dateOfBirth": "1923-06-16", "nationality": "British"}, "Constructor": {"constructorId": "brm", "url": "http://en.wikipedia.org/wiki/BRM", "name": "BRM", "nationality": "British"}, "grid": "15", "laps": "67", "status": "+5 Laps"}, {"number": "42", "position": "14", "positionText": "14", "points": "0", "Driver": {"driverId": "burgess", "url": "http://en.wikipedia.org/wiki/Ian_Burgess", "givenName": "Ian", "familyName": "Burgess", "dateOfBirth": "1930-07-06", "nationality": "British"}, "Constructor": {"constructorId": "cooper-maserati", "url": "http://en.wikipedia.org/wiki/Cooper_Car_Company", "name": "Cooper-Maserati", "nationality": "British"}, "grid": "16", "laps": "67", "status": "+5 Laps"}, {"number": "28", "position": "15", "positionText": "15", "points": "0", "Driver": {"driverId": "cabianca", "url": "http://en.wikipedia.org/wiki/Giulio_Cabianca", "givenName": "Giulio", "familyName": "Cabianca", "dateOfBirth": "1923-02-19", "nationality": "Italian"}, "Constructor": {"constructorId": "maserati", "url": "http://en.wikipedia.org/wiki/Maserati", "name": "Maserati", "nationality": "Italian"}, "grid": "21", "laps": "64", "status": "+8 Laps"}, {"number": "24", "position": "16", "positionText": "R", "points": "0", "Driver": {"driverId": "salvadori", "url": "http://en.wikipedia.org/wiki/Roy_Salvadori", "givenName": "Roy", "familyName": "Salvadori", "dateOfBirth": "1922-05-12", "nationality": "British"}, "Constructor": {"constructorId": "aston_martin", "url": "http://en.wikipedia.org/wiki/Aston_Martin_in_Formula_One", "name": "Aston Martin", "nationality": "British"}, "grid": "17", "laps": "44", "status": "Engine"}, {"number": "8", "position": "17", "positionText": "R", "points": "0", "Driver": {"driverId": "mclaren", "url": "http://en.wikipedia.org/wiki/Bruce_McLaren", "givenName": "Bruce", "familyName": "McLaren", "dateOfBirth": "1937-08-30", "nationality": "New Zealander"}, "Constructor": {"constructorId": "cooper-climax", "url": "http://en.wikipedia.org/wiki/Cooper_Car_Company", "name": "Cooper-Climax", "nationality": "British"}, "grid": "9", "laps": "22", "status": "Engine"}, {"number": "22", "position": "18", "positionText": "R", "points": "0", "Driver": {"driverId": "fairman", "url": "http://en.wikipedia.org/wiki/Jack_Fairman", "givenName": "Jack", "familyName": "Fairman", "dateOfBirth": "1913-03-15", "nationality": "British"}, "Constructor": {"constructorId": "cooper-maserati", "url": "http://en.wikipedia.org/wiki/Cooper_Car_Company", "name": "Cooper-Maserati", "nationality": "British"}, "grid": "12", "laps": "18", "status": "Engine"}, {"number": "20", "position": "19", "positionText": "R", "points": "0", "Driver": {"driverId": "ireland", "url": "http://en.wikipedia.org/wiki/Innes_Ireland", "givenName": "Innes", "familyName": "Ireland", "dateOfBirth": "1930-06-12", "nationality": "British"}, "Constructor": {"constructorId": "team_lotus", "url": "http://en.wikipedia.org/wiki/Team_Lotus", "name": "Team Lotus", "nationality": "British"}, "grid": "14", "laps": "14", "status": "Brakes"}, {"number": "18", "position": "20", "positionText": "R", "points": "0", "Driver": {"driverId": "hill", "url": "http://en.wikipedia.org/wiki/Graham_Hill", "givenName": "Graham", "familyName": "Hill", "dateOfBirth": "1929-02-15", "nationality": "British"}, "Constructor": {"constructorId": "team_lotus", "url": "http://en.wikipedia.org/wiki/Team_Lotus", "name": "Team Lotus", "nationality": "British"}, "grid": "10", "laps": "1", "status": "Clutch"}, {"number": "30", "position": "21", "positionText": "R", "points": "0", "Driver": {"driverId": "brooks", "url": "http://en.wikipedia.org/wiki/Tony_Brooks", "givenName": "Tony", "familyName": "Brooks", "dateOfBirth": "1932-02-25", "nationality": "British"}, "Constructor": {"constructorId": "ferrari", "url": "http://en.wikipedia.org/wiki/Scuderia_Ferrari", "name": "Ferrari", "nationality": "Italian"}, "grid": "2", "laps": "0", "status": "Clutch"}]}]}}}