{"MRData": {"xmlns": "http://ergast.com/mrd/1.5", "series": "f1", "url": "http://ergast.com/api/f1/1959/6/results.json", "limit": "30", "offset": "0", "total": "15", "RaceTable": {"season": "1959", "round": "6", "Races": [{"season": "1959", "round": "6", "url": "http://en.wikipedia.org/wiki/1959_German_Grand_Prix", "raceName": "German Grand Prix", "Circuit": {"circuitId": "avus", "url": "http://en.wikipedia.org/wiki/AVUS", "circuitName": "AVUS", "Location": {"lat": "52.4806", "long": "13.2514", "locality": "Berlin", "country": "Germany"}}, "date": "1959-08-02", "Results": [{"number": "4", "position": "1", "positionText": "1", "points": "9", "Driver": {"driverId": "brooks", "url": "http://en.wikipedia.org/wiki/Tony_Brooks", "givenName": "Tony", "familyName": "Brooks", "dateOfBirth": "1932-02-25", "nationality": "British"}, "Constructor": {"constructorId": "ferrari", "url": "http://en.wikipedia.org/wiki/Scuderia_Ferrari", "name": "Ferrari", "nationality": "Italian"}, "grid": "1", "laps": "60", "status": "Finished", "Time": {"millis": "7771600", "time": "2:09:31.6"}}, {"number": "6", "position": "2", "positionText": "2", "points": "6", "Driver": {"driverId": "gurney", "url": "http://en.wikipedia.org/wiki/Dan_Gurney", "givenName": "Dan", "familyName": "Gurney", "dateOfBirth": "1931-04-13", "nationality": "American"}, "Constructor": {"constructorId": "ferrari", "url": "http://en.wikipedia.org/wiki/Scuderia_Ferrari", "name": "Ferrari", "nationality": "Italian"}, "grid": "3", "laps": "60", "status": "Finished", "Time": {"millis": "7774500", "time": "+2.9"}}, {"number": "5", "position": "3", "positionText": "3", "points": "4", "Driver": {"driverId": "phil_hill", "url": "http://en.wikipedia.org/wiki/Phil_Hill", "givenName": "Phil", "familyName": "Hill", "dateOfBirth": "1927-04-20", "nationality": "American"}, "Constructor": {"constructorId": "ferrari", "url": "http://en.wikipedia.org/wiki/Scuderia_Ferrari", "name": "Ferrari", "nationality": "Italian"}, "grid": "6", "laps": "60", "status": "Finished", "Time": {"millis": "7836400", "time": "+1:04.8"}}, {"number": "8", "position": "4", "positionText": "4", "points": "3", "Driver": {"driverId": "trintignant", "url": "http://en.wikipedia.org/wiki/Maurice_Trintignant", "givenName": "Maurice", "familyName": "Trintignant", "dateOfBirth": "1917-10-30", "nationality": "French"}, "Constructor": {"constructorId": "cooper-climax", "url": "http://en.wikipedia.org/wiki/Cooper_Car_Company", "name": "Cooper-Climax", "nationality": "British"}, "grid": "12", "laps": "59", "status": "+1 Lap"}, {"number": "9", "position": "5", "positionText": "5", "points": "2", "Driver": {"driverId": "bonnier", "url": "http://en.wikipedia.org/wiki/Joakim_Bonnier", "givenName": "Jo", "familyName": "Bonnier", "dateOfBirth": "1930-01-31", "nationality": "Swedish"}, "Constructor": {"constructorId": "brm", "url": "http://en.wikipedia.org/wiki/BRM", "name": "BRM", "nationality": "British"}, "grid": "7", "laps": "58", "status": "+2 Laps"}, {"number": "18", "position": "6", "positionText": "6", "points": "0", "Driver": {"driverId": "burgess", "url": "http://en.wikipedia.org/wiki/Ian_Burgess", "givenName": "Ian", "familyName": "Burgess", "dateOfBirth": "1930-07-06", "nationality": "British"}, "Constructor": {"constructorId": "cooper-maserati", "url": "http://en.wikipedia.org/wiki/Cooper_Car_Company", "name": "Cooper-Maserati", "nationality": "British"}, "grid": "15", "laps": "56", "status": "+4 Laps"}, {"number": "10", "position": "7", "positionText": "7", "points": "0", "Driver": {"driverId": "schell", "url": "http://en.wikipedia.org/wiki/Harry_Schell", "givenName": "Harry", "familyName": "Schell", "dateOfBirth": "1921-06-29", "nationality": "American"}, "Constructor": {"constructorId": "brm", "url": "http://en.wikipedia.org/wiki/BRM", "name": "BRM", "nationality": "British"}, "grid": "8", "laps": "49", "status": "+11 Laps"}, {"number": "2", "position": "8", "positionText": "R", "points": "0", "Driver": {"driverId": "mclaren", "url": "http://en.wikipedia.org/wiki/Bruce_McLaren", "givenName": "Bruce", "familyName": "McLaren", "dateOfBirth": "1937-08-30", "nationality": "New Zealander"}, "Constructor": {"constructorId": "cooper-climax", "url": "http://en.wikipedia.org/wiki/Cooper_Car_Company", "name": "Cooper-Climax", "nationality": "British"}, "grid": "9", "laps": "36", "status": "Transmission"}, {"number": "11", "position": "9", "positionText": "R", "points": "0", "Driver": {"driverId": "herrmann", "url": "http://en.wikipedia.org/wiki/Hans_Herrmann", "givenName": "Hans", "familyName": "Herrmann", "dateOfBirth": "1928-02-23", "nationality": "German"}, "Constructor": {"constructorId": "brm", "url": "http://en.wikipedia.org/wiki/BRM", "name": "BRM", "nationality": "British"}, "grid": "11", "laps": "36", "status": "Accident"}, {"number": "3", "position": "10", "positionText": "R", "points": "0", "Driver": {"driverId": "gregory", "url": "http://en.wikipedia.org/wiki/Masten_Gregory", "givenName": "Masten", "familyName": "Gregory", "dateOfBirth": "1932-02-29", "nationality": "American"}, "Constructor": {"constructorId": "cooper-climax", "url": "http://en.wikipedia.org/wiki/Cooper_Car_Company", "name": "Cooper-Climax", "nationality": "British"}, "grid": "5", "laps": "23", "status": "Engine"}, {"number": "1", "position": "11", "positionText": "R", "points": "0", "Driver": {"driverId": "jack_brabham", "url": "http://en.wikipedia.org/wiki/Jack_Brabham", "givenName": "Jack", "familyName": "Brabham", "dateOfBirth": "1926-04-02", "nationality": "Australian"}, "Constructor": {"constructorId": "cooper-climax", "url": "http://en.wikipedia.org/wiki/Cooper_Car_Company", "name": "Cooper-Climax", "nationality": "British"}, "grid": "4", "laps": "15", "status": "Transmission"}, {"number": "16", "position": "12", "positionText": "R", "points": "0", "Driver": {"driverId": "hill", "url": "http://en.wikipedia.org/wiki/Graham_Hill", "givenName": "Graham", "familyName": "Hill", "dateOfBirth": "1929-02-15", "nationality": "British"}, "Constructor": {"constructorId": "team_lotus", "url": "http://en.wikipedia.org/wiki/Team_Lotus", "name": "Team Lotus", "nationality": "British"}, "grid": "10", "laps": "10", "status": "Gearbox"}, {"number": "15", "position": "13", "positionText": "R", "points": "0", "Driver": {"driverId": "ireland", "url": "http://en.wikipedia.org/wiki/Innes_Ireland", "givenName": "Innes", "familyName": "Ireland", "dateOfBirth": "1930-06-12", "nationality": "British"}, "Constructor": {"constructorId": "team_lotus", "url": "http://en.wikipedia.org/wiki/Team_Lotus", "name": "Team Lotus", "nationality": "British"}, "grid": "13", "laps": "7", "status": "Differential"}, {"number": "17", "position": "14", "positionText": "R", "points": "0", "Driver": {"driverId": "allison", "url": "http://en.wikipedia.org/wiki/Cliff_Allison", "givenName": "Cliff", "familyName": "Allison", "dateOfBirth": "1932-02-08", "nationality": "British"}, "Constructor": {"constructorId": "ferrari", "url": "http://en.wikipedia.org/wiki/Scuderia_Ferrari", "name": "Ferrari", "nationality": "Italian"}, "grid": "14", "laps": "2", "status": "Clutch"}, {"number": "7", "position": "15", "positionText": "R", "points": "0", "Driver": {"driverId": "moss", "url": "http://en.wikipedia.org/wiki/Stirling_Moss", "givenName": "Stirling", "familyName": "Moss", "dateOfBirth": "1929-09-17", "nationality": "British"}, "Constructor": {"constructorId": "cooper-climax", "url": "http://en.wikipedia.org/wiki/Cooper_Car_Company", "name": "Cooper-Climax", "nationality": "British"}, "grid": "2", "laps": "1", "status": "Transmission"}]}]}}}