{"MRData": {"xmlns": "http://ergast.com/mrd/1.5", "series": "f1", "url": "http://ergast.com/api/f1/1959/9/results.json", "limit": "30", "offset": "0", "total": "19", "RaceTable": {"season": "1959", "round": "9", "Races": [{"season": "1959", "round": "9", "url": "http://en.wikipedia.org/wiki/1959_United_States_Grand_Prix", "raceName": "United States Grand Prix", "Circuit": {"circuitId": "sebring", "url": "http://en.wikipedia.org/wiki/Sebring_Raceway", "circuitName": "Sebring International Raceway", "Location": {"lat": "27.4547", "long": "-81.3483", "locality": "Florida", "country": "USA"}}, "date": "1959-12-12", "Results": [{"number": "9", "position": "1", "positionText": "1", "points": "8", "Driver": {"driverId": "mclaren", "url": "http://en.wikipedia.org/wiki/Bruce_McLaren", "givenName": "Bruce", "familyName": "McLaren", "dateOfBirth": "1937-08-30", "nationality": "New Zealander"}, "Constructor": {"constructorId": "cooper-climax", "url": "http://en.wikipedia.org/wiki/Cooper_Car_Company", "name": "Cooper-Climax", "nationality": "British"}, "grid": "10", "laps": "42", "status": "Finished", "Time": {"millis": "7955700", "time": "2:12:35.7"}}, {"number": "6", "position": "2", "positionText": "2", "points": "7", "Driver": {"driverId": "trintignant", "url": "http://en.wikipedia.org/wiki/Maurice_Trintignant", "givenName": "Maurice", "familyName": "Trintignant", "dateOfBirth": "1917-10-30", "nationality": "French"}, "Constructor": {"constructorId": "cooper-climax", "url": "http://en.wikipedia.org/wiki/Cooper_Car_Company", "name": "Cooper-Climax", "nationality": "British"}, "grid": "5", "laps": "42", "status": "Finished", "Time": {"millis": "7956300", "time": "+0.6"}}, {"number": "2", "position": "3", "positionText": "3", "points": "4", "Driver": {"driverId": "brooks", "url": "http://en.wikipedia.org/wiki/Tony_Brooks", "givenName": "Tony", "familyName": "Brooks", "dateOfBirth": "1932-02-25", "nationality": "British"}, "Constructor": {"constructorId": "ferrari", "url": "http://en.wikipedia.org/wiki/Scuderia_Ferrari", "name": "Ferrari", "nationality": "Italian"}, "grid": "4", "laps": "42", "status": "Finished", "Time": {"millis": "8136600", "time": "+3:00.9"}}, {"number": "8", "position": "4", "positionText": "4", "points": "3", "Driver": {"driverId": "jack_brabham", "url": "http://en.wikipedia.org/wiki/Jack_Brabham", "givenName": "Jack", "familyName": "Brabham", "dateOfBirth": "1926-04-02", "nationality": "Australian"}, "Constructor": {"constructorId": "cooper-climax", "url": "http://en.wikipedia.org/wiki/Cooper_Car_Company", "name": "Cooper-Climax", "nationality": "British"}, "grid": "2", "laps": "42", "status": "Finished", "Time": {"millis": "8253000", "time": "+4:57.3"}}, {"number": "10", "position": "5", "positionText": "5", "points": "2", "Driver": {"driverId": "ireland", "url": "http://en.wikipedia.org/wiki/Innes_Ireland", "givenName": "Innes", "familyName": "Ireland", "dateOfBirth": "1930-06-12", "nationality": "British"}, "Constructor": {"constructorId": "team_lotus", "url": "http://en.wikipedia.org/wiki/Team_Lotus", "name": "Team Lotus", "nationality": "British"}, "grid": "9", "laps": "39", "status": "+3 Laps"}, {"number": "4", "position": "6", "positionText": "6", "points": "0", "Driver": {"driverId": "trips", "url": "http://en.wikipedia.org/wiki/Wolfgang_Graf_Berghe_von_Trips", "givenName": "Wolfgang", "familyName": "von Trips", "dateOfBirth": "1928-05-04", "nationality": "German"}, "Constructor": {"constructorId": "ferrari", "url": "http://en.wikipedia.org/wiki/Scuderia_Ferrari", "name": "Ferrari", "nationality": "Italian"}, "grid": "6", "laps": "38", "status": "Engine"}, {"number": "17", "position": "7", "positionText": "7", "points": "0", "Driver": {"driverId": "blanchard", "url": "http://en.wikipedia.org/wiki/Harry_Blanchard", "givenName": "Harry", "familyName": "Blanchard", "dateOfBirth": "1929-06-13", "nationality": "American"}, "Constructor": {"constructorId": "porsche", "url": "http://en.wikipedia.org/wiki/Porsche_in_Formula_One", "name": "Porsche", "nationality": "German"}, "grid": "16", "laps": "38", "status": "+4 Laps"}, {"number": "3", "position": "8", "positionText": "R", "points": "0", "Driver": {"driverId": "allison", "url": "http://en.wikipedia.org/wiki/Cliff_Allison", "givenName": "Cliff", "familyName": "Allison", "dateOfBirth": "1932-02-08", "nationality": "British"}, "Constructor": {"constructorId": "ferrari", "url": "http://en.wikipedia.org/wiki/Scuderia_Ferrari", "name": "Ferrari", "nationality": "Italian"}, "grid": "11", "laps": "23", "status": "Transmission"}, {"number": "12", "position": "9", "positionText": "R", "points": "0", "Driver": {"driverId": "salvadori", "url": "http://en.wikipedia.org/wiki/Roy_Salvadori", "givenName": "Roy", "familyName": "Salvadori", "dateOfBirth": "1922-05-12", "nationality": "British"}, "Constructor": {"constructorId": "cooper-maserati", "url": "http://en.wikipedia.org/wiki/Cooper_Car_Company", "name": "Cooper-Maserati", "nationality": "British"}, "grid": "11", "laps": "23", "status": "Transmission"}, {"number": "1", "position": "10", "positionText": "R", "points": "0", "Driver": {"driverId": "ward", "url": "http://en.wikipedia.org/wiki/Rodger_Ward", "givenName": "Rodger", "familyName": "Ward", "dateOfBirth": "1921-01-10", "nationality": "American"}, "Constructor": {"constructorId": "kurtis_kraft", "url": "http://en.wikipedia.org/wiki/Kurtis_Kraft", "name": "Kurtis Kraft", "nationality": "American"}, "grid": "19", "laps": "20", "status": "Clutch"}, {"number": "14", "position": "11", "positionText": "R", "points": "0", "Driver": {"driverId": "tomaso", "url": "http://en.wikipedia.org/wiki/Alessandro_de_Tomaso", "givenName": "Alessandro", "familyName": "de Tomaso", "dateOfBirth": "1928-07-10", "nationality": "Argentine-Italian"}, "Constructor": {"constructorId": "cooper-osca", "url": "http://en.wikipedia.org/wiki/Cooper_Car_Company", "name": "Cooper-OSCA", "nationality": "British"}, "grid": "14", "laps": "13", "status": "Brakes"}, {"number": "5", "position": "12", "positionText": "R", "points": "0", "Driver": {"driverId": "phil_hill", "url": "http://en.wikipedia.org/wiki/Phil_Hill", "givenName": "Phil", "familyName": "Hill", "dateOfBirth": "1927-04-20", "nationality": "American"}, "Constructor": {"constructorId": "ferrari", "url": "http://en.wikipedia.org/wiki/Scuderia_Ferrari", "name": "Ferrari", "nationality": "Italian"}, "grid": "8", "laps": "8", "status": "Clutch"}, {"number": "15", "position": "13", "positionText": "R", "points": "0", "Driver": {"driverId": "orey", "url": "http://en.wikipedia.org/wiki/Fritz_d%27Orey", "givenName": "Fritz", "familyName": "d'Orey", "dateOfBirth": "1938-03-25", "nationality": "Brazilian"}, "Constructor": {"constructorId": "tec-mec", "url": "http://en.wikipedia.org/wiki/Tec-Mec", "name": "Tec-Mec", "nationality": "Italian"}, "grid": "17", "laps": "6", "status": "Oil leak"}, {"number": "7", "position": "14", "positionText": "R", "points": "0", "Driver": {"driverId": "moss", "url": "http://en.wikipedia.org/wiki/Stirling_Moss", "givenName": "Stirling", "familyName": "Moss", "dateOfBirth": "1929-09-17", "nationality": "British"}, "Constructor": {"constructorId": "cooper-climax", "url": "http://en.wikipedia.org/wiki/Cooper_Car_Company", "name": "Cooper-Climax", "nationality": "British"}, "grid": "1", "laps": "5", "status": "Transmission"}, {"number": "19", "position": "15", "positionText": "R", "points": "0", "Driver": {"driverId": "schell", "url": "http://en.wikipedia.org/wiki/Harry_Schell", "givenName": "Harry", "familyName": "Schell", "dateOfBirth": "1921-06-29", "nationality": "American"}, "Constructor": {"constructorId": "cooper-climax", "url": "http://en.wikipedia.org/wiki/Cooper_Car_Company", "name": "Cooper-Climax", "nationality": "British"}, "grid": "3", "laps": "5", "status": "Clutch"}, {"number": "16", "position": "16", "positionText": "R", "points": "0", "Driver": {"driverId": "constantine", "url": "http://en.wikipedia.org/wiki/George_Constantine", "givenName": "George", "familyName": "Constantine", "dateOfBirth": "1918-02-22", "nationality": "American"}, "Constructor": {"constructorId": "cooper-borgward", "url": "http://en.wikipedia.org/wiki/Cooper_Car_Company", "name": "Cooper-Borgward", "nationality": "British"}, "grid": "15", "laps": "5", "status": "Overheating"}, {"number": "11", "position": "17", "positionText": "R", "points": "0", "Driver": {"driverId": "stacey", "url": "http://en.wikipedia.org/wiki/Alan_Stacey", "givenName": "Alan", "familyName": "Stacey", "dateOfBirth": "1933-08-29", "nationality": "British"}, "Constructor": {"constructorId": "team_lotus", "url": "http://en.wikipedia.org/wiki/Team_Lotus", "name": "Team Lotus", "nationality": "British"}, "grid": "12", "laps": "2", "status": "Clutch"}, {"number": "18", "position": "18", "positionText": "R", "points": "0", "Driver": {"driverId": "said", "url": "http://en.wikipedia.org/wiki/Bob_Said", "givenName": "Bob", "familyName": "Said", "dateOfBirth": "1932-05-05", "nationality": "American"}, "Constructor": {"constructorId": "connaught", "url": "http://en.wikipedia.org/wiki/Connaught_Engineering", "name": "Connaught", "nationality": "British"}, "grid": "13", "laps": "0", "status": "Accident"}, {"number": "22", "position": "19", "positionText": "W", "points": "0", "Driver": {"driverId": "cade", "url": "http://en.wikipedia.org/wiki/Phil_Cade", "givenName": "Phil", "familyName": "Cade", "dateOfBirth": "1916-06-12", "nationality": "American"}, "Constructor": {"constructorId": "maserati", "url": "http://en.wikipedia.org/wiki/Maserati", "name": "Maserati", "nationality": "Italian"}, "grid": "0", "laps": "0", "status": "Withdrew"}]}]}}}