{"MRData": {"xmlns": "http://ergast.com/mrd/1.5", "series": "f1", "url": "http://ergast.com/api/f1/1959/1/results.json", "limit": "30", "offset": "0", "total": "24", "RaceTable": {"season": "1959", "round": "1", "Races": [{"season": "1959", "round": "1", "url": "http://en.wikipedia.org/wiki/1959_Monaco_Grand_Prix", "raceName": "Monaco Grand Prix", "Circuit": {"circuitId": "monaco", "url": "http://en.wikipedia.org/wiki/Circuit_de_Monaco", "circuitName": "Circuit de Monaco", "Location": {"lat": "43.7347", "long": "7.42056", "locality": "Monte-Carlo", "country": "Monaco"}}, "date": "1959-05-10", "Results": [{"number": "24", "position": "1", "positionText": "1", "points": "9", "Driver": {"driverId": "jack_brabham", "url": "http://en.wikipedia.org/wiki/Jack_Brabham", "givenName": "Jack", "familyName": "Brabham", "dateOfBirth": "1926-04-02", "nationality": "Australian"}, "Constructor": {"constructorId": "cooper-climax", "url": "http://en.wikipedia.org/wiki/Cooper_Car_Company", "name": "Cooper-Climax", "nationality": "British"}, "grid": "3", "laps": "100", "status": "Finished", "Time": {"millis": "10551300", "time": "2:55:51.3"}}, {"number": "50", "position": "2", "positionText": "2", "points": "6", "Driver": {"driverId": "brooks", "url": "http://en.wikipedia.org/wiki/Tony_Brooks", "givenName": "Tony", "familyName": "Brooks", "dateOfBirth": "1932-02-25", "nationality": "British"}, "Constructor": {"constructorId": "ferrari", "url": "http://en.wikipedia.org/wiki/Scuderia_Ferrari", "name": "Ferrari", "nationality": "Italian"}, "grid": "4", "laps": "100", "status": "Finished", "Time": {"millis": "10571700", "time": "+20.4"}}, {"number": "32", "position": "3", "positionText": "3", "points": "4", "Driver": {"driverId": "trintignant", "url": "http://en.wikipedia.org/wiki/Maurice_Trintignant", "givenName": "Maurice", "familyName": "Trintignant", "dateOfBirth": "1917-10-30", "nationality": "French"}, "Constructor": {"constructorId": "cooper-climax", "url": "http://en.wikipedia.org/wiki/Cooper_Car_Company", "name": "Cooper-Climax", "nationality": "British"}, "grid": "6", "laps": "98", "status": "+2 Laps"}, {"number": "48", "position": "4", "positionText": "4", "points": "3", "Driver": {"driverId": "phil_hill", "url": "http://en.wikipedia.org/wiki/Phil_Hill", "givenName": "Phil", "familyName": "Hill", "dateOfBirth": "1927-04-20", "nationality": "American"}, "Constructor": {"constructorId": "ferrari", "url": "http://en.wikipedia.org/wiki/Scuderia_Ferrari", "name": "Ferrari", "nationality": "Italian"}, "grid": "5", "laps": "97", "status": "+3 Laps"}, {"number": "22", "position": "5", "positionText": "5", "points": "2", "Driver": {"driverId": "mclaren", "url": "http://en.wikipedia.org/wiki/Bruce_McLaren", "givenName": "Bruce", "familyName": "McLaren", "dateOfBirth": "1937-08-30", "nationality": "New Zealander"}, "Constructor": {"constructorId": "cooper-climax", "url": "http://en.wikipedia.org/wiki/Cooper_Car_Company", "name": "Cooper-Climax", "nationality": "British"}, "grid": "13", "laps": "96", "status": "+4 Laps"}, {"number": "38", "position": "6", "positionText": "6", "points": "0", "Driver": {"driverId": "salvadori", "url": "http://en.wikipedia.org/wiki/Roy_Salvadori", "givenName": "Roy", "familyName": "Salvadori", "dateOfBirth": "1922-05-12", "nationality": "British"}, "Constructor": {"constructorId": "cooper-maserati", "url": "http://en.wikipedia.org/wiki/Cooper_Car_Company", "name": "Cooper-Maserati", "nationality": "British"}, "grid": "8", "laps": "83", "status": "+17 Laps"}, {"number": "30", "position": "7", "positionText": "R", "points": "0", "Driver": {"driverId": "moss", "url": "http://en.wikipedia.org/wiki/Stirling_Moss", "givenName": "Stirling", "familyName": "Moss", "dateOfBirth": "1929-09-17", "nationality": "British"}, "Constructor": {"constructorId": "cooper-climax", "url": "http://en.wikipedia.org/wiki/Cooper_Car_Company", "name": "Cooper-Climax", "nationality": "British"}, "grid": "1", "laps": "81", "status": "Transmission"}, {"number": "20", "position": "8", "positionText": "R", "points": "0", "Driver": {"driverId": "flockhart", "url": "http://en.wikipedia.org/wiki/Ron_Flockhart_(auto_racing)", "givenName": "Ron", "familyName": "Flockhart", "dateOfBirth": "1923-06-16", "nationality": "British"}, "Constructor": {"constructorId": "brm", "url": "http://en.wikipedia.org/wiki/BRM", "name": "BRM", "nationality": "British"}, "grid": "10", "laps": "64", "status": "Spun off"}, {"number": "16", "position": "9", "positionText": "R", "points": "0", "Driver": {"driverId": "schell", "url": "http://en.wikipedia.org/wiki/Harry_Schell", "givenName": "Harry", "familyName": "Schell", "dateOfBirth": "1921-06-29", "nationality": "American"}, "Constructor": {"constructorId": "brm", "url": "http://en.wikipedia.org/wiki/BRM", "name": "BRM", "nationality": "British"}, "grid": "9", "laps": "48", "status": "Accident"}, {"number": "18", "position": "10", "positionText": "R", "points": "0", "Driver": {"driverId": "bonnier", "url": "http://en.wikipedia.org/wiki/Joakim_Bonnier", "givenName": "Jo", "familyName": "Bonnier", "dateOfBirth": "1930-01-31", "nationality": "Swedish"}, "Constructor": {"constructorId": "brm", "url": "http://en.wikipedia.org/wiki/BRM", "name": "BRM", "nationality": "British"}, "grid": "7", "laps": "44", "status": "Brakes"}, {"number": "46", "position": "11", "positionText": "R", "points": "0", "Driver": {"driverId": "behra", "url": "http://en.wikipedia.org/wiki/Jean_Behra", "givenName": "Jean", "familyName": "Behra", "dateOfBirth": "1921-02-16", "nationality": "French"}, "Constructor": {"constructorId": "ferrari", "url": "http://en.wikipedia.org/wiki/Scuderia_Ferrari", "name": "Ferrari", "nationality": "Italian"}, "grid": "2", "laps": "24", "status": "Engine"}, {"number": "40", "position": "12", "positionText": "R", "points": "0", "Driver": {"driverId": "hill", "url": "http://en.wikipedia.org/wiki/Graham_Hill", "givenName": "Graham", "familyName": "Hill", "dateOfBirth": "1929-02-15", "nationality": "British"}, "Constructor": {"constructorId": "team_lotus", "url": "http://en.wikipedia.org/wiki/Team_Lotus", "name": "Team Lotus", "nationality": "British"}, "grid": "14", "laps": "21", "status": "Heat shield fire"}, {"number": "26", "position": "13", "positionText": "R", "points": "0", "Driver": {"driverId": "gregory", "url": "http://en.wikipedia.org/wiki/Masten_Gregory", "givenName": "Masten", "familyName": "Gregory", "dateOfBirth": "1932-02-29", "nationality": "American"}, "Constructor": {"constructorId": "cooper-climax", "url": "http://en.wikipedia.org/wiki/Cooper_Car_Company", "name": "Cooper-Climax", "nationality": "British"}, "grid": "11", "laps": "6", "status": "Gearbox"}, {"number": "6", "position": "14", "positionText": "R", "points": "0", "Driver": {"driverId": "trips", "url": "http://en.wikipedia.org/wiki/Wolfgang_Graf_Berghe_von_Trips", "givenName": "Wolfgang", "familyName": "von Trips", "dateOfBirth": "1928-05-04", "nationality": "German"}, "Constructor": {"constructorId": "porsche", "url": "http://en.wikipedia.org/wiki/Porsche_in_Formula_One", "name": "Porsche", "nationality": "German"}, "grid": "12", "laps": "1", "status": "Collision"}, {"number": "52", "position": "15", "positionText": "R", "points": "0", "Driver": {"driverId": "allison", "url": "http://en.wikipedia.org/wiki/Cliff_Allison", "givenName": "Cliff", "familyName": "Allison", "dateOfBirth": "1932-02-08", "nationality": "British"}, "Constructor": {"constructorId": "ferrari", "url": "http://en.wikipedia.org/wiki/Scuderia_Ferrari", "name": "Ferrari", "nationality": "Italian"}, "grid": "15", "laps": "1", "status": "Collision"}, {"number": "44", "position": "16", "positionText": "R", "points": "0", "Driver": {"driverId": "halford", "url": "http://en.wikipedia.org/wiki/Bruce_Halford", "givenName": "Bruce", "familyName": "Halford", "dateOfBirth": "1931-05-18", "nationality": "British"}, "Constructor": {"constructorId": "team_lotus", "url": "http://en.wikipedia.org/wiki/Team_Lotus", "name": "Team Lotus", "nationality": "British"}, "grid": "16", "laps": "1", "status": "Collision"}, {"number": "34", "position": "17", "positionText": "F", "points": "0", "Driver": {"driverId": "bueb", "url": "http://en.wikipedia.org/wiki/Ivor_Bueb", "givenName": "Ivor", "familyName": "Bueb", "dateOfBirth": "1923-06-06", "nationality": "British"}, "Constructor": {"constructorId": "cooper-climax", "url": "http://en.wikipedia.org/wiki/Cooper_Car_Company", "name": "Cooper-Climax", "nationality": "British"}, "grid": "0", "laps": "0", "status": "Did not qualify"}, {"number": "54", "position": "18", "positionText": "F", "points": "0", "Driver": {"driverId": "scarlatti", "url": "http://en.wikipedia.org/wiki/Giorgio_Scarlatti", "givenName": "Giorgio", "familyName": "Scarlatti", "dateOfBirth": "1921-10-02", "nationality": "Italian"}, "Constructor": {"constructorId": "maserati", "url": "http://en.wikipedia.org/wiki/Maserati", "name": "Maserati", "nationality": "Italian"}, "grid": "0", "laps": "0", "status": "Did not qualify"}, {"number": "12", "position": "19", "positionText": "F", "points": "0", "Driver": {"driverId": "Changy", "url": "http://en.wikipedia.org/wiki/Alain_de_Changy", "givenName": "Alain", "familyName": "de Changy", "dateOfBirth": "1922-02-05", "nationality": "Belgian"}, "Constructor": {"constructorId": "cooper-climax", "url": "http://en.wikipedia.org/wiki/Cooper_Car_Company", "name": "Cooper-Climax", "nationality": "British"}, "grid": "0", "laps": "0", "status": "Did not qualify"}, {"number": "10", "position": "20", "positionText": "F", "points": "0", "Driver": {"driverId": "bianchi", "code": "BIA", "url": "http://en.wikipedia.org/wiki/Lucien_Bianchi", "givenName": "Lucien", "familyName": "Bianchi", "dateOfBirth": "1934-11-10", "nationality": "Belgian"}, "Constructor": {"constructorId": "cooper-climax", "url": "http://en.wikipedia.org/wiki/Cooper_Car_Company", "name": "Cooper-Climax", "nationality": "British"}, "grid": "0", "laps": "0", "status": "Did not qualify"}, {"number": "4", "position": "21", "positionText": "F", "points": "0", "Driver": {"driverId": "filippis", "url": "http://en.wikipedia.org/wiki/Maria_Teresa_de_Filippis", "givenName": "Maria", "familyName": "de Filippis", "dateOfBirth": "1926-11-11", "nationality": "Italian"}, "Constructor": {"constructorId": "porsche", "url": "http://en.wikipedia.org/wiki/Porsche_in_Formula_One", "name": "Porsche", "nationality": "German"}, "grid": "0", "laps": "0", "status": "Did not qualify"}, {"number": "42", "position": "22", "positionText": "F", "points": "0", "Driver": {"driverId": "lovely", "url": "http://en.wikipedia.org/wiki/Pete_Lovely", "givenName": "Pete", "familyName": "Lovely", "dateOfBirth": "1926-04-11", "nationality": "American"}, "Constructor": {"constructorId": "team_lotus", "url": "http://en.wikipedia.org/wiki/Team_Lotus", "name": "Team Lotus", "nationality": "British"}, "grid": "0", "laps": "0", "status": "Did not qualify"}, {"number": "14", "position": "23", "positionText": "F", "points": "0", "Driver": {"driverId": "lucienbonnet", "url": "http://en.wikipedia.org/wiki/Jean_Lucienbonnet", "givenName": "Jean", "familyName": "Lucienbonnet", "dateOfBirth": "1923-01-07", "nationality": "French"}, "Constructor": {"constructorId": "cooper-climax", "url": "http://en.wikipedia.org/wiki/Cooper_Car_Company", "name": "Cooper-Climax", "nationality": "British"}, "grid": "0", "laps": "0", "status": "Did not qualify"}, {"number": "56", "position": "24", "positionText": "F", "points": "0", "Driver": {"driverId": "testut", "url": "http://en.wikipedia.org/wiki/Andr%C3%A9_Testut", "givenName": "Andr\u00e9", "familyName": "Testut", "dateOfBirth": "1926-04-13", "nationality": "Monegasque"}, "Constructor": {"constructorId": "maserati", "url": "http://en.wikipedia.org/wiki/Maserati", "name": "Maserati", "nationality": "Italian"}, "grid": "0", "laps": "0", "status": "Did not qualify"}]}]}}}