{"MRData": {"xmlns": "http://ergast.com/mrd/1.5", "series": "f1", "url": "http://ergast.com/api/f1/1951/2/driverstandings.json", "limit": "30", "offset": "0", "total": "55", "StandingsTable": {"season": "1951", "round": "2", "StandingsLists": [{"season": "1951", "round": "2", "DriverStandings": [{"position": "1", "positionText": "1", "points": "9", "wins": "1", "Driver": {"driverId": "fangio", "url": "http://en.wikipedia.org/wiki/Juan_Manuel_Fangio", "givenName": "Juan", "familyName": "Fangio", "dateOfBirth": "1911-06-24", "nationality": "Argentine"}, "Constructors": [{"constructorId": "alfa", "url": "http://en.wikipedia.org/wiki/Alfa_Romeo_in_Formula_One", "name": "Alfa Romeo", "nationality": "Swiss"}]}, {"position": "2", "positionText": "2", "points": "9", "wins": "1", "Driver": {"driverId": "wallard", "url": "http://en.wikipedia.org/wiki/Lee_Wallard", "givenName": "Lee", "familyName": "Wallard", "dateOfBirth": "1910-09-07", "nationality": "American"}, "Constructors": [{"constructorId": "kurtis_kraft", "url": "http://en.wikipedia.org/wiki/Kurtis_Kraft", "name": "Kurtis Kraft", "nationality": "American"}]}, {"position": "3", "positionText": "3", "points": "6", "wins": "0", "Driver": {"driverId": "nazaruk", "url": "http://en.wikipedia.org/wiki/Mike_Nazaruk", "givenName": "Mike", "familyName": "Nazaruk", "dateOfBirth": "1921-10-02", "nationality": "American"}, "Constructors": [{"constructorId": "kurtis_kraft", "url": "http://en.wikipedia.org/wiki/Kurtis_Kraft", "name": "Kurtis Kraft", "nationality": "American"}]}, {"position": "4", "positionText": "4", "points": "6", "wins": "0", "Driver": {"driverId": "taruffi", "url": "http://en.wikipedia.org/wiki/Piero_Taruffi", "givenName": "Piero", "familyName": "Taruffi", "dateOfBirth": "1906-10-12", "nationality": "Italian"}, "Constructors": [{"constructorId": "ferrari", "url": "http://en.wikipedia.org/wiki/Scuderia_Ferrari", "name": "Ferrari", "nationality": "Italian"}]}, {"position": "5", "positionText": "5", "points": "4", "wins": "0", "Driver": {"driverId": "farina", "url": "http://en.wikipedia.org/wiki/Nino_Farina", "givenName": "Nino", "familyName": "Farina", "dateOfBirth": "1906-10-30", "nationality": "Italian"}, "Constructors": [{"constructorId": "alfa", "url": "http://en.wikipedia.org/wiki/Alfa_Romeo_in_Formula_One", "name": "Alfa Romeo", "nationality": "Swiss"}]}, {"position": "6", "positionText": "6", "points": "3", "wins": "0", "Driver": {"driverId": "linden", "url": "http://en.wikipedia.org/wiki/Andy_Linden_(racing_driver)", "givenName": "Andy", "familyName": "Linden", "dateOfBirth": "1922-04-05", "nationality": "American"}, "Constructors": [{"constructorId": "sherman", "url": "http://en.wikipedia.org/wiki/Sherman_(constructor)", "name": "Sherman", "nationality": "American"}]}, {"position": "7", "positionText": "7", "points": "3", "wins": "0", "Driver": {"driverId": "sanesi", "url": "http://en.wikipedia.org/wiki/Consalvo_Sanesi", "givenName": "Consalvo", "familyName": "Sanesi", "dateOfBirth": "1911-03-28", "nationality": "Italian"}, "Constructors": [{"constructorId": "alfa", "url": "http://en.wikipedia.org/wiki/Alfa_Romeo_in_Formula_One", "name": "Alfa Romeo", "nationality": "Swiss"}]}, {"position": "8", "positionText": "8", "points": "2", "wins": "0", "Driver": {"driverId": "mcgrath", "url": "http://en.wikipedia.org/wiki/Jack_McGrath_(racing_driver)", "givenName": "Jack", "familyName": "McGrath", "dateOfBirth": "1919-10-08", "nationality": "American"}, "Constructors": [{"constructorId": "kurtis_kraft", "url": "http://en.wikipedia.org/wiki/Kurtis_Kraft", "name": "Kurtis Kraft", "nationality": "American"}]}, {"position": "9", "positionText": "9", "points": "2", "wins": "0", "Driver": {"driverId": "ball", "url": "http://en.wikipedia.org/wiki/Bobby_Ball_(auto_racer)", "givenName": "Bobby", "familyName": "Ball", "dateOfBirth": "1925-08-26", "nationality": "American"}, "Constructors": [{"constructorId": "schroeder", "url": "http://en.wikipedia.org/wiki/Schroeder_(constructor)", "name": "Schroeder", "nationality": "American"}]}, {"position": "10", "positionText": "10", "points": "2", "wins": "0", "Driver": {"driverId": "graffenried", "url": "http://en.wikipedia.org/wiki/Toulo_de_Graffenried", "givenName": "Toulo", "familyName": "de Graffenried", "dateOfBirth": "1914-05-18", "nationality": "Swiss"}, "Constructors": [{"constructorId": "alfa", "url": "http://en.wikipedia.org/wiki/Alfa_Romeo_in_Formula_One", "name": "Alfa Romeo", "nationality": "Swiss"}]}, {"position": "11", "positionText": "11", "points": "2", "wins": "0", "Driver": {"driverId": "ayulo", "url": "http://en.wikipedia.org/wiki/Manny_Ayulo", "givenName": "Manny", "familyName": "Ayulo", "dateOfBirth": "1921-10-20", "nationality": "American"}, "Constructors": [{"constructorId": "kurtis_kraft", "url": "http://en.wikipedia.org/wiki/Kurtis_Kraft", "name": "Kurtis Kraft", "nationality": "American"}]}, {"position": "12", "positionText": "12", "points": "0", "wins": "0", "Driver": {"driverId": "ascari", "url": "http://en.wikipedia.org/wiki/Alberto_Ascari", "givenName": "Alberto", "familyName": "Ascari", "dateOfBirth": "1918-07-13", "nationality": "Italian"}, "Constructors": [{"constructorId": "ferrari", "url": "http://en.wikipedia.org/wiki/Scuderia_Ferrari", "name": "Ferrari", "nationality": "Italian"}]}, {"position": "13", "positionText": "13", "points": "0", "wins": "0", "Driver": {"driverId": "banks", "url": "http://en.wikipedia.org/wiki/Henry_Banks", "givenName": "Henry", "familyName": "Banks", "dateOfBirth": "1913-06-14", "nationality": "American"}, "Constructors": [{"constructorId": "moore", "url": "http://en.wikipedia.org/wiki/Moore_(constructor)", "name": "Moore", "nationality": "American"}]}, {"position": "14", "positionText": "14", "points": "0", "wins": "0", "Driver": {"driverId": "chiron", "url": "http://en.wikipedia.org/wiki/Louis_Chiron", "givenName": "Louis", "familyName": "Chiron", "dateOfBirth": "1899-08-03", "nationality": "Monegasque"}, "Constructors": [{"constructorId": "maserati", "url": "http://en.wikipedia.org/wiki/Maserati", "name": "Maserati", "nationality": "Italian"}]}, {"position": "15", "positionText": "15", "points": "0", "wins": "0", "Driver": {"driverId": "forberg", "url": "http://en.wikipedia.org/wiki/Carl_Forberg", "givenName": "Carl", "familyName": "Forberg", "dateOfBirth": "1911-03-04", "nationality": "American"}, "Constructors": [{"constructorId": "kurtis_kraft", "url": "http://en.wikipedia.org/wiki/Kurtis_Kraft", "name": "Kurtis Kraft", "nationality": "American"}]}, {"position": "16", "positionText": "16", "points": "0", "wins": "0", "Driver": {"driverId": "darter", "url": "http://en.wikipedia.org/wiki/Duane_Carter", "givenName": "Duane", "familyName": "Carter", "dateOfBirth": "1913-05-05", "nationality": "American"}, "Constructors": [{"constructorId": "deidt", "url": "http://en.wikipedia.org/wiki/Deidt", "name": "Deidt", "nationality": "American"}]}, {"position": "17", "positionText": "17", "points": "0", "wins": "0", "Driver": {"driverId": "moss", "url": "http://en.wikipedia.org/wiki/Stirling_Moss", "givenName": "Stirling", "familyName": "Moss", "dateOfBirth": "1929-09-17", "nationality": "British"}, "Constructors": [{"constructorId": "hwm", "url": "http://en.wikipedia.org/wiki/Hersham_and_Walton_Motors", "name": "HWM", "nationality": "British"}]}, {"position": "18", "positionText": "18", "points": "0", "wins": "0", "Driver": {"driverId": "rosier", "url": "http://en.wikipedia.org/wiki/Louis_Rosier", "givenName": "Louis", "familyName": "Rosier", "dateOfBirth": "1905-11-05", "nationality": "French"}, "Constructors": [{"constructorId": "lago", "url": "http://en.wikipedia.org/wiki/Talbot-Lago", "name": "Talbot-Lago", "nationality": "French"}]}, {"position": "19", "positionText": "19", "points": "0", "wins": "0", "Driver": {"driverId": "etancelin", "url": "http://en.wikipedia.org/wiki/Philippe_%C3%89tancelin", "givenName": "Philippe", "familyName": "\u00c9tancelin", "dateOfBirth": "1896-12-28", "nationality": "French"}, "Constructors": [{"constructorId": "lago", "url": "http://en.wikipedia.org/wiki/Talbot-Lago", "name": "Talbot-Lago", "nationality": "French"}]}, {"position": "20", "positionText": "20", "points": "0", "wins": "0", "Driver": {"driverId": "fischer", "url": "http://en.wikipedia.org/wiki/Rudi_Fischer", "givenName": "Rudi", "familyName": "Fischer", "dateOfBirth": "1912-04-19", "nationality": "Swiss"}, "Constructors": [{"constructorId": "ferrari", "url": "http://en.wikipedia.org/wiki/Scuderia_Ferrari", "name": "Ferrari", "nationality": "Italian"}]}, {"position": "21", "positionText": "21", "points": "0", "wins": "0", "Driver": {"driverId": "schell", "url": "http://en.wikipedia.org/wiki/Harry_Schell", "givenName": "Harry", "familyName": "Schell", "dateOfBirth": "1921-06-29", "nationality": "American"}, "Constructors": [{"constructorId": "maserati", "url": "http://en.wikipedia.org/wiki/Maserati", "name": "Maserati", "nationality": "Italian"}]}, {"position": "22", "positionText": "22", "points": "0", "wins": "0", "Driver": {"driverId": "claes", "url": "http://en.wikipedia.org/wiki/Johnny_Claes", "givenName": "Johnny", "familyName": "Claes", "dateOfBirth": "1916-08-11", "nationality": "Belgian"}, "Constructors": [{"constructorId": "lago", "url": "http://en.wikipedia.org/wiki/Talbot-Lago", "name": "Talbot-Lago", "nationality": "French"}]}, {"position": "23", "positionText": "23", "points": "0", "wins": "0", "Driver": {"driverId": "guy_mairesse", "url": "http://en.wikipedia.org/wiki/Guy_Mairesse", "givenName": "Guy", "familyName": "Mairesse", "dateOfBirth": "1910-08-10", "nationality": "French"}, "Constructors": [{"constructorId": "lago", "url": "http://en.wikipedia.org/wiki/Talbot-Lago", "name": "Talbot-Lago", "nationality": "French"}]}, {"position": "24", "positionText": "24", "points": "0", "wins": "0", "Driver": {"driverId": "bettenhausen", "url": "http://en.wikipedia.org/wiki/Tony_Bettenhausen", "givenName": "Tony", "familyName": "Bettenhausen", "dateOfBirth": "1916-09-12", "nationality": "American"}, "Constructors": [{"constructorId": "deidt", "url": "http://en.wikipedia.org/wiki/Deidt", "name": "Deidt", "nationality": "American"}]}, {"position": "25", "positionText": "25", "points": "0", "wins": "0", "Driver": {"driverId": "nalon", "url": "http://en.wikipedia.org/wiki/Duke_Nalon", "givenName": "Duke", "familyName": "Nalon", "dateOfBirth": "1913-03-02", "nationality": "American"}, "Constructors": [{"constructorId": "kurtis_kraft", "url": "http://en.wikipedia.org/wiki/Kurtis_Kraft", "name": "Kurtis Kraft", "nationality": "American"}]}, {"position": "26", "positionText": "26", "points": "0", "wins": "0", "Driver": {"driverId": "force", "url": "http://en.wikipedia.org/wiki/Gene_Force", "givenName": "Gene", "familyName": "Force", "dateOfBirth": "1916-06-15", "nationality": "American"}, "Constructors": [{"constructorId": "kurtis_kraft", "url": "http://en.wikipedia.org/wiki/Kurtis_Kraft", "name": "Kurtis Kraft", "nationality": "American"}]}, {"position": "27", "positionText": "27", "points": "0", "wins": "0", "Driver": {"driverId": "hanks", "url": "http://en.wikipedia.org/wiki/Sam_Hanks", "givenName": "Sam", "familyName": "Hanks", "dateOfBirth": "1914-07-13", "nationality": "American"}, "Constructors": [{"constructorId": "kurtis_kraft", "url": "http://en.wikipedia.org/wiki/Kurtis_Kraft", "name": "Kurtis Kraft", "nationality": "American"}]}, {"position": "28", "positionText": "28", "points": "0", "wins": "0", "Driver": {"driverId": "schindler", "url": "http://en.wikipedia.org/wiki/Bill_Schindler", "givenName": "Bill", "familyName": "Schindler", "dateOfBirth": "1909-03-06", "nationality": "American"}, "Constructors": [{"constructorId": "kurtis_kraft", "url": "http://en.wikipedia.org/wiki/Kurtis_Kraft", "name": "Kurtis Kraft", "nationality": "American"}]}, {"position": "29", "positionText": "29", "points": "0", "wins": "0", "Driver": {"driverId": "rose", "url": "http://en.wikipedia.org/wiki/Mauri_Rose", "givenName": "Mauri", "familyName": "Rose", "dateOfBirth": "1906-05-26", "nationality": "American"}, "Constructors": [{"constructorId": "deidt", "url": "http://en.wikipedia.org/wiki/Deidt", "name": "Deidt", "nationality": "American"}]}, {"position": "30", "positionText": "30", "points": "0", "wins": "0", "Driver": {"driverId": "faulkner", "url": "http://en.wikipedia.org/wiki/Walt_Faulkner", "givenName": "Walt", "familyName": "Faulkner", "dateOfBirth": "1920-02-16", "nationality": "American"}, "Constructors": [{"constructorId": "kuzma", "url": "http://en.wikipedia.org/wiki/Kuzma_(constructor)", "name": "Kuzma", "nationality": "American"}]}]}]}}}