{"MRData": {"xmlns": "http://ergast.com/mrd/1.5", "series": "f1", "url": "http://ergast.com/api/f1/1951/6/results.json", "limit": "30", "offset": "0", "total": "22", "RaceTable": {"season": "1951", "round": "6", "Races": [{"season": "1951", "round": "6", "url": "http://en.wikipedia.org/wiki/1951_German_Grand_Prix", "raceName": "German Grand Prix", "Circuit": {"circuitId": "nurburgring", "url": "http://en.wikipedia.org/wiki/N%C3%BCrburgring", "circuitName": "N\u00fcrburgring", "Location": {"lat": "50.3356", "long": "6.9475", "locality": "N\u00fcrburg", "country": "Germany"}}, "date": "1951-07-29", "Results": [{"number": "71", "position": "1", "positionText": "1", "points": "8", "Driver": {"driverId": "ascari", "url": "http://en.wikipedia.org/wiki/Alberto_Ascari", "givenName": "Alberto", "familyName": "Ascari", "dateOfBirth": "1918-07-13", "nationality": "Italian"}, "Constructor": {"constructorId": "ferrari", "url": "http://en.wikipedia.org/wiki/Scuderia_Ferrari", "name": "Ferrari", "nationality": "Italian"}, "grid": "1", "laps": "20", "status": "Finished", "Time": {"millis": "12183300", "time": "3:23:03.3"}}, {"number": "75", "position": "2", "positionText": "2", "points": "7", "Driver": {"driverId": "fangio", "url": "http://en.wikipedia.org/wiki/Juan_Manuel_Fangio", "givenName": "Juan", "familyName": "Fangio", "dateOfBirth": "1911-06-24", "nationality": "Argentine"}, "Constructor": {"constructorId": "alfa", "url": "http://en.wikipedia.org/wiki/Alfa_Romeo_in_Formula_One", "name": "Alfa Romeo", "nationality": "Swiss"}, "grid": "3", "laps": "20", "status": "Finished", "Time": {"millis": "12213800", "time": "+30.5"}}, {"number": "74", "position": "3", "positionText": "3", "points": "4", "Driver": {"driverId": "gonzalez", "url": "http://en.wikipedia.org/wiki/Jos%C3%A9_Froil%C3%A1n_Gonz%C3%A1lez", "givenName": "Jos\u00e9 Froil\u00e1n", "familyName": "Gonz\u00e1lez", "dateOfBirth": "1922-10-05", "nationality": "Argentine"}, "Constructor": {"constructorId": "ferrari", "url": "http://en.wikipedia.org/wiki/Scuderia_Ferrari", "name": "Ferrari", "nationality": "Italian"}, "grid": "2", "laps": "20", "status": "Finished", "Time": {"millis": "12462300", "time": "+4:39.0"}}, {"number": "72", "position": "4", "positionText": "4", "points": "3", "Driver": {"driverId": "villoresi", "url": "http://en.wikipedia.org/wiki/Luigi_Villoresi", "givenName": "Luigi", "familyName": "Villoresi", "dateOfBirth": "1909-05-16", "nationality": "Italian"}, "Constructor": {"constructorId": "ferrari", "url": "http://en.wikipedia.org/wiki/Scuderia_Ferrari", "name": "Ferrari", "nationality": "Italian"}, "grid": "5", "laps": "20", "status": "Finished", "Time": {"millis": "12533500", "time": "+5:50.2"}}, {"number": "73", "position": "5", "positionText": "5", "points": "2", "Driver": {"driverId": "taruffi", "url": "http://en.wikipedia.org/wiki/Piero_Taruffi", "givenName": "Piero", "familyName": "Taruffi", "dateOfBirth": "1906-10-12", "nationality": "Italian"}, "Constructor": {"constructorId": "ferrari", "url": "http://en.wikipedia.org/wiki/Scuderia_Ferrari", "name": "Ferrari", "nationality": "Italian"}, "grid": "6", "laps": "20", "status": "Finished", "Time": {"millis": "12652400", "time": "+7:49.1"}}, {"number": "91", "position": "6", "positionText": "6", "points": "0", "Driver": {"driverId": "fischer", "url": "http://en.wikipedia.org/wiki/Rudi_Fischer", "givenName": "Rudi", "familyName": "Fischer", "dateOfBirth": "1912-04-19", "nationality": "Swiss"}, "Constructor": {"constructorId": "ferrari", "url": "http://en.wikipedia.org/wiki/Scuderia_Ferrari", "name": "Ferrari", "nationality": "Italian"}, "grid": "8", "laps": "19", "status": "+1 Lap"}, {"number": "82", "position": "7", "positionText": "7", "points": "0", "Driver": {"driverId": "manzon", "url": "http://en.wikipedia.org/wiki/Robert_Manzon", "givenName": "Robert", "familyName": "Manzon", "dateOfBirth": "1917-04-12", "nationality": "French"}, "Constructor": {"constructorId": "simca", "url": "http://en.wikipedia.org/wiki/Simca", "name": "Simca", "nationality": "French"}, "grid": "9", "laps": "19", "status": "+1 Lap"}, {"number": "84", "position": "8", "positionText": "8", "points": "0", "Driver": {"driverId": "rosier", "url": "http://en.wikipedia.org/wiki/Louis_Rosier", "givenName": "Louis", "familyName": "Rosier", "dateOfBirth": "1905-11-05", "nationality": "French"}, "Constructor": {"constructorId": "lago", "url": "http://en.wikipedia.org/wiki/Talbot-Lago", "name": "Talbot-Lago", "nationality": "French"}, "grid": "15", "laps": "19", "status": "+1 Lap"}, {"number": "90", "position": "9", "positionText": "9", "points": "0", "Driver": {"driverId": "levegh", "url": "http://en.wikipedia.org/wiki/Pierre_Levegh", "givenName": "Pierre", "familyName": "Levegh", "dateOfBirth": "1905-12-22", "nationality": "French"}, "Constructor": {"constructorId": "lago", "url": "http://en.wikipedia.org/wiki/Talbot-Lago", "name": "Talbot-Lago", "nationality": "French"}, "grid": "19", "laps": "18", "status": "+2 Laps"}, {"number": "93", "position": "10", "positionText": "10", "points": "0", "Driver": {"driverId": "swaters", "url": "http://en.wikipedia.org/wiki/Jacques_Swaters", "givenName": "Jacques", "familyName": "Swaters", "dateOfBirth": "1926-10-30", "nationality": "American"}, "Constructor": {"constructorId": "lago", "url": "http://en.wikipedia.org/wiki/Talbot-Lago", "name": "Talbot-Lago", "nationality": "French"}, "grid": "22", "laps": "18", "status": "+2 Laps"}, {"number": "94", "position": "11", "positionText": "11", "points": "0", "Driver": {"driverId": "claes", "url": "http://en.wikipedia.org/wiki/Johnny_Claes", "givenName": "Johnny", "familyName": "Claes", "dateOfBirth": "1916-08-11", "nationality": "Belgian"}, "Constructor": {"constructorId": "lago", "url": "http://en.wikipedia.org/wiki/Talbot-Lago", "name": "Talbot-Lago", "nationality": "French"}, "grid": "18", "laps": "17", "status": "+3 Laps"}, {"number": "87", "position": "12", "positionText": "R", "points": "0", "Driver": {"driverId": "cabantous", "url": "http://en.wikipedia.org/wiki/Yves_Giraud_Cabantous", "givenName": "Yves", "familyName": "Cabantous", "dateOfBirth": "1904-10-08", "nationality": "French"}, "Constructor": {"constructorId": "lago", "url": "http://en.wikipedia.org/wiki/Talbot-Lago", "name": "Talbot-Lago", "nationality": "French"}, "grid": "11", "laps": "17", "status": "Accident"}, {"number": "81", "position": "13", "positionText": "R", "points": "0", "Driver": {"driverId": "trintignant", "url": "http://en.wikipedia.org/wiki/Maurice_Trintignant", "givenName": "Maurice", "familyName": "Trintignant", "dateOfBirth": "1917-10-30", "nationality": "French"}, "Constructor": {"constructorId": "simca", "url": "http://en.wikipedia.org/wiki/Simca", "name": "Simca", "nationality": "French"}, "grid": "14", "laps": "13", "status": "Engine"}, {"number": "77", "position": "14", "positionText": "R", "points": "0", "Driver": {"driverId": "bonetto", "url": "http://en.wikipedia.org/wiki/Felice_Bonetto", "givenName": "Felice", "familyName": "Bonetto", "dateOfBirth": "1903-06-09", "nationality": "Italian"}, "Constructor": {"constructorId": "alfa", "url": "http://en.wikipedia.org/wiki/Alfa_Romeo_in_Formula_One", "name": "Alfa Romeo", "nationality": "Swiss"}, "grid": "10", "laps": "12", "status": "Magneto"}, {"number": "88", "position": "15", "positionText": "R", "points": "0", "Driver": {"driverId": "duncan_hamilton", "url": "http://en.wikipedia.org/wiki/Duncan_Hamilton_(racing_driver)", "givenName": "Duncan", "familyName": "Hamilton", "dateOfBirth": "1920-04-30", "nationality": "British"}, "Constructor": {"constructorId": "lago", "url": "http://en.wikipedia.org/wiki/Talbot-Lago", "name": "Talbot-Lago", "nationality": "French"}, "grid": "20", "laps": "12", "status": "Oil pressure"}, {"number": "78", "position": "16", "positionText": "R", "points": "0", "Driver": {"driverId": "pietsch", "url": "http://en.wikipedia.org/wiki/Paul_Pietsch", "givenName": "Paul", "familyName": "Pietsch", "dateOfBirth": "1911-06-20", "nationality": "German"}, "Constructor": {"constructorId": "alfa", "url": "http://en.wikipedia.org/wiki/Alfa_Romeo_in_Formula_One", "name": "Alfa Romeo", "nationality": "Swiss"}, "grid": "7", "laps": "11", "status": "Accident"}, {"number": "83", "position": "17", "positionText": "R", "points": "0", "Driver": {"driverId": "simon", "url": "http://en.wikipedia.org/wiki/Andr%C3%A9_Simon_(racing_driver)", "givenName": "Andr\u00e9", "familyName": "Simon", "dateOfBirth": "1920-01-05", "nationality": "French"}, "Constructor": {"constructorId": "simca", "url": "http://en.wikipedia.org/wiki/Simca", "name": "Simca", "nationality": "French"}, "grid": "12", "laps": "11", "status": "Engine"}, {"number": "76", "position": "18", "positionText": "R", "points": "0", "Driver": {"driverId": "farina", "url": "http://en.wikipedia.org/wiki/Nino_Farina", "givenName": "Nino", "familyName": "Farina", "dateOfBirth": "1906-10-30", "nationality": "Italian"}, "Constructor": {"constructorId": "alfa", "url": "http://en.wikipedia.org/wiki/Alfa_Romeo_in_Formula_One", "name": "Alfa Romeo", "nationality": "Swiss"}, "grid": "4", "laps": "8", "status": "Overheating"}, {"number": "86", "position": "19", "positionText": "R", "points": "0", "Driver": {"driverId": "etancelin", "url": "http://en.wikipedia.org/wiki/Philippe_%C3%89tancelin", "givenName": "Philippe", "familyName": "\u00c9tancelin", "dateOfBirth": "1896-12-28", "nationality": "French"}, "Constructor": {"constructorId": "lago", "url": "http://en.wikipedia.org/wiki/Talbot-Lago", "name": "Talbot-Lago", "nationality": "French"}, "grid": "21", "laps": "4", "status": "Gearbox"}, {"number": "85", "position": "20", "positionText": "R", "points": "0", "Driver": {"driverId": "chiron", "url": "http://en.wikipedia.org/wiki/Louis_Chiron", "givenName": "Louis", "familyName": "Chiron", "dateOfBirth": "1899-08-03", "nationality": "Monegasque"}, "Constructor": {"constructorId": "lago", "url": "http://en.wikipedia.org/wiki/Talbot-Lago", "name": "Talbot-Lago", "nationality": "French"}, "grid": "13", "laps": "3", "status": "Ignition"}, {"number": "92", "position": "21", "positionText": "R", "points": "0", "Driver": {"driverId": "branca", "url": "http://en.wikipedia.org/wiki/Toni_Branca", "givenName": "Toni", "familyName": "Branca", "dateOfBirth": "1916-09-15", "nationality": "Swiss"}, "Constructor": {"constructorId": "maserati", "url": "http://en.wikipedia.org/wiki/Maserati", "name": "Maserati", "nationality": "Italian"}, "grid": "17", "laps": "3", "status": "Engine"}, {"number": "79", "position": "22", "positionText": "R", "points": "0", "Driver": {"driverId": "graffenried", "url": "http://en.wikipedia.org/wiki/Toulo_de_Graffenried", "givenName": "Toulo", "familyName": "de Graffenried", "dateOfBirth": "1914-05-18", "nationality": "Swiss"}, "Constructor": {"constructorId": "maserati", "url": "http://en.wikipedia.org/wiki/Maserati", "name": "Maserati", "nationality": "Italian"}, "grid": "16", "laps": "2", "status": "Engine"}]}]}}}