{"MRData": {"xmlns": "http://ergast.com/mrd/1.5", "series": "f1", "url": "http://ergast.com/api/f1/1951/1/results.json", "limit": "30", "offset": "0", "total": "21", "RaceTable": {"season": "1951", "round": "1", "Races": [{"season": "1951", "round": "1", "url": "http://en.wikipedia.org/wiki/1951_Swiss_Grand_Prix", "raceName": "Swiss Grand Prix", "Circuit": {"circuitId": "bremgarten", "url": "http://en.wikipedia.org/wiki/Circuit_Bremgarten", "circuitName": "Circuit Bremgarten", "Location": {"lat": "46.9589", "long": "7.40194", "locality": "Bern", "country": "Switzerland"}}, "date": "1951-05-27", "Results": [{"number": "24", "position": "1", "positionText": "1", "points": "9", "Driver": {"driverId": "fangio", "url": "http://en.wikipedia.org/wiki/Juan_Manuel_Fangio", "givenName": "Juan", "familyName": "Fangio", "dateOfBirth": "1911-06-24", "nationality": "Argentine"}, "Constructor": {"constructorId": "alfa", "url": "http://en.wikipedia.org/wiki/Alfa_Romeo_in_Formula_One", "name": "Alfa Romeo", "nationality": "Swiss"}, "grid": "1", "laps": "42", "status": "Finished", "Time": {"millis": "7673640", "time": "2:07:53.64"}}, {"number": "44", "position": "2", "positionText": "2", "points": "6", "Driver": {"driverId": "taruffi", "url": "http://en.wikipedia.org/wiki/Piero_Taruffi", "givenName": "Piero", "familyName": "Taruffi", "dateOfBirth": "1906-10-12", "nationality": "Italian"}, "Constructor": {"constructorId": "ferrari", "url": "http://en.wikipedia.org/wiki/Scuderia_Ferrari", "name": "Ferrari", "nationality": "Italian"}, "grid": "6", "laps": "42", "status": "Finished", "Time": {"millis": "7728880", "time": "+55.24"}}, {"number": "22", "position": "3", "positionText": "3", "points": "4", "Driver": {"driverId": "farina", "url": "http://en.wikipedia.org/wiki/Nino_Farina", "givenName": "Nino", "familyName": "Farina", "dateOfBirth": "1906-10-30", "nationality": "Italian"}, "Constructor": {"constructorId": "alfa", "url": "http://en.wikipedia.org/wiki/Alfa_Romeo_in_Formula_One", "name": "Alfa Romeo", "nationality": "Swiss"}, "grid": "2", "laps": "42", "status": "Finished", "Time": {"millis": "7752950", "time": "+1:19.31"}}, {"number": "28", "position": "4", "positionText": "4", "points": "3", "Driver": {"driverId": "sanesi", "url": "http://en.wikipedia.org/wiki/Consalvo_Sanesi", "givenName": "Consalvo", "familyName": "Sanesi", "dateOfBirth": "1911-03-28", "nationality": "Italian"}, "Constructor": {"constructorId": "alfa", "url": "http://en.wikipedia.org/wiki/Alfa_Romeo_in_Formula_One", "name": "Alfa Romeo", "nationality": "Swiss"}, "grid": "4", "laps": "41", "status": "+1 Lap"}, {"number": "26", "position": "5", "positionText": "5", "points": "2", "Driver": {"driverId": "graffenried", "url": "http://en.wikipedia.org/wiki/Toulo_de_Graffenried", "givenName": "Toulo", "familyName": "de Graffenried", "dateOfBirth": "1914-05-18", "nationality": "Swiss"}, "Constructor": {"constructorId": "alfa", "url": "http://en.wikipedia.org/wiki/Alfa_Romeo_in_Formula_One", "name": "Alfa Romeo", "nationality": "Swiss"}, "grid": "5", "laps": "40", "status": "+2 Laps"}, {"number": "20", "position": "6", "positionText": "6", "points": "0", "Driver": {"driverId": "ascari", "url": "http://en.wikipedia.org/wiki/Alberto_Ascari", "givenName": "Alberto", "familyName": "Ascari", "dateOfBirth": "1918-07-13", "nationality": "Italian"}, "Constructor": {"constructorId": "ferrari", "url": "http://en.wikipedia.org/wiki/Scuderia_Ferrari", "name": "Ferrari", "nationality": "Italian"}, "grid": "7", "laps": "40", "status": "+2 Laps"}, {"number": "30", "position": "7", "positionText": "7", "points": "0", "Driver": {"driverId": "chiron", "url": "http://en.wikipedia.org/wiki/Louis_Chiron", "givenName": "Louis", "familyName": "Chiron", "dateOfBirth": "1899-08-03", "nationality": "Monegasque"}, "Constructor": {"constructorId": "maserati", "url": "http://en.wikipedia.org/wiki/Maserati", "name": "Maserati", "nationality": "Italian"}, "grid": "19", "laps": "40", "status": "+2 Laps"}, {"number": "14", "position": "8", "positionText": "8", "points": "0", "Driver": {"driverId": "moss", "url": "http://en.wikipedia.org/wiki/Stirling_Moss", "givenName": "Stirling", "familyName": "Moss", "dateOfBirth": "1929-09-17", "nationality": "British"}, "Constructor": {"constructorId": "hwm", "url": "http://en.wikipedia.org/wiki/Hersham_and_Walton_Motors", "name": "HWM", "nationality": "British"}, "grid": "14", "laps": "40", "status": "+2 Laps"}, {"number": "8", "position": "9", "positionText": "9", "points": "0", "Driver": {"driverId": "rosier", "url": "http://en.wikipedia.org/wiki/Louis_Rosier", "givenName": "Louis", "familyName": "Rosier", "dateOfBirth": "1905-11-05", "nationality": "French"}, "Constructor": {"constructorId": "lago", "url": "http://en.wikipedia.org/wiki/Talbot-Lago", "name": "Talbot-Lago", "nationality": "French"}, "grid": "8", "laps": "39", "status": "+3 Laps"}, {"number": "4", "position": "10", "positionText": "10", "points": "0", "Driver": {"driverId": "etancelin", "url": "http://en.wikipedia.org/wiki/Philippe_%C3%89tancelin", "givenName": "Philippe", "familyName": "\u00c9tancelin", "dateOfBirth": "1896-12-28", "nationality": "French"}, "Constructor": {"constructorId": "lago", "url": "http://en.wikipedia.org/wiki/Talbot-Lago", "name": "Talbot-Lago", "nationality": "French"}, "grid": "12", "laps": "39", "status": "+3 Laps"}, {"number": "38", "position": "11", "positionText": "11", "points": "0", "Driver": {"driverId": "fischer", "url": "http://en.wikipedia.org/wiki/Rudi_Fischer", "givenName": "Rudi", "familyName": "Fischer", "dateOfBirth": "1912-04-19", "nationality": "Swiss"}, "Constructor": {"constructorId": "ferrari", "url": "http://en.wikipedia.org/wiki/Scuderia_Ferrari", "name": "Ferrari", "nationality": "Italian"}, "grid": "10", "laps": "39", "status": "+3 Laps"}, {"number": "32", "position": "12", "positionText": "12", "points": "0", "Driver": {"driverId": "schell", "url": "http://en.wikipedia.org/wiki/Harry_Schell", "givenName": "Harry", "familyName": "Schell", "dateOfBirth": "1921-06-29", "nationality": "American"}, "Constructor": {"constructorId": "maserati", "url": "http://en.wikipedia.org/wiki/Maserati", "name": "Maserati", "nationality": "Italian"}, "grid": "17", "laps": "38", "status": "+4 Laps"}, {"number": "2", "position": "13", "positionText": "13", "points": "0", "Driver": {"driverId": "claes", "url": "http://en.wikipedia.org/wiki/Johnny_Claes", "givenName": "Johnny", "familyName": "Claes", "dateOfBirth": "1916-08-11", "nationality": "Belgian"}, "Constructor": {"constructorId": "lago", "url": "http://en.wikipedia.org/wiki/Talbot-Lago", "name": "Talbot-Lago", "nationality": "French"}, "grid": "18", "laps": "35", "status": "+7 Laps"}, {"number": "40", "position": "14", "positionText": "14", "points": "0", "Driver": {"driverId": "guy_mairesse", "url": "http://en.wikipedia.org/wiki/Guy_Mairesse", "givenName": "Guy", "familyName": "Mairesse", "dateOfBirth": "1910-08-10", "nationality": "French"}, "Constructor": {"constructorId": "lago", "url": "http://en.wikipedia.org/wiki/Talbot-Lago", "name": "Talbot-Lago", "nationality": "French"}, "grid": "21", "laps": "31", "status": "+11 Laps"}, {"number": "16", "position": "15", "positionText": "R", "points": "0", "Driver": {"driverId": "whitehead", "url": "http://en.wikipedia.org/wiki/Peter_Whitehead_(racing_driver)", "givenName": "Peter", "familyName": "Whitehead", "dateOfBirth": "1914-11-12", "nationality": "British"}, "Constructor": {"constructorId": "ferrari", "url": "http://en.wikipedia.org/wiki/Scuderia_Ferrari", "name": "Ferrari", "nationality": "Italian"}, "grid": "9", "laps": "36", "status": "Accident"}, {"number": "10", "position": "16", "positionText": "R", "points": "0", "Driver": {"driverId": "louveau", "url": "http://en.wikipedia.org/wiki/Henri_Louveau", "givenName": "Henri", "familyName": "Louveau", "dateOfBirth": "1910-01-25", "nationality": "French"}, "Constructor": {"constructorId": "lago", "url": "http://en.wikipedia.org/wiki/Talbot-Lago", "name": "Talbot-Lago", "nationality": "French"}, "grid": "11", "laps": "30", "status": "Accident"}, {"number": "12", "position": "17", "positionText": "R", "points": "0", "Driver": {"driverId": "abecassis", "url": "http://en.wikipedia.org/wiki/George_Abecassis", "givenName": "George", "familyName": "Abecassis", "dateOfBirth": "1913-03-21", "nationality": "British"}, "Constructor": {"constructorId": "hwm", "url": "http://en.wikipedia.org/wiki/Hersham_and_Walton_Motors", "name": "HWM", "nationality": "British"}, "grid": "20", "laps": "23", "status": "Magneto"}, {"number": "6", "position": "18", "positionText": "R", "points": "0", "Driver": {"driverId": "cabantous", "url": "http://en.wikipedia.org/wiki/Yves_Giraud_Cabantous", "givenName": "Yves", "familyName": "Cabantous", "dateOfBirth": "1904-10-08", "nationality": "French"}, "Constructor": {"constructorId": "lago", "url": "http://en.wikipedia.org/wiki/Talbot-Lago", "name": "Talbot-Lago", "nationality": "French"}, "grid": "15", "laps": "14", "status": "Ignition"}, {"number": "18", "position": "19", "positionText": "R", "points": "0", "Driver": {"driverId": "villoresi", "url": "http://en.wikipedia.org/wiki/Luigi_Villoresi", "givenName": "Luigi", "familyName": "Villoresi", "dateOfBirth": "1909-05-16", "nationality": "Italian"}, "Constructor": {"constructorId": "ferrari", "url": "http://en.wikipedia.org/wiki/Scuderia_Ferrari", "name": "Ferrari", "nationality": "Italian"}, "grid": "3", "laps": "12", "status": "Accident"}, {"number": "42", "position": "20", "positionText": "R", "points": "0", "Driver": {"driverId": "gonzalez", "url": "http://en.wikipedia.org/wiki/Jos%C3%A9_Froil%C3%A1n_Gonz%C3%A1lez", "givenName": "Jos\u00e9 Froil\u00e1n", "familyName": "Gonz\u00e1lez", "dateOfBirth": "1922-10-05", "nationality": "Argentine"}, "Constructor": {"constructorId": "lago", "url": "http://en.wikipedia.org/wiki/Talbot-Lago", "name": "Talbot-Lago", "nationality": "French"}, "grid": "13", "laps": "10", "status": "Oil pump"}, {"number": "52", "position": "21", "positionText": "R", "points": "0", "Driver": {"driverId": "hirt", "url": "http://en.wikipedia.org/wiki/Peter_Hirt", "givenName": "Peter", "familyName": "Hirt", "dateOfBirth": "1910-03-30", "nationality": "Swiss"}, "Constructor": {"constructorId": "veritas", "url": "http://en.wikipedia.org/wiki/Veritas_(constructor)", "name": "Veritas", "nationality": "German"}, "grid": "16", "laps": "0", "status": "Fuel system"}]}]}}}