{"MRData": {"xmlns": "http://ergast.com/mrd/1.5", "series": "f1", "url": "http://ergast.com/api/f1/1951/5/results.json", "limit": "30", "offset": "0", "total": "20", "RaceTable": {"season": "1951", "round": "5", "Races": [{"season": "1951", "round": "5", "url": "http://en.wikipedia.org/wiki/1951_British_Grand_Prix", "raceName": "British Grand Prix", "Circuit": {"circuitId": "silverstone", "url": "http://en.wikipedia.org/wiki/Silverstone_Circuit", "circuitName": "Silverstone Circuit", "Location": {"lat": "52.0786", "long": "-1.01694", "locality": "Silverstone", "country": "UK"}}, "date": "1951-07-14", "Results": [{"number": "12", "position": "1", "positionText": "1", "points": "8", "Driver": {"driverId": "gonzalez", "url": "http://en.wikipedia.org/wiki/Jos%C3%A9_Froil%C3%A1n_Gonz%C3%A1lez", "givenName": "Jos\u00e9 Froil\u00e1n", "familyName": "Gonz\u00e1lez", "dateOfBirth": "1922-10-05", "nationality": "Argentine"}, "Constructor": {"constructorId": "ferrari", "url": "http://en.wikipedia.org/wiki/Scuderia_Ferrari", "name": "Ferrari", "nationality": "Italian"}, "grid": "1", "laps": "90", "status": "Finished", "Time": {"millis": "9738200", "time": "2:42:18.2"}}, {"number": "2", "position": "2", "positionText": "2", "points": "6", "Driver": {"driverId": "fangio", "url": "http://en.wikipedia.org/wiki/Juan_Manuel_Fangio", "givenName": "Juan", "familyName": "Fangio", "dateOfBirth": "1911-06-24", "nationality": "Argentine"}, "Constructor": {"constructorId": "alfa", "url": "http://en.wikipedia.org/wiki/Alfa_Romeo_in_Formula_One", "name": "Alfa Romeo", "nationality": "Swiss"}, "grid": "2", "laps": "90", "status": "Finished", "Time": {"millis": "9789200", "time": "+51.0"}}, {"number": "10", "position": "3", "positionText": "3", "points": "4", "Driver": {"driverId": "villoresi", "url": "http://en.wikipedia.org/wiki/Luigi_Villoresi", "givenName": "Luigi", "familyName": "Villoresi", "dateOfBirth": "1909-05-16", "nationality": "Italian"}, "Constructor": {"constructorId": "ferrari", "url": "http://en.wikipedia.org/wiki/Scuderia_Ferrari", "name": "Ferrari", "nationality": "Italian"}, "grid": "5", "laps": "88", "status": "+2 Laps"}, {"number": "4", "position": "4", "positionText": "4", "points": "3", "Driver": {"driverId": "bonetto", "url": "http://en.wikipedia.org/wiki/Felice_Bonetto", "givenName": "Felice", "familyName": "Bonetto", "dateOfBirth": "1903-06-09", "nationality": "Italian"}, "Constructor": {"constructorId": "alfa", "url": "http://en.wikipedia.org/wiki/Alfa_Romeo_in_Formula_One", "name": "Alfa Romeo", "nationality": "Swiss"}, "grid": "7", "laps": "87", "status": "+3 Laps"}, {"number": "6", "position": "5", "positionText": "5", "points": "2", "Driver": {"driverId": "reg_parnell", "url": "http://en.wikipedia.org/wiki/Reg_Parnell", "givenName": "Reg", "familyName": "Parnell", "dateOfBirth": "1911-07-02", "nationality": "British"}, "Constructor": {"constructorId": "brm", "url": "http://en.wikipedia.org/wiki/BRM", "name": "BRM", "nationality": "British"}, "grid": "20", "laps": "85", "status": "+5 Laps"}, {"number": "3", "position": "6", "positionText": "6", "points": "0", "Driver": {"driverId": "sanesi", "url": "http://en.wikipedia.org/wiki/Consalvo_Sanesi", "givenName": "Consalvo", "familyName": "Sanesi", "dateOfBirth": "1911-03-28", "nationality": "Italian"}, "Constructor": {"constructorId": "alfa", "url": "http://en.wikipedia.org/wiki/Alfa_Romeo_in_Formula_One", "name": "Alfa Romeo", "nationality": "Swiss"}, "grid": "6", "laps": "84", "status": "+6 Laps"}, {"number": "7", "position": "7", "positionText": "7", "points": "0", "Driver": {"driverId": "peter_walker", "url": "http://en.wikipedia.org/wiki/Peter_Walker_(driver)", "givenName": "Peter", "familyName": "Walker", "dateOfBirth": "1912-10-07", "nationality": "British"}, "Constructor": {"constructorId": "brm", "url": "http://en.wikipedia.org/wiki/BRM", "name": "BRM", "nationality": "British"}, "grid": "19", "laps": "84", "status": "+6 Laps"}, {"number": "9", "position": "8", "positionText": "8", "points": "0", "Driver": {"driverId": "shawe_taylor", "url": "http://en.wikipedia.org/wiki/Brian_Shawe_Taylor", "givenName": "Brian", "familyName": "Shawe Taylor", "dateOfBirth": "1915-01-28", "nationality": "British"}, "Constructor": {"constructorId": "era", "url": "http://en.wikipedia.org/wiki/English_Racing_Automobiles", "name": "ERA", "nationality": "British"}, "grid": "12", "laps": "84", "status": "+6 Laps"}, {"number": "14", "position": "9", "positionText": "9", "points": "0", "Driver": {"driverId": "whitehead", "url": "http://en.wikipedia.org/wiki/Peter_Whitehead_(racing_driver)", "givenName": "Peter", "familyName": "Whitehead", "dateOfBirth": "1914-11-12", "nationality": "British"}, "Constructor": {"constructorId": "ferrari", "url": "http://en.wikipedia.org/wiki/Scuderia_Ferrari", "name": "Ferrari", "nationality": "Italian"}, "grid": "8", "laps": "83", "status": "+7 Laps"}, {"number": "22", "position": "10", "positionText": "10", "points": "0", "Driver": {"driverId": "rosier", "url": "http://en.wikipedia.org/wiki/Louis_Rosier", "givenName": "Louis", "familyName": "Rosier", "dateOfBirth": "1905-11-05", "nationality": "French"}, "Constructor": {"constructorId": "lago", "url": "http://en.wikipedia.org/wiki/Talbot-Lago", "name": "Talbot-Lago", "nationality": "French"}, "grid": "9", "laps": "83", "status": "+7 Laps"}, {"number": "8", "position": "11", "positionText": "11", "points": "0", "Driver": {"driverId": "gerard", "url": "http://en.wikipedia.org/wiki/Bob_Gerard", "givenName": "Bob", "familyName": "Gerard", "dateOfBirth": "1914-01-19", "nationality": "British"}, "Constructor": {"constructorId": "era", "url": "http://en.wikipedia.org/wiki/English_Racing_Automobiles", "name": "ERA", "nationality": "British"}, "grid": "10", "laps": "82", "status": "+8 Laps"}, {"number": "18", "position": "12", "positionText": "12", "points": "0", "Driver": {"driverId": "duncan_hamilton", "url": "http://en.wikipedia.org/wiki/Duncan_Hamilton_(racing_driver)", "givenName": "Duncan", "familyName": "Hamilton", "dateOfBirth": "1920-04-30", "nationality": "British"}, "Constructor": {"constructorId": "lago", "url": "http://en.wikipedia.org/wiki/Talbot-Lago", "name": "Talbot-Lago", "nationality": "French"}, "grid": "11", "laps": "81", "status": "+9 Laps"}, {"number": "25", "position": "13", "positionText": "13", "points": "0", "Driver": {"driverId": "claes", "url": "http://en.wikipedia.org/wiki/Johnny_Claes", "givenName": "Johnny", "familyName": "Claes", "dateOfBirth": "1916-08-11", "nationality": "Belgian"}, "Constructor": {"constructorId": "lago", "url": "http://en.wikipedia.org/wiki/Talbot-Lago", "name": "Talbot-Lago", "nationality": "French"}, "grid": "14", "laps": "80", "status": "+10 Laps"}, {"number": "1", "position": "14", "positionText": "R", "points": "1", "Driver": {"driverId": "farina", "url": "http://en.wikipedia.org/wiki/Nino_Farina", "givenName": "Nino", "familyName": "Farina", "dateOfBirth": "1906-10-30", "nationality": "Italian"}, "Constructor": {"constructorId": "alfa", "url": "http://en.wikipedia.org/wiki/Alfa_Romeo_in_Formula_One", "name": "Alfa Romeo", "nationality": "Swiss"}, "grid": "3", "laps": "75", "status": "Clutch"}, {"number": "5", "position": "15", "positionText": "N", "points": "0", "Driver": {"driverId": "kelly", "url": "http://en.wikipedia.org/wiki/Joe_Kelly_(Formula_One)", "givenName": "Joe", "familyName": "Kelly", "dateOfBirth": "1913-03-13", "nationality": "Irish"}, "Constructor": {"constructorId": "alta", "url": "http://en.wikipedia.org/wiki/Alta_auto_racing_team", "name": "Alta", "nationality": "British"}, "grid": "18", "laps": "75", "status": "Not classified"}, {"number": "11", "position": "16", "positionText": "R", "points": "0", "Driver": {"driverId": "ascari", "url": "http://en.wikipedia.org/wiki/Alberto_Ascari", "givenName": "Alberto", "familyName": "Ascari", "dateOfBirth": "1918-07-13", "nationality": "Italian"}, "Constructor": {"constructorId": "ferrari", "url": "http://en.wikipedia.org/wiki/Scuderia_Ferrari", "name": "Ferrari", "nationality": "Italian"}, "grid": "4", "laps": "56", "status": "Gearbox"}, {"number": "17", "position": "17", "positionText": "R", "points": "0", "Driver": {"driverId": "parker", "url": "http://en.wikipedia.org/wiki/Philip_Fotheringham-Parker", "givenName": "Philip", "familyName": "Fotheringham-Parker", "dateOfBirth": "1907-09-22", "nationality": "British"}, "Constructor": {"constructorId": "maserati", "url": "http://en.wikipedia.org/wiki/Maserati", "name": "Maserati", "nationality": "Italian"}, "grid": "16", "laps": "46", "status": "Oil leak"}, {"number": "15", "position": "18", "positionText": "R", "points": "0", "Driver": {"driverId": "murray", "url": "http://en.wikipedia.org/wiki/David_Murray_(driver)", "givenName": "David", "familyName": "Murray", "dateOfBirth": "1909-12-28", "nationality": "British"}, "Constructor": {"constructorId": "maserati", "url": "http://en.wikipedia.org/wiki/Maserati", "name": "Maserati", "nationality": "Italian"}, "grid": "15", "laps": "45", "status": "Engine"}, {"number": "23", "position": "19", "positionText": "R", "points": "0", "Driver": {"driverId": "chiron", "url": "http://en.wikipedia.org/wiki/Louis_Chiron", "givenName": "Louis", "familyName": "Chiron", "dateOfBirth": "1899-08-03", "nationality": "Monegasque"}, "Constructor": {"constructorId": "lago", "url": "http://en.wikipedia.org/wiki/Talbot-Lago", "name": "Talbot-Lago", "nationality": "French"}, "grid": "13", "laps": "41", "status": "Brakes"}, {"number": "16", "position": "20", "positionText": "R", "points": "0", "Driver": {"driverId": "john_james", "url": "http://en.wikipedia.org/wiki/John_James_(auto_racer)", "givenName": "John", "familyName": "James", "dateOfBirth": "1914-05-10", "nationality": "British"}, "Constructor": {"constructorId": "maserati", "url": "http://en.wikipedia.org/wiki/Maserati", "name": "Maserati", "nationality": "Italian"}, "grid": "17", "laps": "23", "status": "Radiator"}]}]}}}