{"MRData": {"xmlns": "http://ergast.com/mrd/1.5", "series": "f1", "url": "http://ergast.com/api/f1/1951/3/results.json", "limit": "30", "offset": "0", "total": "13", "RaceTable": {"season": "1951", "round": "3", "Races": [{"season": "1951", "round": "3", "url": "http://en.wikipedia.org/wiki/1951_Belgian_Grand_Prix", "raceName": "Belgian Grand Prix", "Circuit": {"circuitId": "spa", "url": "http://en.wikipedia.org/wiki/Circuit_de_Spa-Francorchamps", "circuitName": "Circuit de Spa-Francorchamps", "Location": {"lat": "50.4372", "long": "5.97139", "locality": "Spa", "country": "Belgium"}}, "date": "1951-06-17", "Results": [{"number": "4", "position": "1", "positionText": "1", "points": "8", "Driver": {"driverId": "farina", "url": "http://en.wikipedia.org/wiki/Nino_Farina", "givenName": "Nino", "familyName": "Farina", "dateOfBirth": "1906-10-30", "nationality": "Italian"}, "Constructor": {"constructorId": "alfa", "url": "http://en.wikipedia.org/wiki/Alfa_Romeo_in_Formula_One", "name": "Alfa Romeo", "nationality": "Swiss"}, "grid": "2", "laps": "36", "status": "Finished", "Time": {"millis": "9946200", "time": "2:45:46.2"}}, {"number": "8", "position": "2", "positionText": "2", "points": "6", "Driver": {"driverId": "ascari", "url": "http://en.wikipedia.org/wiki/Alberto_Ascari", "givenName": "Alberto", "familyName": "Ascari", "dateOfBirth": "1918-07-13", "nationality": "Italian"}, "Constructor": {"constructorId": "ferrari", "url": "http://en.wikipedia.org/wiki/Scuderia_Ferrari", "name": "Ferrari", "nationality": "Italian"}, "grid": "4", "laps": "36", "status": "Finished", "Time": {"millis": "10117200", "time": "+2:51.0"}}, {"number": "10", "position": "3", "positionText": "3", "points": "4", "Driver": {"driverId": "villoresi", "url": "http://en.wikipedia.org/wiki/Luigi_Villoresi", "givenName": "Luigi", "familyName": "Villoresi", "dateOfBirth": "1909-05-16", "nationality": "Italian"}, "Constructor": {"constructorId": "ferrari", "url": "http://en.wikipedia.org/wiki/Scuderia_Ferrari", "name": "Ferrari", "nationality": "Italian"}, "grid": "3", "laps": "36", "status": "Finished", "Time": {"millis": "10208100", "time": "+4:21.9"}}, {"number": "14", "position": "4", "positionText": "4", "points": "3", "Driver": {"driverId": "rosier", "url": "http://en.wikipedia.org/wiki/Louis_Rosier", "givenName": "Louis", "familyName": "Rosier", "dateOfBirth": "1905-11-05", "nationality": "French"}, "Constructor": {"constructorId": "lago", "url": "http://en.wikipedia.org/wiki/Talbot-Lago", "name": "Talbot-Lago", "nationality": "French"}, "grid": "7", "laps": "34", "status": "+2 Laps"}, {"number": "22", "position": "5", "positionText": "5", "points": "2", "Driver": {"driverId": "cabantous", "url": "http://en.wikipedia.org/wiki/Yves_Giraud_Cabantous", "givenName": "Yves", "familyName": "Cabantous", "dateOfBirth": "1904-10-08", "nationality": "French"}, "Constructor": {"constructorId": "lago", "url": "http://en.wikipedia.org/wiki/Talbot-Lago", "name": "Talbot-Lago", "nationality": "French"}, "grid": "8", "laps": "34", "status": "+2 Laps"}, {"number": "24", "position": "6", "positionText": "6", "points": "0", "Driver": {"driverId": "andre_pilette", "url": "http://en.wikipedia.org/wiki/Andr%C3%A9_Pilette", "givenName": "Andr\u00e9", "familyName": "Pilette", "dateOfBirth": "1918-10-06", "nationality": "Belgian"}, "Constructor": {"constructorId": "lago", "url": "http://en.wikipedia.org/wiki/Talbot-Lago", "name": "Talbot-Lago", "nationality": "French"}, "grid": "12", "laps": "33", "status": "+3 Laps"}, {"number": "16", "position": "7", "positionText": "7", "points": "0", "Driver": {"driverId": "claes", "url": "http://en.wikipedia.org/wiki/Johnny_Claes", "givenName": "Johnny", "familyName": "Claes", "dateOfBirth": "1916-08-11", "nationality": "Belgian"}, "Constructor": {"constructorId": "lago", "url": "http://en.wikipedia.org/wiki/Talbot-Lago", "name": "Talbot-Lago", "nationality": "French"}, "grid": "11", "laps": "33", "status": "+3 Laps"}, {"number": "26", "position": "8", "positionText": "8", "points": "0", "Driver": {"driverId": "levegh", "url": "http://en.wikipedia.org/wiki/Pierre_Levegh", "givenName": "Pierre", "familyName": "Levegh", "dateOfBirth": "1905-12-22", "nationality": "French"}, "Constructor": {"constructorId": "lago", "url": "http://en.wikipedia.org/wiki/Talbot-Lago", "name": "Talbot-Lago", "nationality": "French"}, "grid": "13", "laps": "32", "status": "+4 Laps"}, {"number": "2", "position": "9", "positionText": "9", "points": "1", "Driver": {"driverId": "fangio", "url": "http://en.wikipedia.org/wiki/Juan_Manuel_Fangio", "givenName": "Juan", "familyName": "Fangio", "dateOfBirth": "1911-06-24", "nationality": "Argentine"}, "Constructor": {"constructorId": "alfa", "url": "http://en.wikipedia.org/wiki/Alfa_Romeo_in_Formula_One", "name": "Alfa Romeo", "nationality": "Swiss"}, "grid": "1", "laps": "32", "status": "+4 Laps"}, {"number": "18", "position": "10", "positionText": "R", "points": "0", "Driver": {"driverId": "chiron", "url": "http://en.wikipedia.org/wiki/Louis_Chiron", "givenName": "Louis", "familyName": "Chiron", "dateOfBirth": "1899-08-03", "nationality": "Monegasque"}, "Constructor": {"constructorId": "lago", "url": "http://en.wikipedia.org/wiki/Talbot-Lago", "name": "Talbot-Lago", "nationality": "French"}, "grid": "9", "laps": "28", "status": "Engine"}, {"number": "6", "position": "11", "positionText": "R", "points": "0", "Driver": {"driverId": "sanesi", "url": "http://en.wikipedia.org/wiki/Consalvo_Sanesi", "givenName": "Consalvo", "familyName": "Sanesi", "dateOfBirth": "1911-03-28", "nationality": "Italian"}, "Constructor": {"constructorId": "alfa", "url": "http://en.wikipedia.org/wiki/Alfa_Romeo_in_Formula_One", "name": "Alfa Romeo", "nationality": "Swiss"}, "grid": "6", "laps": "11", "status": "Radiator"}, {"number": "12", "position": "12", "positionText": "R", "points": "0", "Driver": {"driverId": "taruffi", "url": "http://en.wikipedia.org/wiki/Piero_Taruffi", "givenName": "Piero", "familyName": "Taruffi", "dateOfBirth": "1906-10-12", "nationality": "Italian"}, "Constructor": {"constructorId": "ferrari", "url": "http://en.wikipedia.org/wiki/Scuderia_Ferrari", "name": "Ferrari", "nationality": "Italian"}, "grid": "5", "laps": "8", "status": "Transmission"}, {"number": "20", "position": "13", "positionText": "R", "points": "0", "Driver": {"driverId": "etancelin", "url": "http://en.wikipedia.org/wiki/Philippe_%C3%89tancelin", "givenName": "Philippe", "familyName": "\u00c9tancelin", "dateOfBirth": "1896-12-28", "nationality": "French"}, "Constructor": {"constructorId": "lago", "url": "http://en.wikipedia.org/wiki/Talbot-Lago", "name": "Talbot-Lago", "nationality": "French"}, "grid": "10", "laps": "0", "status": "Transmission"}]}]}}}