{"MRData": {"xmlns": "http://ergast.com/mrd/1.5", "series": "f1", "url": "http://ergast.com/api/f1/1951/2/results.json", "limit": "30", "offset": "0", "total": "34", "RaceTable": {"season": "1951", "round": "2", "Races": [{"season": "1951", "round": "2", "url": "http://en.wikipedia.org/wiki/1951_Indianapolis_500", "raceName": "Indianapolis 500", "Circuit": {"circuitId": "indianapolis", "url": "http://en.wikipedia.org/wiki/Indianapolis_Motor_Speedway", "circuitName": "Indianapolis Motor Speedway", "Location": {"lat": "39.795", "long": "-86.2347", "locality": "Indianapolis", "country": "USA"}}, "date": "1951-05-30", "Results": [{"number": "99", "position": "1", "positionText": "1", "points": "9", "Driver": {"driverId": "wallard", "url": "http://en.wikipedia.org/wiki/Lee_Wallard", "givenName": "Lee", "familyName": "Wallard", "dateOfBirth": "1910-09-07", "nationality": "American"}, "Constructor": {"constructorId": "kurtis_kraft", "url": "http://en.wikipedia.org/wiki/Kurtis_Kraft", "name": "Kurtis Kraft", "nationality": "American"}, "grid": "2", "laps": "200", "status": "Finished", "Time": {"millis": "14258050", "time": "3:57:38.05"}}, {"number": "83", "position": "2", "positionText": "2", "points": "6", "Driver": {"driverId": "nazaruk", "url": "http://en.wikipedia.org/wiki/Mike_Nazaruk", "givenName": "Mike", "familyName": "Nazaruk", "dateOfBirth": "1921-10-02", "nationality": "American"}, "Constructor": {"constructorId": "kurtis_kraft", "url": "http://en.wikipedia.org/wiki/Kurtis_Kraft", "name": "Kurtis Kraft", "nationality": "American"}, "grid": "7", "laps": "200", "status": "Finished", "Time": {"millis": "14365290", "time": "+1:47.24"}}, {"number": "9", "position": "3", "positionText": "3", "points": "2", "Driver": {"driverId": "mcgrath", "url": "http://en.wikipedia.org/wiki/Jack_McGrath_(racing_driver)", "givenName": "Jack", "familyName": "McGrath", "dateOfBirth": "1919-10-08", "nationality": "American"}, "Constructor": {"constructorId": "kurtis_kraft", "url": "http://en.wikipedia.org/wiki/Kurtis_Kraft", "name": "Kurtis Kraft", "nationality": "American"}, "grid": "3", "laps": "200", "status": "Finished", "Time": {"millis": "14429440", "time": "+2:51.39"}}, {"number": "9", "position": "3", "positionText": "3", "points": "2", "Driver": {"driverId": "ayulo", "url": "http://en.wikipedia.org/wiki/Manny_Ayulo", "givenName": "Manny", "familyName": "Ayulo", "dateOfBirth": "1921-10-20", "nationality": "American"}, "Constructor": {"constructorId": "kurtis_kraft", "url": "http://en.wikipedia.org/wiki/Kurtis_Kraft", "name": "Kurtis Kraft", "nationality": "American"}, "grid": "3", "laps": "200", "status": "Finished", "Time": {"millis": "14429440", "time": "+2:51.39"}}, {"number": "57", "position": "4", "positionText": "4", "points": "3", "Driver": {"driverId": "linden", "url": "http://en.wikipedia.org/wiki/Andy_Linden_(racing_driver)", "givenName": "Andy", "familyName": "Linden", "dateOfBirth": "1922-04-05", "nationality": "American"}, "Constructor": {"constructorId": "sherman", "url": "http://en.wikipedia.org/wiki/Sherman_(constructor)", "name": "Sherman", "nationality": "American"}, "grid": "31", "laps": "200", "status": "Finished", "Time": {"millis": "14538170", "time": "+4:40.12"}}, {"number": "52", "position": "5", "positionText": "5", "points": "2", "Driver": {"driverId": "ball", "url": "http://en.wikipedia.org/wiki/Bobby_Ball_(auto_racer)", "givenName": "Bobby", "familyName": "Ball", "dateOfBirth": "1925-08-26", "nationality": "American"}, "Constructor": {"constructorId": "schroeder", "url": "http://en.wikipedia.org/wiki/Schroeder_(constructor)", "name": "Schroeder", "nationality": "American"}, "grid": "29", "laps": "200", "status": "Finished", "Time": {"millis": "14550280", "time": "+4:52.23"}}, {"number": "1", "position": "6", "positionText": "6", "points": "0", "Driver": {"driverId": "banks", "url": "http://en.wikipedia.org/wiki/Henry_Banks", "givenName": "Henry", "familyName": "Banks", "dateOfBirth": "1913-06-14", "nationality": "American"}, "Constructor": {"constructorId": "moore", "url": "http://en.wikipedia.org/wiki/Moore_(constructor)", "name": "Moore", "nationality": "American"}, "grid": "17", "laps": "200", "status": "Finished", "Time": {"millis": "14598070", "time": "+5:40.02"}}, {"number": "68", "position": "7", "positionText": "7", "points": "0", "Driver": {"driverId": "forberg", "url": "http://en.wikipedia.org/wiki/Carl_Forberg", "givenName": "Carl", "familyName": "Forberg", "dateOfBirth": "1911-03-04", "nationality": "American"}, "Constructor": {"constructorId": "kurtis_kraft", "url": "http://en.wikipedia.org/wiki/Kurtis_Kraft", "name": "Kurtis Kraft", "nationality": "American"}, "grid": "24", "laps": "193", "status": "+7 Laps"}, {"number": "27", "position": "8", "positionText": "8", "points": "0", "Driver": {"driverId": "darter", "url": "http://en.wikipedia.org/wiki/Duane_Carter", "givenName": "Duane", "familyName": "Carter", "dateOfBirth": "1913-05-05", "nationality": "American"}, "Constructor": {"constructorId": "deidt", "url": "http://en.wikipedia.org/wiki/Deidt", "name": "Deidt", "nationality": "American"}, "grid": "4", "laps": "180", "status": "+20 Laps"}, {"number": "5", "position": "9", "positionText": "R", "points": "0", "Driver": {"driverId": "bettenhausen", "url": "http://en.wikipedia.org/wiki/Tony_Bettenhausen", "givenName": "Tony", "familyName": "Bettenhausen", "dateOfBirth": "1916-09-12", "nationality": "American"}, "Constructor": {"constructorId": "deidt", "url": "http://en.wikipedia.org/wiki/Deidt", "name": "Deidt", "nationality": "American"}, "grid": "9", "laps": "178", "status": "Spun off"}, {"number": "18", "position": "10", "positionText": "R", "points": "0", "Driver": {"driverId": "nalon", "url": "http://en.wikipedia.org/wiki/Duke_Nalon", "givenName": "Duke", "familyName": "Nalon", "dateOfBirth": "1913-03-02", "nationality": "American"}, "Constructor": {"constructorId": "kurtis_kraft", "url": "http://en.wikipedia.org/wiki/Kurtis_Kraft", "name": "Kurtis Kraft", "nationality": "American"}, "grid": "1", "laps": "151", "status": "Retired"}, {"number": "69", "position": "11", "positionText": "R", "points": "0", "Driver": {"driverId": "force", "url": "http://en.wikipedia.org/wiki/Gene_Force", "givenName": "Gene", "familyName": "Force", "dateOfBirth": "1916-06-15", "nationality": "American"}, "Constructor": {"constructorId": "kurtis_kraft", "url": "http://en.wikipedia.org/wiki/Kurtis_Kraft", "name": "Kurtis Kraft", "nationality": "American"}, "grid": "22", "laps": "142", "status": "Engine"}, {"number": "25", "position": "12", "positionText": "R", "points": "0", "Driver": {"driverId": "hanks", "url": "http://en.wikipedia.org/wiki/Sam_Hanks", "givenName": "Sam", "familyName": "Hanks", "dateOfBirth": "1914-07-13", "nationality": "American"}, "Constructor": {"constructorId": "kurtis_kraft", "url": "http://en.wikipedia.org/wiki/Kurtis_Kraft", "name": "Kurtis Kraft", "nationality": "American"}, "grid": "12", "laps": "135", "status": "Engine"}, {"number": "10", "position": "13", "positionText": "R", "points": "0", "Driver": {"driverId": "schindler", "url": "http://en.wikipedia.org/wiki/Bill_Schindler", "givenName": "Bill", "familyName": "Schindler", "dateOfBirth": "1909-03-06", "nationality": "American"}, "Constructor": {"constructorId": "kurtis_kraft", "url": "http://en.wikipedia.org/wiki/Kurtis_Kraft", "name": "Kurtis Kraft", "nationality": "American"}, "grid": "16", "laps": "129", "status": "Engine"}, {"number": "16", "position": "14", "positionText": "R", "points": "0", "Driver": {"driverId": "rose", "url": "http://en.wikipedia.org/wiki/Mauri_Rose", "givenName": "Mauri", "familyName": "Rose", "dateOfBirth": "1906-05-26", "nationality": "American"}, "Constructor": {"constructorId": "deidt", "url": "http://en.wikipedia.org/wiki/Deidt", "name": "Deidt", "nationality": "American"}, "grid": "5", "laps": "126", "status": "Accident"}, {"number": "2", "position": "15", "positionText": "R", "points": "0", "Driver": {"driverId": "faulkner", "url": "http://en.wikipedia.org/wiki/Walt_Faulkner", "givenName": "Walt", "familyName": "Faulkner", "dateOfBirth": "1920-02-16", "nationality": "American"}, "Constructor": {"constructorId": "kuzma", "url": "http://en.wikipedia.org/wiki/Kuzma_(constructor)", "name": "Kuzma", "nationality": "American"}, "grid": "14", "laps": "123", "status": "Engine"}, {"number": "76", "position": "16", "positionText": "R", "points": "0", "Driver": {"driverId": "davies", "url": "http://en.wikipedia.org/wiki/Jimmy_Davies", "givenName": "Jimmy", "familyName": "Davies", "dateOfBirth": "1929-08-08", "nationality": "American"}, "Constructor": {"constructorId": "pawl", "url": "http://en.wikipedia.org/wiki/Pawl_(constructor)", "name": "Pawl", "nationality": "American"}, "grid": "27", "laps": "110", "status": "Axle"}, {"number": "59", "position": "17", "positionText": "R", "points": "0", "Driver": {"driverId": "agabashian", "url": "http://en.wikipedia.org/wiki/Fred_Agabashian", "givenName": "Fred", "familyName": "Agabashian", "dateOfBirth": "1913-08-21", "nationality": "American"}, "Constructor": {"constructorId": "kurtis_kraft", "url": "http://en.wikipedia.org/wiki/Kurtis_Kraft", "name": "Kurtis Kraft", "nationality": "American"}, "grid": "11", "laps": "109", "status": "Clutch"}, {"number": "73", "position": "18", "positionText": "R", "points": "0", "Driver": {"driverId": "scarborough", "url": "http://en.wikipedia.org/wiki/Carl_Scarborough", "givenName": "Carl", "familyName": "Scarborough", "dateOfBirth": "1914-07-03", "nationality": "American"}, "Constructor": {"constructorId": "kurtis_kraft", "url": "http://en.wikipedia.org/wiki/Kurtis_Kraft", "name": "Kurtis Kraft", "nationality": "American"}, "grid": "15", "laps": "93", "status": "Heat shield fire"}, {"number": "71", "position": "19", "positionText": "R", "points": "0", "Driver": {"driverId": "mackey", "url": "http://en.wikipedia.org/wiki/Bill_Mackey", "givenName": "Bill", "familyName": "Mackey", "dateOfBirth": "1927-12-15", "nationality": "American"}, "Constructor": {"constructorId": "hall", "url": "http://en.wikipedia.org/wiki/Hall_(constructor)", "name": "Hall", "nationality": "American"}, "grid": "33", "laps": "97", "status": "Clutch"}, {"number": "8", "position": "20", "positionText": "R", "points": "0", "Driver": {"driverId": "stevenson", "url": "http://en.wikipedia.org/wiki/Chuck_Stevenson", "givenName": "Chuck", "familyName": "Stevenson", "dateOfBirth": "1919-10-15", "nationality": "American"}, "Constructor": {"constructorId": "marchese", "url": "http://en.wikipedia.org/wiki/Marchese_(constructor)", "name": "Marchese", "nationality": "American"}, "grid": "19", "laps": "93", "status": "Heat shield fire"}, {"number": "3", "position": "21", "positionText": "R", "points": "0", "Driver": {"driverId": "parsons", "url": "http://en.wikipedia.org/wiki/Johnnie_Parsons", "givenName": "Johnnie", "familyName": "Parsons", "dateOfBirth": "1918-07-04", "nationality": "American"}, "Constructor": {"constructorId": "kurtis_kraft", "url": "http://en.wikipedia.org/wiki/Kurtis_Kraft", "name": "Kurtis Kraft", "nationality": "American"}, "grid": "8", "laps": "87", "status": "Magneto"}, {"number": "4", "position": "22", "positionText": "R", "points": "0", "Driver": {"driverId": "green", "url": "http://en.wikipedia.org/wiki/Cecil_Green", "givenName": "Cecil", "familyName": "Green", "dateOfBirth": "1919-09-30", "nationality": "American"}, "Constructor": {"constructorId": "kurtis_kraft", "url": "http://en.wikipedia.org/wiki/Kurtis_Kraft", "name": "Kurtis Kraft", "nationality": "American"}, "grid": "10", "laps": "80", "status": "Engine"}, {"number": "98", "position": "23", "positionText": "R", "points": "0", "Driver": {"driverId": "ruttman", "url": "http://en.wikipedia.org/wiki/Troy_Ruttman", "givenName": "Troy", "familyName": "Ruttman", "dateOfBirth": "1930-03-11", "nationality": "American"}, "Constructor": {"constructorId": "kurtis_kraft", "url": "http://en.wikipedia.org/wiki/Kurtis_Kraft", "name": "Kurtis Kraft", "nationality": "American"}, "grid": "6", "laps": "78", "status": "Engine"}, {"number": "6", "position": "24", "positionText": "R", "points": "0", "Driver": {"driverId": "dinsmore", "url": "http://en.wikipedia.org/wiki/Duke_Dinsmore", "givenName": "Duke", "familyName": "Dinsmore", "dateOfBirth": "1913-04-10", "nationality": "American"}, "Constructor": {"constructorId": "schroeder", "url": "http://en.wikipedia.org/wiki/Schroeder_(constructor)", "name": "Schroeder", "nationality": "American"}, "grid": "32", "laps": "73", "status": "Overheating"}, {"number": "32", "position": "25", "positionText": "R", "points": "0", "Driver": {"driverId": "miller", "url": "http://en.wikipedia.org/wiki/Chet_Miller", "givenName": "Chet", "familyName": "Miller", "dateOfBirth": "1902-07-19", "nationality": "American"}, "Constructor": {"constructorId": "kurtis_kraft", "url": "http://en.wikipedia.org/wiki/Kurtis_Kraft", "name": "Kurtis Kraft", "nationality": "American"}, "grid": "28", "laps": "56", "status": "Ignition"}, {"number": "44", "position": "26", "positionText": "R", "points": "0", "Driver": {"driverId": "walt_brown", "url": "http://en.wikipedia.org/wiki/Walt_Brown_(auto_racer)", "givenName": "Walt", "familyName": "Brown", "dateOfBirth": "1911-12-30", "nationality": "American"}, "Constructor": {"constructorId": "kurtis_kraft", "url": "http://en.wikipedia.org/wiki/Kurtis_Kraft", "name": "Kurtis Kraft", "nationality": "American"}, "grid": "13", "laps": "55", "status": "Magneto"}, {"number": "48", "position": "27", "positionText": "R", "points": "0", "Driver": {"driverId": "ward", "url": "http://en.wikipedia.org/wiki/Rodger_Ward", "givenName": "Rodger", "familyName": "Ward", "dateOfBirth": "1921-01-10", "nationality": "American"}, "Constructor": {"constructorId": "bromme", "url": "http://en.wikipedia.org/wiki/Bromme", "name": "Bromme", "nationality": "American"}, "grid": "25", "laps": "34", "status": "Oil pipe"}, {"number": "23", "position": "28", "positionText": "R", "points": "0", "Driver": {"driverId": "griffith", "url": "http://en.wikipedia.org/wiki/Cliff_Griffith", "givenName": "Cliff", "familyName": "Griffith", "dateOfBirth": "1916-02-06", "nationality": "American"}, "Constructor": {"constructorId": "kurtis_kraft", "url": "http://en.wikipedia.org/wiki/Kurtis_Kraft", "name": "Kurtis Kraft", "nationality": "American"}, "grid": "18", "laps": "30", "status": "Axle"}, {"number": "81", "position": "29", "positionText": "R", "points": "0", "Driver": {"driverId": "vukovich", "url": "http://en.wikipedia.org/wiki/Bill_Vukovich", "givenName": "Bill", "familyName": "Vukovich", "dateOfBirth": "1918-12-13", "nationality": "American"}, "Constructor": {"constructorId": "trevis", "url": "http://en.wikipedia.org/wiki/Trevis", "name": "Trevis", "nationality": "American"}, "grid": "20", "laps": "29", "status": "Oil leak"}]}]}}}