{"MRData": {"xmlns": "http://ergast.com/mrd/1.5", "series": "f1", "url": "http://ergast.com/api/f1/1951/8/results.json", "limit": "30", "offset": "0", "total": "20", "RaceTable": {"season": "1951", "round": "8", "Races": [{"season": "1951", "round": "8", "url": "http://en.wikipedia.org/wiki/1951_Spanish_Grand_Prix", "raceName": "Spanish Grand Prix", "Circuit": {"circuitId": "pedralbes", "url": "http://en.wikipedia.org/wiki/Pedralbes_Circuit", "circuitName": "Circuit de Pedralbes", "Location": {"lat": "41.3903", "long": "2.11667", "locality": "Barcelona", "country": "Spain"}}, "date": "1951-10-28", "Results": [{"number": "22", "position": "1", "positionText": "1", "points": "9", "Driver": {"driverId": "fangio", "url": "http://en.wikipedia.org/wiki/Juan_Manuel_Fangio", "givenName": "Juan", "familyName": "Fangio", "dateOfBirth": "1911-06-24", "nationality": "Argentine"}, "Constructor": {"constructorId": "alfa", "url": "http://en.wikipedia.org/wiki/Alfa_Romeo_in_Formula_One", "name": "Alfa Romeo", "nationality": "Swiss"}, "grid": "2", "laps": "70", "status": "Finished", "Time": {"millis": "10014100", "time": "2:46:54.10"}}, {"number": "6", "position": "2", "positionText": "2", "points": "6", "Driver": {"driverId": "gonzalez", "url": "http://en.wikipedia.org/wiki/Jos%C3%A9_Froil%C3%A1n_Gonz%C3%A1lez", "givenName": "Jos\u00e9 Froil\u00e1n", "familyName": "Gonz\u00e1lez", "dateOfBirth": "1922-10-05", "nationality": "Argentine"}, "Constructor": {"constructorId": "ferrari", "url": "http://en.wikipedia.org/wiki/Scuderia_Ferrari", "name": "Ferrari", "nationality": "Italian"}, "grid": "3", "laps": "70", "status": "Finished", "Time": {"millis": "10068380", "time": "+54.28"}}, {"number": "20", "position": "3", "positionText": "3", "points": "4", "Driver": {"driverId": "farina", "url": "http://en.wikipedia.org/wiki/Nino_Farina", "givenName": "Nino", "familyName": "Farina", "dateOfBirth": "1906-10-30", "nationality": "Italian"}, "Constructor": {"constructorId": "alfa", "url": "http://en.wikipedia.org/wiki/Alfa_Romeo_in_Formula_One", "name": "Alfa Romeo", "nationality": "Swiss"}, "grid": "4", "laps": "70", "status": "Finished", "Time": {"millis": "10119640", "time": "+1:45.54"}}, {"number": "2", "position": "4", "positionText": "4", "points": "3", "Driver": {"driverId": "ascari", "url": "http://en.wikipedia.org/wiki/Alberto_Ascari", "givenName": "Alberto", "familyName": "Ascari", "dateOfBirth": "1918-07-13", "nationality": "Italian"}, "Constructor": {"constructorId": "ferrari", "url": "http://en.wikipedia.org/wiki/Scuderia_Ferrari", "name": "Ferrari", "nationality": "Italian"}, "grid": "1", "laps": "68", "status": "+2 Laps"}, {"number": "24", "position": "5", "positionText": "5", "points": "2", "Driver": {"driverId": "bonetto", "url": "http://en.wikipedia.org/wiki/Felice_Bonetto", "givenName": "Felice", "familyName": "Bonetto", "dateOfBirth": "1903-06-09", "nationality": "Italian"}, "Constructor": {"constructorId": "alfa", "url": "http://en.wikipedia.org/wiki/Alfa_Romeo_in_Formula_One", "name": "Alfa Romeo", "nationality": "Swiss"}, "grid": "8", "laps": "68", "status": "+2 Laps"}, {"number": "26", "position": "6", "positionText": "6", "points": "0", "Driver": {"driverId": "graffenried", "url": "http://en.wikipedia.org/wiki/Toulo_de_Graffenried", "givenName": "Toulo", "familyName": "de Graffenried", "dateOfBirth": "1914-05-18", "nationality": "Swiss"}, "Constructor": {"constructorId": "alfa", "url": "http://en.wikipedia.org/wiki/Alfa_Romeo_in_Formula_One", "name": "Alfa Romeo", "nationality": "Swiss"}, "grid": "6", "laps": "66", "status": "+4 Laps"}, {"number": "28", "position": "7", "positionText": "7", "points": "0", "Driver": {"driverId": "rosier", "url": "http://en.wikipedia.org/wiki/Louis_Rosier", "givenName": "Louis", "familyName": "Rosier", "dateOfBirth": "1905-11-05", "nationality": "French"}, "Constructor": {"constructorId": "lago", "url": "http://en.wikipedia.org/wiki/Talbot-Lago", "name": "Talbot-Lago", "nationality": "French"}, "grid": "20", "laps": "64", "status": "+6 Laps"}, {"number": "34", "position": "8", "positionText": "8", "points": "0", "Driver": {"driverId": "etancelin", "url": "http://en.wikipedia.org/wiki/Philippe_%C3%89tancelin", "givenName": "Philippe", "familyName": "\u00c9tancelin", "dateOfBirth": "1896-12-28", "nationality": "French"}, "Constructor": {"constructorId": "lago", "url": "http://en.wikipedia.org/wiki/Talbot-Lago", "name": "Talbot-Lago", "nationality": "French"}, "grid": "13", "laps": "63", "status": "+7 Laps"}, {"number": "14", "position": "9", "positionText": "9", "points": "0", "Driver": {"driverId": "manzon", "url": "http://en.wikipedia.org/wiki/Robert_Manzon", "givenName": "Robert", "familyName": "Manzon", "dateOfBirth": "1917-04-12", "nationality": "French"}, "Constructor": {"constructorId": "simca", "url": "http://en.wikipedia.org/wiki/Simca", "name": "Simca", "nationality": "French"}, "grid": "9", "laps": "63", "status": "+7 Laps"}, {"number": "44", "position": "10", "positionText": "10", "points": "0", "Driver": {"driverId": "godia", "url": "http://en.wikipedia.org/wiki/Paco_Godia", "givenName": "Paco", "familyName": "Godia", "dateOfBirth": "1921-03-21", "nationality": "Spanish"}, "Constructor": {"constructorId": "maserati", "url": "http://en.wikipedia.org/wiki/Maserati", "name": "Maserati", "nationality": "Italian"}, "grid": "17", "laps": "60", "status": "+10 Laps"}, {"number": "4", "position": "11", "positionText": "R", "points": "0", "Driver": {"driverId": "villoresi", "url": "http://en.wikipedia.org/wiki/Luigi_Villoresi", "givenName": "Luigi", "familyName": "Villoresi", "dateOfBirth": "1909-05-16", "nationality": "Italian"}, "Constructor": {"constructorId": "ferrari", "url": "http://en.wikipedia.org/wiki/Scuderia_Ferrari", "name": "Ferrari", "nationality": "Italian"}, "grid": "5", "laps": "48", "status": "Ignition"}, {"number": "16", "position": "12", "positionText": "R", "points": "0", "Driver": {"driverId": "simon", "url": "http://en.wikipedia.org/wiki/Andr%C3%A9_Simon_(racing_driver)", "givenName": "Andr\u00e9", "familyName": "Simon", "dateOfBirth": "1920-01-05", "nationality": "French"}, "Constructor": {"constructorId": "simca", "url": "http://en.wikipedia.org/wiki/Simca", "name": "Simca", "nationality": "French"}, "grid": "10", "laps": "48", "status": "Engine"}, {"number": "36", "position": "13", "positionText": "R", "points": "0", "Driver": {"driverId": "claes", "url": "http://en.wikipedia.org/wiki/Johnny_Claes", "givenName": "Johnny", "familyName": "Claes", "dateOfBirth": "1916-08-11", "nationality": "Belgian"}, "Constructor": {"constructorId": "lago", "url": "http://en.wikipedia.org/wiki/Talbot-Lago", "name": "Talbot-Lago", "nationality": "French"}, "grid": "15", "laps": "37", "status": "Accident"}, {"number": "8", "position": "14", "positionText": "R", "points": "0", "Driver": {"driverId": "taruffi", "url": "http://en.wikipedia.org/wiki/Piero_Taruffi", "givenName": "Piero", "familyName": "Taruffi", "dateOfBirth": "1906-10-12", "nationality": "Italian"}, "Constructor": {"constructorId": "ferrari", "url": "http://en.wikipedia.org/wiki/Scuderia_Ferrari", "name": "Ferrari", "nationality": "Italian"}, "grid": "7", "laps": "30", "status": "Wheel"}, {"number": "12", "position": "15", "positionText": "R", "points": "0", "Driver": {"driverId": "trintignant", "url": "http://en.wikipedia.org/wiki/Maurice_Trintignant", "givenName": "Maurice", "familyName": "Trintignant", "dateOfBirth": "1917-10-30", "nationality": "French"}, "Constructor": {"constructorId": "simca", "url": "http://en.wikipedia.org/wiki/Simca", "name": "Simca", "nationality": "French"}, "grid": "11", "laps": "25", "status": "Engine"}, {"number": "38", "position": "16", "positionText": "R", "points": "0", "Driver": {"driverId": "grignard", "url": "http://en.wikipedia.org/wiki/Georges_Grignard", "givenName": "Georges", "familyName": "Grignard", "dateOfBirth": "1905-07-25", "nationality": "French"}, "Constructor": {"constructorId": "lago", "url": "http://en.wikipedia.org/wiki/Talbot-Lago", "name": "Talbot-Lago", "nationality": "French"}, "grid": "16", "laps": "23", "status": "Engine"}, {"number": "32", "position": "17", "positionText": "R", "points": "0", "Driver": {"driverId": "cabantous", "url": "http://en.wikipedia.org/wiki/Yves_Giraud_Cabantous", "givenName": "Yves", "familyName": "Cabantous", "dateOfBirth": "1904-10-08", "nationality": "French"}, "Constructor": {"constructorId": "lago", "url": "http://en.wikipedia.org/wiki/Talbot-Lago", "name": "Talbot-Lago", "nationality": "French"}, "grid": "14", "laps": "7", "status": "Accident"}, {"number": "30", "position": "18", "positionText": "R", "points": "0", "Driver": {"driverId": "chiron", "url": "http://en.wikipedia.org/wiki/Louis_Chiron", "givenName": "Louis", "familyName": "Chiron", "dateOfBirth": "1899-08-03", "nationality": "Monegasque"}, "Constructor": {"constructorId": "lago", "url": "http://en.wikipedia.org/wiki/Talbot-Lago", "name": "Talbot-Lago", "nationality": "French"}, "grid": "12", "laps": "4", "status": "Ignition"}, {"number": "18", "position": "19", "positionText": "R", "points": "0", "Driver": {"driverId": "bira", "url": "http://en.wikipedia.org/wiki/Prince_Bira", "givenName": "Prince", "familyName": "Bira", "dateOfBirth": "1914-07-15", "nationality": "Thai"}, "Constructor": {"constructorId": "maserati", "url": "http://en.wikipedia.org/wiki/Maserati", "name": "Maserati", "nationality": "Italian"}, "grid": "19", "laps": "1", "status": "Engine"}, {"number": "46", "position": "20", "positionText": "W", "points": "0", "Driver": {"driverId": "jover", "url": "http://en.wikipedia.org/wiki/Juan_Jover", "givenName": "Juan", "familyName": "Jover", "dateOfBirth": "1903-11-23", "nationality": "Spanish"}, "Constructor": {"constructorId": "maserati", "url": "http://en.wikipedia.org/wiki/Maserati", "name": "Maserati", "nationality": "Italian"}, "grid": "18", "laps": "0", "status": "Engine"}]}]}}}