{"MRData": {"xmlns": "http://ergast.com/mrd/1.5", "series": "f1", "url": "http://ergast.com/api/f1/1954/2/driverstandings.json", "limit": "30", "offset": "0", "total": "58", "StandingsTable": {"season": "1954", "round": "2", "StandingsLists": [{"season": "1954", "round": "2", "DriverStandings": [{"position": "1", "positionText": "1", "points": "8", "wins": "1", "Driver": {"driverId": "fangio", "url": "http://en.wikipedia.org/wiki/Juan_Manuel_Fangio", "givenName": "Juan", "familyName": "Fangio", "dateOfBirth": "1911-06-24", "nationality": "Argentine"}, "Constructors": [{"constructorId": "maserati", "url": "http://en.wikipedia.org/wiki/Maserati", "name": "Maserati", "nationality": "Italian"}]}, {"position": "2", "positionText": "2", "points": "8", "wins": "1", "Driver": {"driverId": "vukovich", "url": "http://en.wikipedia.org/wiki/Bill_Vukovich", "givenName": "Bill", "familyName": "Vukovich", "dateOfBirth": "1918-12-13", "nationality": "American"}, "Constructors": [{"constructorId": "kurtis_kraft", "url": "http://en.wikipedia.org/wiki/Kurtis_Kraft", "name": "Kurtis Kraft", "nationality": "American"}]}, {"position": "3", "positionText": "3", "points": "6", "wins": "0", "Driver": {"driverId": "bryan", "url": "http://en.wikipedia.org/wiki/Jimmy_Bryan", "givenName": "Jimmy", "familyName": "Bryan", "dateOfBirth": "1926-01-28", "nationality": "American"}, "Constructors": [{"constructorId": "kuzma", "url": "http://en.wikipedia.org/wiki/Kuzma_(constructor)", "name": "Kuzma", "nationality": "American"}]}, {"position": "4", "positionText": "4", "points": "6", "wins": "0", "Driver": {"driverId": "farina", "url": "http://en.wikipedia.org/wiki/Nino_Farina", "givenName": "Nino", "familyName": "Farina", "dateOfBirth": "1906-10-30", "nationality": "Italian"}, "Constructors": [{"constructorId": "ferrari", "url": "http://en.wikipedia.org/wiki/Scuderia_Ferrari", "name": "Ferrari", "nationality": "Italian"}]}, {"position": "5", "positionText": "5", "points": "5", "wins": "0", "Driver": {"driverId": "gonzalez", "url": "http://en.wikipedia.org/wiki/Jos%C3%A9_Froil%C3%A1n_Gonz%C3%A1lez", "givenName": "Jos\u00e9 Froil\u00e1n", "familyName": "Gonz\u00e1lez", "dateOfBirth": "1922-10-05", "nationality": "Argentine"}, "Constructors": [{"constructorId": "ferrari", "url": "http://en.wikipedia.org/wiki/Scuderia_Ferrari", "name": "Ferrari", "nationality": "Italian"}]}, {"position": "6", "positionText": "6", "points": "5", "wins": "0", "Driver": {"driverId": "mcgrath", "url": "http://en.wikipedia.org/wiki/Jack_McGrath_(racing_driver)", "givenName": "Jack", "familyName": "McGrath", "dateOfBirth": "1919-10-08", "nationality": "American"}, "Constructors": [{"constructorId": "kurtis_kraft", "url": "http://en.wikipedia.org/wiki/Kurtis_Kraft", "name": "Kurtis Kraft", "nationality": "American"}]}, {"position": "7", "positionText": "7", "points": "3", "wins": "0", "Driver": {"driverId": "trintignant", "url": "http://en.wikipedia.org/wiki/Maurice_Trintignant", "givenName": "Maurice", "familyName": "Trintignant", "dateOfBirth": "1917-10-30", "nationality": "French"}, "Constructors": [{"constructorId": "ferrari", "url": "http://en.wikipedia.org/wiki/Scuderia_Ferrari", "name": "Ferrari", "nationality": "Italian"}]}, {"position": "8", "positionText": "8", "points": "2", "wins": "0", "Driver": {"driverId": "bayol", "url": "http://en.wikipedia.org/wiki/%C3%89lie_Bayol", "givenName": "\u00c9lie", "familyName": "Bayol", "dateOfBirth": "1914-02-28", "nationality": "French"}, "Constructors": [{"constructorId": "gordini", "url": "http://en.wikipedia.org/wiki/Gordini", "name": "Gordini", "nationality": "French"}]}, {"position": "9", "positionText": "9", "points": "2", "wins": "0", "Driver": {"driverId": "nazaruk", "url": "http://en.wikipedia.org/wiki/Mike_Nazaruk", "givenName": "Mike", "familyName": "Nazaruk", "dateOfBirth": "1921-10-02", "nationality": "American"}, "Constructors": [{"constructorId": "kurtis_kraft", "url": "http://en.wikipedia.org/wiki/Kurtis_Kraft", "name": "Kurtis Kraft", "nationality": "American"}]}, {"position": "10", "positionText": "10", "points": "1.5", "wins": "0", "Driver": {"driverId": "darter", "url": "http://en.wikipedia.org/wiki/Duane_Carter", "givenName": "Duane", "familyName": "Carter", "dateOfBirth": "1913-05-05", "nationality": "American"}, "Constructors": [{"constructorId": "kurtis_kraft", "url": "http://en.wikipedia.org/wiki/Kurtis_Kraft", "name": "Kurtis Kraft", "nationality": "American"}]}, {"position": "11", "positionText": "11", "points": "1.5", "wins": "0", "Driver": {"driverId": "ruttman", "url": "http://en.wikipedia.org/wiki/Troy_Ruttman", "givenName": "Troy", "familyName": "Ruttman", "dateOfBirth": "1930-03-11", "nationality": "American"}, "Constructors": [{"constructorId": "kurtis_kraft", "url": "http://en.wikipedia.org/wiki/Kurtis_Kraft", "name": "Kurtis Kraft", "nationality": "American"}]}, {"position": "12", "positionText": "12", "points": "0", "wins": "0", "Driver": {"driverId": "agabashian", "url": "http://en.wikipedia.org/wiki/Fred_Agabashian", "givenName": "Fred", "familyName": "Agabashian", "dateOfBirth": "1913-08-21", "nationality": "American"}, "Constructors": [{"constructorId": "kurtis_kraft", "url": "http://en.wikipedia.org/wiki/Kurtis_Kraft", "name": "Kurtis Kraft", "nationality": "American"}]}, {"position": "13", "positionText": "13", "points": "0", "wins": "0", "Driver": {"driverId": "schell", "url": "http://en.wikipedia.org/wiki/Harry_Schell", "givenName": "Harry", "familyName": "Schell", "dateOfBirth": "1921-06-29", "nationality": "American"}, "Constructors": [{"constructorId": "maserati", "url": "http://en.wikipedia.org/wiki/Maserati", "name": "Maserati", "nationality": "Italian"}]}, {"position": "14", "positionText": "14", "points": "0", "wins": "0", "Driver": {"driverId": "bira", "url": "http://en.wikipedia.org/wiki/Prince_Bira", "givenName": "Prince", "familyName": "Bira", "dateOfBirth": "1914-07-15", "nationality": "Thai"}, "Constructors": [{"constructorId": "maserati", "url": "http://en.wikipedia.org/wiki/Maserati", "name": "Maserati", "nationality": "Italian"}]}, {"position": "15", "positionText": "15", "points": "0", "wins": "0", "Driver": {"driverId": "freeland", "url": "http://en.wikipedia.org/wiki/Don_Freeland", "givenName": "Don", "familyName": "Freeland", "dateOfBirth": "1925-03-25", "nationality": "American"}, "Constructors": [{"constructorId": "phillips", "url": "http://en.wikipedia.org/wiki/Phillips_(constructor)", "name": "Phillips", "nationality": "American"}]}, {"position": "16", "positionText": "16", "points": "0", "wins": "0", "Driver": {"driverId": "hoyt", "url": "http://en.wikipedia.org/wiki/Jerry_Hoyt", "givenName": "Jerry", "familyName": "Hoyt", "dateOfBirth": "1929-01-29", "nationality": "American"}, "Constructors": [{"constructorId": "kurtis_kraft", "url": "http://en.wikipedia.org/wiki/Kurtis_Kraft", "name": "Kurtis Kraft", "nationality": "American"}]}, {"position": "17", "positionText": "17", "points": "0", "wins": "0", "Driver": {"driverId": "graffenried", "url": "http://en.wikipedia.org/wiki/Toulo_de_Graffenried", "givenName": "Toulo", "familyName": "de Graffenried", "dateOfBirth": "1914-05-18", "nationality": "Swiss"}, "Constructors": [{"constructorId": "maserati", "url": "http://en.wikipedia.org/wiki/Maserati", "name": "Maserati", "nationality": "Italian"}]}, {"position": "18", "positionText": "18", "points": "0", "wins": "0", "Driver": {"driverId": "paul_russo", "url": "http://en.wikipedia.org/wiki/Paul_Russo", "givenName": "Paul", "familyName": "Russo", "dateOfBirth": "1914-04-10", "nationality": "American"}, "Constructors": [{"constructorId": "kurtis_kraft", "url": "http://en.wikipedia.org/wiki/Kurtis_Kraft", "name": "Kurtis Kraft", "nationality": "American"}]}, {"position": "19", "positionText": "19", "points": "0", "wins": "0", "Driver": {"driverId": "crockett", "url": "http://en.wikipedia.org/wiki/Larry_Crockett", "givenName": "Larry", "familyName": "Crockett", "dateOfBirth": "1926-10-23", "nationality": "American"}, "Constructors": [{"constructorId": "kurtis_kraft", "url": "http://en.wikipedia.org/wiki/Kurtis_Kraft", "name": "Kurtis Kraft", "nationality": "American"}]}, {"position": "20", "positionText": "20", "points": "0", "wins": "0", "Driver": {"driverId": "maglioli", "url": "http://en.wikipedia.org/wiki/Umberto_Maglioli", "givenName": "Umberto", "familyName": "Maglioli", "dateOfBirth": "1928-06-05", "nationality": "Italian"}, "Constructors": [{"constructorId": "ferrari", "url": "http://en.wikipedia.org/wiki/Scuderia_Ferrari", "name": "Ferrari", "nationality": "Italian"}]}, {"position": "21", "positionText": "21", "points": "0", "wins": "0", "Driver": {"driverId": "niday", "url": "http://en.wikipedia.org/wiki/Cal_Niday", "givenName": "Cal", "familyName": "Niday", "dateOfBirth": "1914-04-29", "nationality": "American"}, "Constructors": [{"constructorId": "stevens", "url": "http://en.wikipedia.org/wiki/Stevens_(constructor)", "name": "Stevens", "nationality": "American"}]}, {"position": "22", "positionText": "22", "points": "0", "wins": "0", "Driver": {"driverId": "davies", "url": "http://en.wikipedia.org/wiki/Jimmy_Davies", "givenName": "Jimmy", "familyName": "Davies", "dateOfBirth": "1929-08-08", "nationality": "American"}, "Constructors": [{"constructorId": "kurtis_kraft", "url": "http://en.wikipedia.org/wiki/Kurtis_Kraft", "name": "Kurtis Kraft", "nationality": "American"}]}, {"position": "23", "positionText": "23", "points": "0", "wins": "0", "Driver": {"driverId": "hanks", "url": "http://en.wikipedia.org/wiki/Sam_Hanks", "givenName": "Sam", "familyName": "Hanks", "dateOfBirth": "1914-07-13", "nationality": "American"}, "Constructors": [{"constructorId": "kurtis_kraft", "url": "http://en.wikipedia.org/wiki/Kurtis_Kraft", "name": "Kurtis Kraft", "nationality": "American"}]}, {"position": "24", "positionText": "24", "points": "0", "wins": "0", "Driver": {"driverId": "linden", "url": "http://en.wikipedia.org/wiki/Andy_Linden_(racing_driver)", "givenName": "Andy", "familyName": "Linden", "dateOfBirth": "1922-04-05", "nationality": "American"}, "Constructors": [{"constructorId": "schroeder", "url": "http://en.wikipedia.org/wiki/Schroeder_(constructor)", "name": "Schroeder", "nationality": "American"}, {"constructorId": "kurtis_kraft", "url": "http://en.wikipedia.org/wiki/Kurtis_Kraft", "name": "Kurtis Kraft", "nationality": "American"}, {"constructorId": "nichels", "url": "http://en.wikipedia.org/wiki/Nichels", "name": "Nichels", "nationality": "American"}]}, {"position": "25", "positionText": "25", "points": "0", "wins": "0", "Driver": {"driverId": "parsons", "url": "http://en.wikipedia.org/wiki/Johnnie_Parsons", "givenName": "Johnnie", "familyName": "Parsons", "dateOfBirth": "1918-07-04", "nationality": "American"}, "Constructors": [{"constructorId": "kurtis_kraft", "url": "http://en.wikipedia.org/wiki/Kurtis_Kraft", "name": "Kurtis Kraft", "nationality": "American"}]}, {"position": "26", "positionText": "26", "points": "0", "wins": "0", "Driver": {"driverId": "cross", "url": "http://en.wikipedia.org/wiki/Art_Cross", "givenName": "Art", "familyName": "Cross", "dateOfBirth": "1918-01-24", "nationality": "American"}, "Constructors": [{"constructorId": "kurtis_kraft", "url": "http://en.wikipedia.org/wiki/Kurtis_Kraft", "name": "Kurtis Kraft", "nationality": "American"}]}, {"position": "27", "positionText": "27", "points": "0", "wins": "0", "Driver": {"driverId": "faulkner", "url": "http://en.wikipedia.org/wiki/Walt_Faulkner", "givenName": "Walt", "familyName": "Faulkner", "dateOfBirth": "1920-02-16", "nationality": "American"}, "Constructors": [{"constructorId": "kuzma", "url": "http://en.wikipedia.org/wiki/Kuzma_(constructor)", "name": "Kuzma", "nationality": "American"}]}, {"position": "28", "positionText": "28", "points": "0", "wins": "0", "Driver": {"driverId": "stevenson", "url": "http://en.wikipedia.org/wiki/Chuck_Stevenson", "givenName": "Chuck", "familyName": "Stevenson", "dateOfBirth": "1919-10-15", "nationality": "American"}, "Constructors": [{"constructorId": "kuzma", "url": "http://en.wikipedia.org/wiki/Kuzma_(constructor)", "name": "Kuzma", "nationality": "American"}]}, {"position": "29", "positionText": "29", "points": "0", "wins": "0", "Driver": {"driverId": "ayulo", "url": "http://en.wikipedia.org/wiki/Manny_Ayulo", "givenName": "Manny", "familyName": "Ayulo", "dateOfBirth": "1921-10-20", "nationality": "American"}, "Constructors": [{"constructorId": "kuzma", "url": "http://en.wikipedia.org/wiki/Kuzma_(constructor)", "name": "Kuzma", "nationality": "American"}]}, {"position": "30", "positionText": "30", "points": "0", "wins": "0", "Driver": {"driverId": "sweikert", "url": "http://en.wikipedia.org/wiki/Bob_Sweikert", "givenName": "Bob", "familyName": "Sweikert", "dateOfBirth": "1926-05-20", "nationality": "American"}, "Constructors": [{"constructorId": "kurtis_kraft", "url": "http://en.wikipedia.org/wiki/Kurtis_Kraft", "name": "Kurtis Kraft", "nationality": "American"}]}]}]}}}