{"MRData": {"xmlns": "http://ergast.com/mrd/1.5", "series": "f1", "url": "http://ergast.com/api/f1/1954/1/results.json", "limit": "30", "offset": "0", "total": "18", "RaceTable": {"season": "1954", "round": "1", "Races": [{"season": "1954", "round": "1", "url": "http://en.wikipedia.org/wiki/1954_Argentine_Grand_Prix", "raceName": "Argentine Grand Prix", "Circuit": {"circuitId": "galvez", "url": "http://en.wikipedia.org/wiki/Aut%C3%B3dromo_Oscar_Alfredo_G%C3%A1lvez", "circuitName": "Aut\u00f3dromo Juan y Oscar G\u00e1lvez", "Location": {"lat": "-34.6943", "long": "-58.4593", "locality": "Buenos Aires", "country": "Argentina"}}, "date": "1954-01-17", "Results": [{"number": "2", "position": "1", "positionText": "1", "points": "8", "Driver": {"driverId": "fangio", "url": "http://en.wikipedia.org/wiki/Juan_Manuel_Fangio", "givenName": "Juan", "familyName": "Fangio", "dateOfBirth": "1911-06-24", "nationality": "Argentine"}, "Constructor": {"constructorId": "maserati", "url": "http://en.wikipedia.org/wiki/Maserati", "name": "Maserati", "nationality": "Italian"}, "grid": "3", "laps": "87", "status": "Finished", "Time": {"millis": "10855800", "time": "3:00:55.8"}}, {"number": "10", "position": "2", "positionText": "2", "points": "6", "Driver": {"driverId": "farina", "url": "http://en.wikipedia.org/wiki/Nino_Farina", "givenName": "Nino", "familyName": "Farina", "dateOfBirth": "1906-10-30", "nationality": "Italian"}, "Constructor": {"constructorId": "ferrari", "url": "http://en.wikipedia.org/wiki/Scuderia_Ferrari", "name": "Ferrari", "nationality": "Italian"}, "grid": "1", "laps": "87", "status": "Finished", "Time": {"millis": "10934800", "time": "+1:19.0"}}, {"number": "12", "position": "3", "positionText": "3", "points": "5", "Driver": {"driverId": "gonzalez", "url": "http://en.wikipedia.org/wiki/Jos%C3%A9_Froil%C3%A1n_Gonz%C3%A1lez", "givenName": "Jos\u00e9 Froil\u00e1n", "familyName": "Gonz\u00e1lez", "dateOfBirth": "1922-10-05", "nationality": "Argentine"}, "Constructor": {"constructorId": "ferrari", "url": "http://en.wikipedia.org/wiki/Scuderia_Ferrari", "name": "Ferrari", "nationality": "Italian"}, "grid": "2", "laps": "87", "status": "Finished", "Time": {"millis": "10976800", "time": "+2:01.0"}}, {"number": "26", "position": "4", "positionText": "4", "points": "3", "Driver": {"driverId": "trintignant", "url": "http://en.wikipedia.org/wiki/Maurice_Trintignant", "givenName": "Maurice", "familyName": "Trintignant", "dateOfBirth": "1917-10-30", "nationality": "French"}, "Constructor": {"constructorId": "ferrari", "url": "http://en.wikipedia.org/wiki/Scuderia_Ferrari", "name": "Ferrari", "nationality": "Italian"}, "grid": "5", "laps": "86", "status": "+1 Lap"}, {"number": "20", "position": "5", "positionText": "5", "points": "2", "Driver": {"driverId": "bayol", "url": "http://en.wikipedia.org/wiki/%C3%89lie_Bayol", "givenName": "\u00c9lie", "familyName": "Bayol", "dateOfBirth": "1914-02-28", "nationality": "French"}, "Constructor": {"constructorId": "gordini", "url": "http://en.wikipedia.org/wiki/Gordini", "name": "Gordini", "nationality": "French"}, "grid": "15", "laps": "85", "status": "+2 Laps"}, {"number": "28", "position": "6", "positionText": "6", "points": "0", "Driver": {"driverId": "schell", "url": "http://en.wikipedia.org/wiki/Harry_Schell", "givenName": "Harry", "familyName": "Schell", "dateOfBirth": "1921-06-29", "nationality": "American"}, "Constructor": {"constructorId": "maserati", "url": "http://en.wikipedia.org/wiki/Maserati", "name": "Maserati", "nationality": "Italian"}, "grid": "11", "laps": "84", "status": "+3 Laps"}, {"number": "8", "position": "7", "positionText": "7", "points": "0", "Driver": {"driverId": "bira", "url": "http://en.wikipedia.org/wiki/Prince_Bira", "givenName": "Prince", "familyName": "Bira", "dateOfBirth": "1914-07-15", "nationality": "Thai"}, "Constructor": {"constructorId": "maserati", "url": "http://en.wikipedia.org/wiki/Maserati", "name": "Maserati", "nationality": "Italian"}, "grid": "10", "laps": "83", "status": "+4 Laps"}, {"number": "30", "position": "8", "positionText": "8", "points": "0", "Driver": {"driverId": "graffenried", "url": "http://en.wikipedia.org/wiki/Toulo_de_Graffenried", "givenName": "Toulo", "familyName": "de Graffenried", "dateOfBirth": "1914-05-18", "nationality": "Swiss"}, "Constructor": {"constructorId": "maserati", "url": "http://en.wikipedia.org/wiki/Maserati", "name": "Maserati", "nationality": "Italian"}, "grid": "13", "laps": "83", "status": "+4 Laps"}, {"number": "16", "position": "9", "positionText": "9", "points": "0", "Driver": {"driverId": "maglioli", "url": "http://en.wikipedia.org/wiki/Umberto_Maglioli", "givenName": "Umberto", "familyName": "Maglioli", "dateOfBirth": "1928-06-05", "nationality": "Italian"}, "Constructor": {"constructorId": "ferrari", "url": "http://en.wikipedia.org/wiki/Scuderia_Ferrari", "name": "Ferrari", "nationality": "Italian"}, "grid": "12", "laps": "82", "status": "+5 Laps"}, {"number": "18", "position": "10", "positionText": "D", "points": "0", "Driver": {"driverId": "behra", "url": "http://en.wikipedia.org/wiki/Jean_Behra", "givenName": "Jean", "familyName": "Behra", "dateOfBirth": "1921-02-16", "nationality": "French"}, "Constructor": {"constructorId": "gordini", "url": "http://en.wikipedia.org/wiki/Gordini", "name": "Gordini", "nationality": "French"}, "grid": "17", "laps": "61", "status": "Disqualified"}, {"number": "14", "position": "11", "positionText": "D", "points": "0", "Driver": {"driverId": "hawthorn", "url": "http://en.wikipedia.org/wiki/Mike_Hawthorn", "givenName": "Mike", "familyName": "Hawthorn", "dateOfBirth": "1929-04-10", "nationality": "British"}, "Constructor": {"constructorId": "ferrari", "url": "http://en.wikipedia.org/wiki/Scuderia_Ferrari", "name": "Ferrari", "nationality": "Italian"}, "grid": "4", "laps": "52", "status": "Disqualified"}, {"number": "4", "position": "12", "positionText": "R", "points": "0", "Driver": {"driverId": "marimon", "url": "http://en.wikipedia.org/wiki/Onofre_Marim%C3%B3n", "givenName": "Onofre", "familyName": "Marim\u00f3n", "dateOfBirth": "1923-12-19", "nationality": "Argentine"}, "Constructor": {"constructorId": "maserati", "url": "http://en.wikipedia.org/wiki/Maserati", "name": "Maserati", "nationality": "Italian"}, "grid": "6", "laps": "48", "status": "Engine"}, {"number": "32", "position": "13", "positionText": "R", "points": "0", "Driver": {"driverId": "mieres", "url": "http://en.wikipedia.org/wiki/Roberto_Mieres", "givenName": "Roberto", "familyName": "Mieres", "dateOfBirth": "1924-12-03", "nationality": "Argentine"}, "Constructor": {"constructorId": "maserati", "url": "http://en.wikipedia.org/wiki/Maserati", "name": "Maserati", "nationality": "Italian"}, "grid": "8", "laps": "37", "status": "Oil leak"}, {"number": "22", "position": "14", "positionText": "R", "points": "0", "Driver": {"driverId": "loyer", "url": "http://en.wikipedia.org/wiki/Roger_Loyer", "givenName": "Roger", "familyName": "Loyer", "dateOfBirth": "1907-08-05", "nationality": "French"}, "Constructor": {"constructorId": "gordini", "url": "http://en.wikipedia.org/wiki/Gordini", "name": "Gordini", "nationality": "French"}, "grid": "16", "laps": "19", "status": "Oil pressure"}, {"number": "34", "position": "15", "positionText": "R", "points": "0", "Driver": {"driverId": "daponte", "url": "http://en.wikipedia.org/wiki/Jorge_Daponte", "givenName": "Jorge", "familyName": "Daponte", "dateOfBirth": "1923-06-05", "nationality": "Argentine"}, "Constructor": {"constructorId": "maserati", "url": "http://en.wikipedia.org/wiki/Maserati", "name": "Maserati", "nationality": "Italian"}, "grid": "18", "laps": "19", "status": "Gearbox"}, {"number": "24", "position": "16", "positionText": "R", "points": "0", "Driver": {"driverId": "rosier", "url": "http://en.wikipedia.org/wiki/Louis_Rosier", "givenName": "Louis", "familyName": "Rosier", "dateOfBirth": "1905-11-05", "nationality": "French"}, "Constructor": {"constructorId": "ferrari", "url": "http://en.wikipedia.org/wiki/Scuderia_Ferrari", "name": "Ferrari", "nationality": "Italian"}, "grid": "14", "laps": "1", "status": "Accident"}, {"number": "6", "position": "17", "positionText": "W", "points": "0", "Driver": {"driverId": "musso", "url": "http://en.wikipedia.org/wiki/Luigi_Musso", "givenName": "Luigi", "familyName": "Musso", "dateOfBirth": "1924-07-28", "nationality": "Italian"}, "Constructor": {"constructorId": "maserati", "url": "http://en.wikipedia.org/wiki/Maserati", "name": "Maserati", "nationality": "Italian"}, "grid": "7", "laps": "0", "status": "Withdrew"}, {"number": "36", "position": "18", "positionText": "W", "points": "0", "Driver": {"driverId": "menditeguy", "url": "http://en.wikipedia.org/wiki/Carlos_Menditeguy", "givenName": "Carlos", "familyName": "Menditeguy", "dateOfBirth": "1914-08-10", "nationality": "Argentine"}, "Constructor": {"constructorId": "maserati", "url": "http://en.wikipedia.org/wiki/Maserati", "name": "Maserati", "nationality": "Italian"}, "grid": "9", "laps": "0", "status": "Withdrew"}]}]}}}