{"MRData": {"xmlns": "http://ergast.com/mrd/1.5", "series": "f1", "url": "http://ergast.com/api/f1/1954/5/results.json", "limit": "30", "offset": "0", "total": "34", "RaceTable": {"season": "1954", "round": "5", "Races": [{"season": "1954", "round": "5", "url": "http://en.wikipedia.org/wiki/1954_British_Grand_Prix", "raceName": "British Grand Prix", "Circuit": {"circuitId": "silverstone", "url": "http://en.wikipedia.org/wiki/Silverstone_Circuit", "circuitName": "Silverstone Circuit", "Location": {"lat": "52.0786", "long": "-1.01694", "locality": "Silverstone", "country": "UK"}}, "date": "1954-07-17", "Results": [{"number": "9", "position": "1", "positionText": "1", "points": "8.14", "Driver": {"driverId": "gonzalez", "url": "http://en.wikipedia.org/wiki/Jos%C3%A9_Froil%C3%A1n_Gonz%C3%A1lez", "givenName": "Jos\u00e9 Froil\u00e1n", "familyName": "Gonz\u00e1lez", "dateOfBirth": "1922-10-05", "nationality": "Argentine"}, "Constructor": {"constructorId": "ferrari", "url": "http://en.wikipedia.org/wiki/Scuderia_Ferrari", "name": "Ferrari", "nationality": "Italian"}, "grid": "2", "laps": "90", "status": "Finished", "Time": {"millis": "10574000", "time": "2:56:14.0"}}, {"number": "11", "position": "2", "positionText": "2", "points": "6.14", "Driver": {"driverId": "hawthorn", "url": "http://en.wikipedia.org/wiki/Mike_Hawthorn", "givenName": "Mike", "familyName": "Hawthorn", "dateOfBirth": "1929-04-10", "nationality": "British"}, "Constructor": {"constructorId": "ferrari", "url": "http://en.wikipedia.org/wiki/Scuderia_Ferrari", "name": "Ferrari", "nationality": "Italian"}, "grid": "3", "laps": "90", "status": "Finished", "Time": {"millis": "10644000", "time": "+1:10"}}, {"number": "33", "position": "3", "positionText": "3", "points": "4.14", "Driver": {"driverId": "marimon", "url": "http://en.wikipedia.org/wiki/Onofre_Marim%C3%B3n", "givenName": "Onofre", "familyName": "Marim\u00f3n", "dateOfBirth": "1923-12-19", "nationality": "Argentine"}, "Constructor": {"constructorId": "maserati", "url": "http://en.wikipedia.org/wiki/Maserati", "name": "Maserati", "nationality": "Italian"}, "grid": "28", "laps": "89", "status": "+1 Lap"}, {"number": "1", "position": "4", "positionText": "4", "points": "3.14", "Driver": {"driverId": "fangio", "url": "http://en.wikipedia.org/wiki/Juan_Manuel_Fangio", "givenName": "Juan", "familyName": "Fangio", "dateOfBirth": "1911-06-24", "nationality": "Argentine"}, "Constructor": {"constructorId": "mercedes", "url": "http://en.wikipedia.org/wiki/Mercedes-Benz_in_Formula_One", "name": "Mercedes", "nationality": "German"}, "grid": "1", "laps": "89", "status": "+1 Lap"}, {"number": "10", "position": "5", "positionText": "5", "points": "2", "Driver": {"driverId": "trintignant", "url": "http://en.wikipedia.org/wiki/Maurice_Trintignant", "givenName": "Maurice", "familyName": "Trintignant", "dateOfBirth": "1917-10-30", "nationality": "French"}, "Constructor": {"constructorId": "ferrari", "url": "http://en.wikipedia.org/wiki/Scuderia_Ferrari", "name": "Ferrari", "nationality": "Italian"}, "grid": "8", "laps": "87", "status": "+3 Laps"}, {"number": "4", "position": "6", "positionText": "6", "points": "0", "Driver": {"driverId": "mieres", "url": "http://en.wikipedia.org/wiki/Roberto_Mieres", "givenName": "Roberto", "familyName": "Mieres", "dateOfBirth": "1924-12-03", "nationality": "Argentine"}, "Constructor": {"constructorId": "maserati", "url": "http://en.wikipedia.org/wiki/Maserati", "name": "Maserati", "nationality": "Italian"}, "grid": "32", "laps": "87", "status": "+3 Laps"}, {"number": "2", "position": "7", "positionText": "7", "points": "0", "Driver": {"driverId": "kling", "url": "http://en.wikipedia.org/wiki/Karl_Kling", "givenName": "Karl", "familyName": "Kling", "dateOfBirth": "1910-09-16", "nationality": "German"}, "Constructor": {"constructorId": "mercedes", "url": "http://en.wikipedia.org/wiki/Mercedes-Benz_in_Formula_One", "name": "Mercedes", "nationality": "German"}, "grid": "6", "laps": "87", "status": "+3 Laps"}, {"number": "8", "position": "8", "positionText": "8", "points": "0", "Driver": {"driverId": "wharton", "url": "http://en.wikipedia.org/wiki/Ken_Wharton", "givenName": "Ken", "familyName": "Wharton", "dateOfBirth": "1916-03-21", "nationality": "British"}, "Constructor": {"constructorId": "maserati", "url": "http://en.wikipedia.org/wiki/Maserati", "name": "Maserati", "nationality": "Italian"}, "grid": "9", "laps": "86", "status": "+4 Laps"}, {"number": "19", "position": "9", "positionText": "9", "points": "0", "Driver": {"driverId": "andre_pilette", "url": "http://en.wikipedia.org/wiki/Andr%C3%A9_Pilette", "givenName": "Andr\u00e9", "familyName": "Pilette", "dateOfBirth": "1918-10-06", "nationality": "Belgian"}, "Constructor": {"constructorId": "gordini", "url": "http://en.wikipedia.org/wiki/Gordini", "name": "Gordini", "nationality": "French"}, "grid": "12", "laps": "86", "status": "+4 Laps"}, {"number": "29", "position": "10", "positionText": "10", "points": "0", "Driver": {"driverId": "gerard", "url": "http://en.wikipedia.org/wiki/Bob_Gerard", "givenName": "Bob", "familyName": "Gerard", "dateOfBirth": "1914-01-19", "nationality": "British"}, "Constructor": {"constructorId": "cooper", "url": "http://en.wikipedia.org/wiki/Cooper_Car_Company", "name": "Cooper", "nationality": "British"}, "grid": "18", "laps": "85", "status": "+5 Laps"}, {"number": "25", "position": "11", "positionText": "11", "points": "0", "Driver": {"driverId": "beauman", "url": "http://en.wikipedia.org/wiki/Don_Beauman", "givenName": "Don", "familyName": "Beauman", "dateOfBirth": "1928-07-26", "nationality": "British"}, "Constructor": {"constructorId": "connaught", "url": "http://en.wikipedia.org/wiki/Connaught_Engineering", "name": "Connaught", "nationality": "British"}, "grid": "17", "laps": "84", "status": "+6 Laps"}, {"number": "3", "position": "12", "positionText": "12", "points": "0", "Driver": {"driverId": "schell", "url": "http://en.wikipedia.org/wiki/Harry_Schell", "givenName": "Harry", "familyName": "Schell", "dateOfBirth": "1921-06-29", "nationality": "American"}, "Constructor": {"constructorId": "maserati", "url": "http://en.wikipedia.org/wiki/Maserati", "name": "Maserati", "nationality": "Italian"}, "grid": "16", "laps": "83", "status": "+7 Laps"}, {"number": "23", "position": "13", "positionText": "13", "points": "0", "Driver": {"driverId": "marr", "url": "http://en.wikipedia.org/wiki/Leslie_Marr", "givenName": "Leslie", "familyName": "Marr", "dateOfBirth": "1922-08-14", "nationality": "British"}, "Constructor": {"constructorId": "connaught", "url": "http://en.wikipedia.org/wiki/Connaught_Engineering", "name": "Connaught", "nationality": "British"}, "grid": "22", "laps": "82", "status": "+8 Laps"}, {"number": "26", "position": "14", "positionText": "14", "points": "0", "Driver": {"driverId": "thorne", "url": "http://en.wikipedia.org/wiki/Leslie_Thorne", "givenName": "Leslie", "familyName": "Thorne", "dateOfBirth": "1916-06-23", "nationality": "British"}, "Constructor": {"constructorId": "connaught", "url": "http://en.wikipedia.org/wiki/Connaught_Engineering", "name": "Connaught", "nationality": "British"}, "grid": "23", "laps": "78", "status": "+12 Laps"}, {"number": "28", "position": "15", "positionText": "15", "points": "0", "Driver": {"driverId": "gould", "url": "http://en.wikipedia.org/wiki/Horace_Gould", "givenName": "Horace", "familyName": "Gould", "dateOfBirth": "1918-09-20", "nationality": "British"}, "Constructor": {"constructorId": "cooper", "url": "http://en.wikipedia.org/wiki/Cooper_Car_Company", "name": "Cooper", "nationality": "British"}, "grid": "20", "laps": "44", "status": "+46 Laps"}, {"number": "7", "position": "16", "positionText": "R", "points": "0", "Driver": {"driverId": "moss", "url": "http://en.wikipedia.org/wiki/Stirling_Moss", "givenName": "Stirling", "familyName": "Moss", "dateOfBirth": "1929-09-17", "nationality": "British"}, "Constructor": {"constructorId": "maserati", "url": "http://en.wikipedia.org/wiki/Maserati", "name": "Maserati", "nationality": "Italian"}, "grid": "4", "laps": "80", "status": "Axle"}, {"number": "22", "position": "17", "positionText": "R", "points": "0", "Driver": {"driverId": "whitehouse", "url": "http://en.wikipedia.org/wiki/Bill_Whitehouse", "givenName": "Bill", "familyName": "Whitehouse", "dateOfBirth": "1909-04-01", "nationality": "British"}, "Constructor": {"constructorId": "connaught", "url": "http://en.wikipedia.org/wiki/Connaught_Engineering", "name": "Connaught", "nationality": "British"}, "grid": "19", "laps": "63", "status": "Fuel system"}, {"number": "17", "position": "18", "positionText": "R", "points": "0", "Driver": {"driverId": "behra", "url": "http://en.wikipedia.org/wiki/Jean_Behra", "givenName": "Jean", "familyName": "Behra", "dateOfBirth": "1921-02-16", "nationality": "French"}, "Constructor": {"constructorId": "gordini", "url": "http://en.wikipedia.org/wiki/Gordini", "name": "Gordini", "nationality": "French"}, "grid": "5", "laps": "54", "status": "Suspension"}, {"number": "5", "position": "19", "positionText": "R", "points": "0", "Driver": {"driverId": "salvadori", "url": "http://en.wikipedia.org/wiki/Roy_Salvadori", "givenName": "Roy", "familyName": "Salvadori", "dateOfBirth": "1922-05-12", "nationality": "British"}, "Constructor": {"constructorId": "maserati", "url": "http://en.wikipedia.org/wiki/Maserati", "name": "Maserati", "nationality": "Italian"}, "grid": "7", "laps": "53", "status": "Transmission"}, {"number": "6", "position": "20", "positionText": "R", "points": "0", "Driver": {"driverId": "bira", "url": "http://en.wikipedia.org/wiki/Prince_Bira", "givenName": "Prince", "familyName": "Bira", "dateOfBirth": "1914-07-15", "nationality": "Thai"}, "Constructor": {"constructorId": "maserati", "url": "http://en.wikipedia.org/wiki/Maserati", "name": "Maserati", "nationality": "Italian"}, "grid": "10", "laps": "44", "status": "Accident"}, {"number": "6", "position": "20", "positionText": "R", "points": "0", "Driver": {"driverId": "flockhart", "url": "http://en.wikipedia.org/wiki/Ron_Flockhart_(auto_racing)", "givenName": "Ron", "familyName": "Flockhart", "dateOfBirth": "1923-06-16", "nationality": "British"}, "Constructor": {"constructorId": "maserati", "url": "http://en.wikipedia.org/wiki/Maserati", "name": "Maserati", "nationality": "Italian"}, "grid": "10", "laps": "44", "status": "Accident"}, {"number": "32", "position": "21", "positionText": "R", "points": "0", "Driver": {"driverId": "villoresi", "url": "http://en.wikipedia.org/wiki/Luigi_Villoresi", "givenName": "Luigi", "familyName": "Villoresi", "dateOfBirth": "1909-05-16", "nationality": "Italian"}, "Constructor": {"constructorId": "maserati", "url": "http://en.wikipedia.org/wiki/Maserati", "name": "Maserati", "nationality": "Italian"}, "grid": "27", "laps": "40", "status": "Engine"}, {"number": "32", "position": "21", "positionText": "R", "points": "0", "Driver": {"driverId": "ascari", "url": "http://en.wikipedia.org/wiki/Alberto_Ascari", "givenName": "Alberto", "familyName": "Ascari", "dateOfBirth": "1918-07-13", "nationality": "Italian"}, "Constructor": {"constructorId": "maserati", "url": "http://en.wikipedia.org/wiki/Maserati", "name": "Maserati", "nationality": "Italian"}, "grid": "27", "laps": "40", "status": "Engine"}, {"number": "24", "position": "22", "positionText": "R", "points": "0", "Driver": {"driverId": "riseley_prichard", "url": "http://en.wikipedia.org/wiki/John_Riseley-Prichard", "givenName": "John", "familyName": "Riseley-Prichard", "dateOfBirth": "1924-01-17", "nationality": "British"}, "Constructor": {"constructorId": "connaught", "url": "http://en.wikipedia.org/wiki/Connaught_Engineering", "name": "Connaught", "nationality": "British"}, "grid": "21", "laps": "40", "status": "Accident"}, {"number": "12", "position": "23", "positionText": "R", "points": "0", "Driver": {"driverId": "reg_parnell", "url": "http://en.wikipedia.org/wiki/Reg_Parnell", "givenName": "Reg", "familyName": "Parnell", "dateOfBirth": "1911-07-02", "nationality": "British"}, "Constructor": {"constructorId": "ferrari", "url": "http://en.wikipedia.org/wiki/Scuderia_Ferrari", "name": "Ferrari", "nationality": "Italian"}, "grid": "14", "laps": "25", "status": "Engine"}, {"number": "31", "position": "24", "positionText": "R", "points": "0", "Driver": {"driverId": "ascari", "url": "http://en.wikipedia.org/wiki/Alberto_Ascari", "givenName": "Alberto", "familyName": "Ascari", "dateOfBirth": "1918-07-13", "nationality": "Italian"}, "Constructor": {"constructorId": "maserati", "url": "http://en.wikipedia.org/wiki/Maserati", "name": "Maserati", "nationality": "Italian"}, "grid": "30", "laps": "21", "status": "Engine"}, {"number": "18", "position": "25", "positionText": "R", "points": "0", "Driver": {"driverId": "bucci", "url": "http://en.wikipedia.org/wiki/Clemar_Bucci", "givenName": "Clemar", "familyName": "Bucci", "dateOfBirth": "1920-09-04", "nationality": "Argentine"}, "Constructor": {"constructorId": "gordini", "url": "http://en.wikipedia.org/wiki/Gordini", "name": "Gordini", "nationality": "French"}, "grid": "13", "laps": "18", "status": "Accident"}, {"number": "20", "position": "26", "positionText": "R", "points": "0", "Driver": {"driverId": "collins", "url": "http://en.wikipedia.org/wiki/Peter_Collins_(racing_driver)", "givenName": "Peter", "familyName": "Collins", "dateOfBirth": "1931-11-06", "nationality": "British"}, "Constructor": {"constructorId": "vanwall", "url": "http://en.wikipedia.org/wiki/Vanwall", "name": "Vanwall", "nationality": "British"}, "grid": "11", "laps": "16", "status": "Engine"}, {"number": "14", "position": "27", "positionText": "R", "points": "0", "Driver": {"driverId": "manzon", "url": "http://en.wikipedia.org/wiki/Robert_Manzon", "givenName": "Robert", "familyName": "Manzon", "dateOfBirth": "1917-04-12", "nationality": "French"}, "Constructor": {"constructorId": "ferrari", "url": "http://en.wikipedia.org/wiki/Scuderia_Ferrari", "name": "Ferrari", "nationality": "Italian"}, "grid": "15", "laps": "16", "status": "Engine"}, {"number": "21", "position": "28", "positionText": "R", "points": "0", "Driver": {"driverId": "whitehead", "url": "http://en.wikipedia.org/wiki/Peter_Whitehead_(racing_driver)", "givenName": "Peter", "familyName": "Whitehead", "dateOfBirth": "1914-11-12", "nationality": "British"}, "Constructor": {"constructorId": "cooper", "url": "http://en.wikipedia.org/wiki/Cooper_Car_Company", "name": "Cooper", "nationality": "British"}, "grid": "24", "laps": "4", "status": "Oil leak"}]}]}}}