{"MRData": {"xmlns": "http://ergast.com/mrd/1.5", "series": "f1", "url": "http://ergast.com/api/f1/1954/6/results.json", "limit": "30", "offset": "0", "total": "24", "RaceTable": {"season": "1954", "round": "6", "Races": [{"season": "1954", "round": "6", "url": "http://en.wikipedia.org/wiki/1954_German_Grand_Prix", "raceName": "German Grand Prix", "Circuit": {"circuitId": "nurburgring", "url": "http://en.wikipedia.org/wiki/N%C3%BCrburgring", "circuitName": "N\u00fcrburgring", "Location": {"lat": "50.3356", "long": "6.9475", "locality": "N\u00fcrburg", "country": "Germany"}}, "date": "1954-08-01", "Results": [{"number": "18", "position": "1", "positionText": "1", "points": "8", "Driver": {"driverId": "fangio", "url": "http://en.wikipedia.org/wiki/Juan_Manuel_Fangio", "givenName": "Juan", "familyName": "Fangio", "dateOfBirth": "1911-06-24", "nationality": "Argentine"}, "Constructor": {"constructorId": "mercedes", "url": "http://en.wikipedia.org/wiki/Mercedes-Benz_in_Formula_One", "name": "Mercedes", "nationality": "German"}, "grid": "1", "laps": "22", "status": "Finished", "Time": {"millis": "13545800", "time": "3:45:45.8"}}, {"number": "1", "position": "2", "positionText": "2", "points": "3", "Driver": {"driverId": "gonzalez", "url": "http://en.wikipedia.org/wiki/Jos%C3%A9_Froil%C3%A1n_Gonz%C3%A1lez", "givenName": "Jos\u00e9 Froil\u00e1n", "familyName": "Gonz\u00e1lez", "dateOfBirth": "1922-10-05", "nationality": "Argentine"}, "Constructor": {"constructorId": "ferrari", "url": "http://en.wikipedia.org/wiki/Scuderia_Ferrari", "name": "Ferrari", "nationality": "Italian"}, "grid": "5", "laps": "22", "status": "Finished", "Time": {"millis": "13642300", "time": "+1:36.5"}}, {"number": "1", "position": "2", "positionText": "2", "points": "3", "Driver": {"driverId": "hawthorn", "url": "http://en.wikipedia.org/wiki/Mike_Hawthorn", "givenName": "Mike", "familyName": "Hawthorn", "dateOfBirth": "1929-04-10", "nationality": "British"}, "Constructor": {"constructorId": "ferrari", "url": "http://en.wikipedia.org/wiki/Scuderia_Ferrari", "name": "Ferrari", "nationality": "Italian"}, "grid": "5", "laps": "22", "status": "Finished", "Time": {"millis": "13642300", "time": "+1:36.5"}}, {"number": "2", "position": "3", "positionText": "3", "points": "4", "Driver": {"driverId": "trintignant", "url": "http://en.wikipedia.org/wiki/Maurice_Trintignant", "givenName": "Maurice", "familyName": "Trintignant", "dateOfBirth": "1917-10-30", "nationality": "French"}, "Constructor": {"constructorId": "ferrari", "url": "http://en.wikipedia.org/wiki/Scuderia_Ferrari", "name": "Ferrari", "nationality": "Italian"}, "grid": "7", "laps": "22", "status": "Finished", "Time": {"millis": "13854400", "time": "+5:08.6"}}, {"number": "19", "position": "4", "positionText": "4", "points": "4", "Driver": {"driverId": "kling", "url": "http://en.wikipedia.org/wiki/Karl_Kling", "givenName": "Karl", "familyName": "Kling", "dateOfBirth": "1910-09-16", "nationality": "German"}, "Constructor": {"constructorId": "mercedes", "url": "http://en.wikipedia.org/wiki/Mercedes-Benz_in_Formula_One", "name": "Mercedes", "nationality": "German"}, "grid": "23", "laps": "22", "status": "Finished", "Time": {"millis": "13912300", "time": "+6:06.5"}}, {"number": "7", "position": "5", "positionText": "5", "points": "2", "Driver": {"driverId": "mantovani", "url": "http://en.wikipedia.org/wiki/Sergio_Mantovani", "givenName": "Sergio", "familyName": "Mantovani", "dateOfBirth": "1929-05-22", "nationality": "Italian"}, "Constructor": {"constructorId": "maserati", "url": "http://en.wikipedia.org/wiki/Maserati", "name": "Maserati", "nationality": "Italian"}, "grid": "15", "laps": "22", "status": "Finished", "Time": {"millis": "14076300", "time": "+8:50.5"}}, {"number": "4", "position": "6", "positionText": "6", "points": "0", "Driver": {"driverId": "taruffi", "url": "http://en.wikipedia.org/wiki/Piero_Taruffi", "givenName": "Piero", "familyName": "Taruffi", "dateOfBirth": "1906-10-12", "nationality": "Italian"}, "Constructor": {"constructorId": "ferrari", "url": "http://en.wikipedia.org/wiki/Scuderia_Ferrari", "name": "Ferrari", "nationality": "Italian"}, "grid": "13", "laps": "21", "status": "+1 Lap"}, {"number": "15", "position": "7", "positionText": "7", "points": "0", "Driver": {"driverId": "schell", "url": "http://en.wikipedia.org/wiki/Harry_Schell", "givenName": "Harry", "familyName": "Schell", "dateOfBirth": "1921-06-29", "nationality": "American"}, "Constructor": {"constructorId": "maserati", "url": "http://en.wikipedia.org/wiki/Maserati", "name": "Maserati", "nationality": "Italian"}, "grid": "14", "laps": "21", "status": "+1 Lap"}, {"number": "25", "position": "8", "positionText": "8", "points": "0", "Driver": {"driverId": "rosier", "url": "http://en.wikipedia.org/wiki/Louis_Rosier", "givenName": "Louis", "familyName": "Rosier", "dateOfBirth": "1905-11-05", "nationality": "French"}, "Constructor": {"constructorId": "ferrari", "url": "http://en.wikipedia.org/wiki/Scuderia_Ferrari", "name": "Ferrari", "nationality": "Italian"}, "grid": "11", "laps": "21", "status": "+1 Lap"}, {"number": "24", "position": "9", "positionText": "9", "points": "0", "Driver": {"driverId": "manzon", "url": "http://en.wikipedia.org/wiki/Robert_Manzon", "givenName": "Robert", "familyName": "Manzon", "dateOfBirth": "1917-04-12", "nationality": "French"}, "Constructor": {"constructorId": "ferrari", "url": "http://en.wikipedia.org/wiki/Scuderia_Ferrari", "name": "Ferrari", "nationality": "Italian"}, "grid": "12", "laps": "20", "status": "+2 Laps"}, {"number": "9", "position": "10", "positionText": "10", "points": "0", "Driver": {"driverId": "behra", "url": "http://en.wikipedia.org/wiki/Jean_Behra", "givenName": "Jean", "familyName": "Behra", "dateOfBirth": "1921-02-16", "nationality": "French"}, "Constructor": {"constructorId": "gordini", "url": "http://en.wikipedia.org/wiki/Gordini", "name": "Gordini", "nationality": "French"}, "grid": "9", "laps": "20", "status": "+2 Laps"}, {"number": "14", "position": "11", "positionText": "R", "points": "0", "Driver": {"driverId": "bira", "url": "http://en.wikipedia.org/wiki/Prince_Bira", "givenName": "Prince", "familyName": "Bira", "dateOfBirth": "1914-07-15", "nationality": "Thai"}, "Constructor": {"constructorId": "maserati", "url": "http://en.wikipedia.org/wiki/Maserati", "name": "Maserati", "nationality": "Italian"}, "grid": "19", "laps": "18", "status": "Steering"}, {"number": "21", "position": "12", "positionText": "R", "points": "0", "Driver": {"driverId": "lang", "url": "http://en.wikipedia.org/wiki/Hermann_Lang", "givenName": "Hermann", "familyName": "Lang", "dateOfBirth": "1909-04-06", "nationality": "German"}, "Constructor": {"constructorId": "mercedes", "url": "http://en.wikipedia.org/wiki/Mercedes-Benz_in_Formula_One", "name": "Mercedes", "nationality": "German"}, "grid": "13", "laps": "10", "status": "Spun off"}, {"number": "11", "position": "13", "positionText": "R", "points": "0", "Driver": {"driverId": "bucci", "url": "http://en.wikipedia.org/wiki/Clemar_Bucci", "givenName": "Clemar", "familyName": "Bucci", "dateOfBirth": "1920-09-04", "nationality": "Argentine"}, "Constructor": {"constructorId": "gordini", "url": "http://en.wikipedia.org/wiki/Gordini", "name": "Gordini", "nationality": "French"}, "grid": "16", "laps": "8", "status": "Wheel"}, {"number": "22", "position": "14", "positionText": "R", "points": "0", "Driver": {"driverId": "helfrich", "url": "http://en.wikipedia.org/wiki/Theo_Helfrich", "givenName": "Theo", "familyName": "Helfrich", "dateOfBirth": "1913-05-13", "nationality": "German"}, "Constructor": {"constructorId": "klenk", "url": "http://en.wikipedia.org/wiki/Klenk", "name": "Klenk", "nationality": "German"}, "grid": "21", "laps": "8", "status": "Engine"}, {"number": "20", "position": "15", "positionText": "R", "points": "0", "Driver": {"driverId": "herrmann", "url": "http://en.wikipedia.org/wiki/Hans_Herrmann", "givenName": "Hans", "familyName": "Herrmann", "dateOfBirth": "1928-02-23", "nationality": "German"}, "Constructor": {"constructorId": "mercedes", "url": "http://en.wikipedia.org/wiki/Mercedes-Benz_in_Formula_One", "name": "Mercedes", "nationality": "German"}, "grid": "4", "laps": "7", "status": "Fuel leak"}, {"number": "10", "position": "16", "positionText": "R", "points": "0", "Driver": {"driverId": "frere", "url": "http://en.wikipedia.org/wiki/Paul_Fr%C3%A8re", "givenName": "Paul", "familyName": "Fr\u00e8re", "dateOfBirth": "1917-01-30", "nationality": "Belgian"}, "Constructor": {"constructorId": "gordini", "url": "http://en.wikipedia.org/wiki/Gordini", "name": "Gordini", "nationality": "French"}, "grid": "4", "laps": "4", "status": "Wheel"}, {"number": "3", "position": "17", "positionText": "R", "points": "0", "Driver": {"driverId": "hawthorn", "url": "http://en.wikipedia.org/wiki/Mike_Hawthorn", "givenName": "Mike", "familyName": "Hawthorn", "dateOfBirth": "1929-04-10", "nationality": "British"}, "Constructor": {"constructorId": "ferrari", "url": "http://en.wikipedia.org/wiki/Scuderia_Ferrari", "name": "Ferrari", "nationality": "Italian"}, "grid": "3", "laps": "3", "status": "Transmission"}, {"number": "8", "position": "18", "positionText": "R", "points": "0", "Driver": {"driverId": "mieres", "url": "http://en.wikipedia.org/wiki/Roberto_Mieres", "givenName": "Roberto", "familyName": "Mieres", "dateOfBirth": "1924-12-03", "nationality": "Argentine"}, "Constructor": {"constructorId": "maserati", "url": "http://en.wikipedia.org/wiki/Maserati", "name": "Maserati", "nationality": "Italian"}, "grid": "17", "laps": "2", "status": "Fuel leak"}, {"number": "16", "position": "19", "positionText": "R", "points": "0", "Driver": {"driverId": "moss", "url": "http://en.wikipedia.org/wiki/Stirling_Moss", "givenName": "Stirling", "familyName": "Moss", "dateOfBirth": "1929-09-17", "nationality": "British"}, "Constructor": {"constructorId": "maserati", "url": "http://en.wikipedia.org/wiki/Maserati", "name": "Maserati", "nationality": "Italian"}, "grid": "3", "laps": "1", "status": "Wheel bearing"}, {"number": "12", "position": "20", "positionText": "R", "points": "0", "Driver": {"driverId": "andre_pilette", "url": "http://en.wikipedia.org/wiki/Andr%C3%A9_Pilette", "givenName": "Andr\u00e9", "familyName": "Pilette", "dateOfBirth": "1918-10-06", "nationality": "Belgian"}, "Constructor": {"constructorId": "gordini", "url": "http://en.wikipedia.org/wiki/Gordini", "name": "Gordini", "nationality": "French"}, "grid": "20", "laps": "0", "status": "Suspension"}, {"number": "6", "position": "21", "positionText": "W", "points": "0", "Driver": {"driverId": "marimon", "url": "http://en.wikipedia.org/wiki/Onofre_Marim%C3%B3n", "givenName": "Onofre", "familyName": "Marim\u00f3n", "dateOfBirth": "1923-12-19", "nationality": "Argentine"}, "Constructor": {"constructorId": "maserati", "url": "http://en.wikipedia.org/wiki/Maserati", "name": "Maserati", "nationality": "Italian"}, "grid": "8", "laps": "0", "status": "Accident"}, {"number": "5", "position": "22", "positionText": "W", "points": "0", "Driver": {"driverId": "villoresi", "url": "http://en.wikipedia.org/wiki/Luigi_Villoresi", "givenName": "Luigi", "familyName": "Villoresi", "dateOfBirth": "1909-05-16", "nationality": "Italian"}, "Constructor": {"constructorId": "maserati", "url": "http://en.wikipedia.org/wiki/Maserati", "name": "Maserati", "nationality": "Italian"}, "grid": "10", "laps": "0", "status": "Withdrew"}, {"number": "17", "position": "23", "positionText": "W", "points": "0", "Driver": {"driverId": "wharton", "url": "http://en.wikipedia.org/wiki/Ken_Wharton", "givenName": "Ken", "familyName": "Wharton", "dateOfBirth": "1916-03-21", "nationality": "British"}, "Constructor": {"constructorId": "maserati", "url": "http://en.wikipedia.org/wiki/Maserati", "name": "Maserati", "nationality": "Italian"}, "grid": "22", "laps": "0", "status": "Withdrew"}]}]}}}