{"MRData": {"xmlns": "http://ergast.com/mrd/1.5", "series": "f1", "url": "http://ergast.com/api/f1/1955/3/results.json", "limit": "30", "offset": "0", "total": "35", "RaceTable": {"season": "1955", "round": "3", "Races": [{"season": "1955", "round": "3", "url": "http://en.wikipedia.org/wiki/1955_Indianapolis_500", "raceName": "Indianapolis 500", "Circuit": {"circuitId": "indianapolis", "url": "http://en.wikipedia.org/wiki/Indianapolis_Motor_Speedway", "circuitName": "Indianapolis Motor Speedway", "Location": {"lat": "39.795", "long": "-86.2347", "locality": "Indianapolis", "country": "USA"}}, "date": "1955-05-30", "Results": [{"number": "6", "position": "1", "positionText": "1", "points": "8", "Driver": {"driverId": "sweikert", "url": "http://en.wikipedia.org/wiki/Bob_Sweikert", "givenName": "Bob", "familyName": "Sweikert", "dateOfBirth": "1926-05-20", "nationality": "American"}, "Constructor": {"constructorId": "kurtis_kraft", "url": "http://en.wikipedia.org/wiki/Kurtis_Kraft", "name": "Kurtis Kraft", "nationality": "American"}, "grid": "14", "laps": "200", "status": "Finished", "Time": {"millis": "14039530", "time": "3:53:59.53"}}, {"number": "10", "position": "2", "positionText": "2", "points": "3", "Driver": {"driverId": "bettenhausen", "url": "http://en.wikipedia.org/wiki/Tony_Bettenhausen", "givenName": "Tony", "familyName": "Bettenhausen", "dateOfBirth": "1916-09-12", "nationality": "American"}, "Constructor": {"constructorId": "kurtis_kraft", "url": "http://en.wikipedia.org/wiki/Kurtis_Kraft", "name": "Kurtis Kraft", "nationality": "American"}, "grid": "2", "laps": "200", "status": "Finished", "Time": {"millis": "14203090", "time": "+2:43.56"}}, {"number": "10", "position": "2", "positionText": "2", "points": "3", "Driver": {"driverId": "paul_russo", "url": "http://en.wikipedia.org/wiki/Paul_Russo", "givenName": "Paul", "familyName": "Russo", "dateOfBirth": "1914-04-10", "nationality": "American"}, "Constructor": {"constructorId": "kurtis_kraft", "url": "http://en.wikipedia.org/wiki/Kurtis_Kraft", "name": "Kurtis Kraft", "nationality": "American"}, "grid": "2", "laps": "200", "status": "Finished", "Time": {"millis": "14203090", "time": "+2:43.56"}}, {"number": "15", "position": "3", "positionText": "3", "points": "4", "Driver": {"driverId": "davies", "url": "http://en.wikipedia.org/wiki/Jimmy_Davies", "givenName": "Jimmy", "familyName": "Davies", "dateOfBirth": "1929-08-08", "nationality": "American"}, "Constructor": {"constructorId": "kurtis_kraft", "url": "http://en.wikipedia.org/wiki/Kurtis_Kraft", "name": "Kurtis Kraft", "nationality": "American"}, "grid": "10", "laps": "200", "status": "Finished", "Time": {"millis": "14251890", "time": "+3:32.36"}}, {"number": "44", "position": "4", "positionText": "4", "points": "3", "Driver": {"driverId": "thomson", "url": "http://en.wikipedia.org/wiki/Johnny_Thomson", "givenName": "Johnny", "familyName": "Thomson", "dateOfBirth": "1922-04-09", "nationality": "American"}, "Constructor": {"constructorId": "kuzma", "url": "http://en.wikipedia.org/wiki/Kuzma_(constructor)", "name": "Kuzma", "nationality": "American"}, "grid": "33", "laps": "200", "status": "Finished", "Time": {"millis": "14258440", "time": "+3:38.91"}}, {"number": "77", "position": "5", "positionText": "5", "points": "1", "Driver": {"driverId": "homeier", "url": "http://en.wikipedia.org/wiki/Bill_Homeier", "givenName": "Bill", "familyName": "Homeier", "dateOfBirth": "1918-08-31", "nationality": "American"}, "Constructor": {"constructorId": "kurtis_kraft", "url": "http://en.wikipedia.org/wiki/Kurtis_Kraft", "name": "Kurtis Kraft", "nationality": "American"}, "grid": "7", "laps": "200", "status": "Finished", "Time": {"millis": "14356700", "time": "+5:17.17"}}, {"number": "77", "position": "5", "positionText": "5", "points": "1", "Driver": {"driverId": "faulkner", "url": "http://en.wikipedia.org/wiki/Walt_Faulkner", "givenName": "Walt", "familyName": "Faulkner", "dateOfBirth": "1920-02-16", "nationality": "American"}, "Constructor": {"constructorId": "kurtis_kraft", "url": "http://en.wikipedia.org/wiki/Kurtis_Kraft", "name": "Kurtis Kraft", "nationality": "American"}, "grid": "7", "laps": "200", "status": "Finished", "Time": {"millis": "14356700", "time": "+5:17.17"}}, {"number": "19", "position": "6", "positionText": "6", "points": "0", "Driver": {"driverId": "linden", "url": "http://en.wikipedia.org/wiki/Andy_Linden_(racing_driver)", "givenName": "Andy", "familyName": "Linden", "dateOfBirth": "1922-04-05", "nationality": "American"}, "Constructor": {"constructorId": "kurtis_kraft", "url": "http://en.wikipedia.org/wiki/Kurtis_Kraft", "name": "Kurtis Kraft", "nationality": "American"}, "grid": "8", "laps": "200", "status": "Finished", "Time": {"millis": "14397470", "time": "+5:57.94"}}, {"number": "71", "position": "7", "positionText": "7", "points": "0", "Driver": {"driverId": "herman", "url": "http://en.wikipedia.org/wiki/Al_Herman", "givenName": "Al", "familyName": "Herman", "dateOfBirth": "1927-03-15", "nationality": "American"}, "Constructor": {"constructorId": "kurtis_kraft", "url": "http://en.wikipedia.org/wiki/Kurtis_Kraft", "name": "Kurtis Kraft", "nationality": "American"}, "grid": "16", "laps": "200", "status": "Finished", "Time": {"millis": "14423770", "time": "+6:24.24"}}, {"number": "29", "position": "8", "positionText": "8", "points": "0", "Driver": {"driverId": "connor", "url": "http://en.wikipedia.org/wiki/Pat_O%27Connor_(auto_racer)", "givenName": "Pat", "familyName": "O'Connor", "dateOfBirth": "1928-10-09", "nationality": "American"}, "Constructor": {"constructorId": "kurtis_kraft", "url": "http://en.wikipedia.org/wiki/Kurtis_Kraft", "name": "Kurtis Kraft", "nationality": "American"}, "grid": "19", "laps": "200", "status": "Finished", "Time": {"millis": "14441130", "time": "+6:41.60"}}, {"number": "48", "position": "9", "positionText": "9", "points": "0", "Driver": {"driverId": "daywalt", "url": "http://en.wikipedia.org/wiki/Jimmy_Daywalt", "givenName": "Jimmy", "familyName": "Daywalt", "dateOfBirth": "1924-08-28", "nationality": "American"}, "Constructor": {"constructorId": "kurtis_kraft", "url": "http://en.wikipedia.org/wiki/Kurtis_Kraft", "name": "Kurtis Kraft", "nationality": "American"}, "grid": "17", "laps": "200", "status": "Finished", "Time": {"millis": "14469340", "time": "+7:09.81"}}, {"number": "89", "position": "10", "positionText": "10", "points": "0", "Driver": {"driverId": "flaherty", "url": "http://en.wikipedia.org/wiki/Pat_Flaherty_(racing_driver)", "givenName": "Pat", "familyName": "Flaherty", "dateOfBirth": "1926-01-06", "nationality": "American"}, "Constructor": {"constructorId": "kurtis_kraft", "url": "http://en.wikipedia.org/wiki/Kurtis_Kraft", "name": "Kurtis Kraft", "nationality": "American"}, "grid": "12", "laps": "200", "status": "Finished", "Time": {"millis": "14506070", "time": "+7:46.54"}}, {"number": "98", "position": "11", "positionText": "11", "points": "0", "Driver": {"driverId": "darter", "url": "http://en.wikipedia.org/wiki/Duane_Carter", "givenName": "Duane", "familyName": "Carter", "dateOfBirth": "1913-05-05", "nationality": "American"}, "Constructor": {"constructorId": "kuzma", "url": "http://en.wikipedia.org/wiki/Kuzma_(constructor)", "name": "Kuzma", "nationality": "American"}, "grid": "18", "laps": "197", "status": "+3 Laps"}, {"number": "41", "position": "12", "positionText": "12", "points": "0", "Driver": {"driverId": "weyant", "url": "http://en.wikipedia.org/wiki/Chuck_Weyant", "givenName": "Chuck", "familyName": "Weyant", "dateOfBirth": "1923-04-03", "nationality": "American"}, "Constructor": {"constructorId": "kurtis_kraft", "url": "http://en.wikipedia.org/wiki/Kurtis_Kraft", "name": "Kurtis Kraft", "nationality": "American"}, "grid": "25", "laps": "196", "status": "+4 Laps"}, {"number": "83", "position": "13", "positionText": "13", "points": "0", "Driver": {"driverId": "johnson", "url": "http://en.wikipedia.org/wiki/Eddie_Johnson_(auto_racer)", "givenName": "Eddie", "familyName": "Johnson", "dateOfBirth": "1919-02-10", "nationality": "American"}, "Constructor": {"constructorId": "trevis", "url": "http://en.wikipedia.org/wiki/Trevis", "name": "Trevis", "nationality": "American"}, "grid": "32", "laps": "196", "status": "+4 Laps"}, {"number": "33", "position": "14", "positionText": "14", "points": "0", "Driver": {"driverId": "rathmann", "url": "http://en.wikipedia.org/wiki/Jim_Rathmann", "givenName": "Jim", "familyName": "Rathmann", "dateOfBirth": "1928-07-16", "nationality": "American"}, "Constructor": {"constructorId": "epperly", "url": "http://en.wikipedia.org/wiki/Epperly", "name": "Epperly", "nationality": "American"}, "grid": "20", "laps": "191", "status": "+9 Laps"}, {"number": "12", "position": "15", "positionText": "R", "points": "0", "Driver": {"driverId": "freeland", "url": "http://en.wikipedia.org/wiki/Don_Freeland", "givenName": "Don", "familyName": "Freeland", "dateOfBirth": "1925-03-25", "nationality": "American"}, "Constructor": {"constructorId": "phillips", "url": "http://en.wikipedia.org/wiki/Phillips_(constructor)", "name": "Phillips", "nationality": "American"}, "grid": "21", "laps": "178", "status": "Transmission"}, {"number": "22", "position": "16", "positionText": "R", "points": "0", "Driver": {"driverId": "niday", "url": "http://en.wikipedia.org/wiki/Cal_Niday", "givenName": "Cal", "familyName": "Niday", "dateOfBirth": "1914-04-29", "nationality": "American"}, "Constructor": {"constructorId": "kurtis_kraft", "url": "http://en.wikipedia.org/wiki/Kurtis_Kraft", "name": "Kurtis Kraft", "nationality": "American"}, "grid": "9", "laps": "170", "status": "Accident"}, {"number": "99", "position": "17", "positionText": "R", "points": "0", "Driver": {"driverId": "cross", "url": "http://en.wikipedia.org/wiki/Art_Cross", "givenName": "Art", "familyName": "Cross", "dateOfBirth": "1918-01-24", "nationality": "American"}, "Constructor": {"constructorId": "kurtis_kraft", "url": "http://en.wikipedia.org/wiki/Kurtis_Kraft", "name": "Kurtis Kraft", "nationality": "American"}, "grid": "24", "laps": "168", "status": "Engine"}, {"number": "81", "position": "18", "positionText": "R", "points": "0", "Driver": {"driverId": "templeman", "url": "http://en.wikipedia.org/wiki/Shorty_Templeman", "givenName": "Shorty", "familyName": "Templeman", "dateOfBirth": "1919-08-12", "nationality": "American"}, "Constructor": {"constructorId": "trevis", "url": "http://en.wikipedia.org/wiki/Trevis", "name": "Trevis", "nationality": "American"}, "grid": "31", "laps": "142", "status": "Transmission"}, {"number": "8", "position": "19", "positionText": "R", "points": "0", "Driver": {"driverId": "hanks", "url": "http://en.wikipedia.org/wiki/Sam_Hanks", "givenName": "Sam", "familyName": "Hanks", "dateOfBirth": "1914-07-13", "nationality": "American"}, "Constructor": {"constructorId": "kurtis_kraft", "url": "http://en.wikipedia.org/wiki/Kurtis_Kraft", "name": "Kurtis Kraft", "nationality": "American"}, "grid": "6", "laps": "134", "status": "Transmission"}, {"number": "31", "position": "20", "positionText": "R", "points": "0", "Driver": {"driverId": "andrews", "url": "http://en.wikipedia.org/wiki/Keith_Andrews_(driver)", "givenName": "Keith", "familyName": "Andrews", "dateOfBirth": "1920-06-15", "nationality": "American"}, "Constructor": {"constructorId": "schroeder", "url": "http://en.wikipedia.org/wiki/Schroeder_(constructor)", "name": "Schroeder", "nationality": "American"}, "grid": "28", "laps": "120", "status": "Fuel pump"}, {"number": "16", "position": "21", "positionText": "R", "points": "0", "Driver": {"driverId": "parsons", "url": "http://en.wikipedia.org/wiki/Johnnie_Parsons", "givenName": "Johnnie", "familyName": "Parsons", "dateOfBirth": "1918-07-04", "nationality": "American"}, "Constructor": {"constructorId": "kurtis_kraft", "url": "http://en.wikipedia.org/wiki/Kurtis_Kraft", "name": "Kurtis Kraft", "nationality": "American"}, "grid": "27", "laps": "119", "status": "Magneto"}, {"number": "37", "position": "22", "positionText": "R", "points": "0", "Driver": {"driverId": "russo", "url": "http://en.wikipedia.org/wiki/Eddie_Russo", "givenName": "Eddie", "familyName": "Russo", "dateOfBirth": "1925-11-19", "nationality": "American"}, "Constructor": {"constructorId": "pawl", "url": "http://en.wikipedia.org/wiki/Pawl_(constructor)", "name": "Pawl", "nationality": "American"}, "grid": "13", "laps": "112", "status": "Ignition"}, {"number": "49", "position": "23", "positionText": "R", "points": "0", "Driver": {"driverId": "ray_crawford", "url": "http://en.wikipedia.org/wiki/Ray_Crawford", "givenName": "Ray", "familyName": "Crawford", "dateOfBirth": "1915-10-26", "nationality": "American"}, "Constructor": {"constructorId": "kurtis_kraft", "url": "http://en.wikipedia.org/wiki/Kurtis_Kraft", "name": "Kurtis Kraft", "nationality": "American"}, "grid": "23", "laps": "111", "status": "Engine"}, {"number": "1", "position": "24", "positionText": "R", "points": "0", "Driver": {"driverId": "bryan", "url": "http://en.wikipedia.org/wiki/Jimmy_Bryan", "givenName": "Jimmy", "familyName": "Bryan", "dateOfBirth": "1926-01-28", "nationality": "American"}, "Constructor": {"constructorId": "kuzma", "url": "http://en.wikipedia.org/wiki/Kuzma_(constructor)", "name": "Kuzma", "nationality": "American"}, "grid": "11", "laps": "90", "status": "Fuel pump"}, {"number": "4", "position": "25", "positionText": "R", "points": "1", "Driver": {"driverId": "vukovich", "url": "http://en.wikipedia.org/wiki/Bill_Vukovich", "givenName": "Bill", "familyName": "Vukovich", "dateOfBirth": "1918-12-13", "nationality": "American"}, "Constructor": {"constructorId": "kurtis_kraft", "url": "http://en.wikipedia.org/wiki/Kurtis_Kraft", "name": "Kurtis Kraft", "nationality": "American"}, "grid": "5", "laps": "56", "status": "Accident"}, {"number": "3", "position": "26", "positionText": "R", "points": "0", "Driver": {"driverId": "mcgrath", "url": "http://en.wikipedia.org/wiki/Jack_McGrath_(racing_driver)", "givenName": "Jack", "familyName": "McGrath", "dateOfBirth": "1919-10-08", "nationality": "American"}, "Constructor": {"constructorId": "kurtis_kraft", "url": "http://en.wikipedia.org/wiki/Kurtis_Kraft", "name": "Kurtis Kraft", "nationality": "American"}, "grid": "3", "laps": "54", "status": "Magneto"}, {"number": "42", "position": "27", "positionText": "R", "points": "0", "Driver": {"driverId": "keller", "url": "http://en.wikipedia.org/wiki/Al_Keller", "givenName": "Al", "familyName": "Keller", "dateOfBirth": "1920-04-11", "nationality": "American"}, "Constructor": {"constructorId": "kurtis_kraft", "url": "http://en.wikipedia.org/wiki/Kurtis_Kraft", "name": "Kurtis Kraft", "nationality": "American"}, "grid": "22", "laps": "54", "status": "Accident"}, {"number": "27", "position": "28", "positionText": "R", "points": "0", "Driver": {"driverId": "ward", "url": "http://en.wikipedia.org/wiki/Rodger_Ward", "givenName": "Rodger", "familyName": "Ward", "dateOfBirth": "1921-01-10", "nationality": "American"}, "Constructor": {"constructorId": "kuzma", "url": "http://en.wikipedia.org/wiki/Kuzma_(constructor)", "name": "Kuzma", "nationality": "American"}, "grid": "30", "laps": "53", "status": "Accident"}]}]}}}