{"MRData": {"xmlns": "http://ergast.com/mrd/1.5", "series": "f1", "url": "http://ergast.com/api/f1/1955/2/results.json", "limit": "30", "offset": "0", "total": "26", "RaceTable": {"season": "1955", "round": "2", "Races": [{"season": "1955", "round": "2", "url": "http://en.wikipedia.org/wiki/1955_Monaco_Grand_Prix", "raceName": "Monaco Grand Prix", "Circuit": {"circuitId": "monaco", "url": "http://en.wikipedia.org/wiki/Circuit_de_Monaco", "circuitName": "Circuit de Monaco", "Location": {"lat": "43.7347", "long": "7.42056", "locality": "Monte-Carlo", "country": "Monaco"}}, "date": "1955-05-22", "Results": [{"number": "44", "position": "1", "positionText": "1", "points": "8", "Driver": {"driverId": "trintignant", "url": "http://en.wikipedia.org/wiki/Maurice_Trintignant", "givenName": "Maurice", "familyName": "Trintignant", "dateOfBirth": "1917-10-30", "nationality": "French"}, "Constructor": {"constructorId": "ferrari", "url": "http://en.wikipedia.org/wiki/Scuderia_Ferrari", "name": "Ferrari", "nationality": "Italian"}, "grid": "9", "laps": "100", "status": "Finished", "Time": {"millis": "10689800", "time": "2:58:09.8"}}, {"number": "30", "position": "2", "positionText": "2", "points": "6", "Driver": {"driverId": "castellotti", "url": "http://en.wikipedia.org/wiki/Eugenio_Castellotti", "givenName": "Eugenio", "familyName": "Castellotti", "dateOfBirth": "1930-10-10", "nationality": "Italian"}, "Constructor": {"constructorId": "lancia", "url": "http://en.wikipedia.org/wiki/Lancia_in_Formula_One", "name": "Lancia", "nationality": "Italian"}, "grid": "4", "laps": "100", "status": "Finished", "Time": {"millis": "10710000", "time": "+20.2"}}, {"number": "34", "position": "3", "positionText": "3", "points": "2", "Driver": {"driverId": "perdisa", "url": "http://en.wikipedia.org/wiki/Cesare_Perdisa", "givenName": "Cesare", "familyName": "Perdisa", "dateOfBirth": "1932-10-21", "nationality": "Italian"}, "Constructor": {"constructorId": "maserati", "url": "http://en.wikipedia.org/wiki/Maserati", "name": "Maserati", "nationality": "Italian"}, "grid": "5", "laps": "99", "status": "+1 Lap"}, {"number": "34", "position": "3", "positionText": "3", "points": "2", "Driver": {"driverId": "behra", "url": "http://en.wikipedia.org/wiki/Jean_Behra", "givenName": "Jean", "familyName": "Behra", "dateOfBirth": "1921-02-16", "nationality": "French"}, "Constructor": {"constructorId": "maserati", "url": "http://en.wikipedia.org/wiki/Maserati", "name": "Maserati", "nationality": "Italian"}, "grid": "5", "laps": "99", "status": "+1 Lap"}, {"number": "42", "position": "4", "positionText": "4", "points": "3", "Driver": {"driverId": "farina", "url": "http://en.wikipedia.org/wiki/Nino_Farina", "givenName": "Nino", "familyName": "Farina", "dateOfBirth": "1906-10-30", "nationality": "Italian"}, "Constructor": {"constructorId": "ferrari", "url": "http://en.wikipedia.org/wiki/Scuderia_Ferrari", "name": "Ferrari", "nationality": "Italian"}, "grid": "14", "laps": "99", "status": "+1 Lap"}, {"number": "28", "position": "5", "positionText": "5", "points": "2", "Driver": {"driverId": "villoresi", "url": "http://en.wikipedia.org/wiki/Luigi_Villoresi", "givenName": "Luigi", "familyName": "Villoresi", "dateOfBirth": "1909-05-16", "nationality": "Italian"}, "Constructor": {"constructorId": "lancia", "url": "http://en.wikipedia.org/wiki/Lancia_in_Formula_One", "name": "Lancia", "nationality": "Italian"}, "grid": "7", "laps": "99", "status": "+1 Lap"}, {"number": "32", "position": "6", "positionText": "6", "points": "0", "Driver": {"driverId": "chiron", "url": "http://en.wikipedia.org/wiki/Louis_Chiron", "givenName": "Louis", "familyName": "Chiron", "dateOfBirth": "1899-08-03", "nationality": "Monegasque"}, "Constructor": {"constructorId": "lancia", "url": "http://en.wikipedia.org/wiki/Lancia_in_Formula_One", "name": "Lancia", "nationality": "Italian"}, "grid": "19", "laps": "95", "status": "+5 Laps"}, {"number": "10", "position": "7", "positionText": "7", "points": "0", "Driver": {"driverId": "pollet", "url": "http://en.wikipedia.org/wiki/Jacques_Pollet", "givenName": "Jacques", "familyName": "Pollet", "dateOfBirth": "1922-07-02", "nationality": "French"}, "Constructor": {"constructorId": "gordini", "url": "http://en.wikipedia.org/wiki/Gordini", "name": "Gordini", "nationality": "French"}, "grid": "20", "laps": "91", "status": "+9 Laps"}, {"number": "48", "position": "8", "positionText": "8", "points": "0", "Driver": {"driverId": "taruffi", "url": "http://en.wikipedia.org/wiki/Piero_Taruffi", "givenName": "Piero", "familyName": "Taruffi", "dateOfBirth": "1906-10-12", "nationality": "Italian"}, "Constructor": {"constructorId": "ferrari", "url": "http://en.wikipedia.org/wiki/Scuderia_Ferrari", "name": "Ferrari", "nationality": "Italian"}, "grid": "15", "laps": "86", "status": "+14 Laps"}, {"number": "48", "position": "8", "positionText": "8", "points": "0", "Driver": {"driverId": "frere", "url": "http://en.wikipedia.org/wiki/Paul_Fr%C3%A8re", "givenName": "Paul", "familyName": "Fr\u00e8re", "dateOfBirth": "1917-01-30", "nationality": "Belgian"}, "Constructor": {"constructorId": "ferrari", "url": "http://en.wikipedia.org/wiki/Scuderia_Ferrari", "name": "Ferrari", "nationality": "Italian"}, "grid": "15", "laps": "86", "status": "+14 Laps"}, {"number": "16", "position": "9", "positionText": "9", "points": "0", "Driver": {"driverId": "moss", "url": "http://en.wikipedia.org/wiki/Stirling_Moss", "givenName": "Stirling", "familyName": "Moss", "dateOfBirth": "1929-09-17", "nationality": "British"}, "Constructor": {"constructorId": "mercedes", "url": "http://en.wikipedia.org/wiki/Mercedes-Benz_in_Formula_One", "name": "Mercedes", "nationality": "German"}, "grid": "3", "laps": "81", "status": "+19 Laps"}, {"number": "40", "position": "10", "positionText": "R", "points": "0", "Driver": {"driverId": "perdisa", "url": "http://en.wikipedia.org/wiki/Cesare_Perdisa", "givenName": "Cesare", "familyName": "Perdisa", "dateOfBirth": "1932-10-21", "nationality": "Italian"}, "Constructor": {"constructorId": "maserati", "url": "http://en.wikipedia.org/wiki/Maserati", "name": "Maserati", "nationality": "Italian"}, "grid": "11", "laps": "86", "status": "Spun off"}, {"number": "40", "position": "10", "positionText": "R", "points": "0", "Driver": {"driverId": "behra", "url": "http://en.wikipedia.org/wiki/Jean_Behra", "givenName": "Jean", "familyName": "Behra", "dateOfBirth": "1921-02-16", "nationality": "French"}, "Constructor": {"constructorId": "maserati", "url": "http://en.wikipedia.org/wiki/Maserati", "name": "Maserati", "nationality": "Italian"}, "grid": "11", "laps": "86", "status": "Spun off"}, {"number": "26", "position": "11", "positionText": "R", "points": "0", "Driver": {"driverId": "ascari", "url": "http://en.wikipedia.org/wiki/Alberto_Ascari", "givenName": "Alberto", "familyName": "Ascari", "dateOfBirth": "1918-07-13", "nationality": "Italian"}, "Constructor": {"constructorId": "lancia", "url": "http://en.wikipedia.org/wiki/Lancia_in_Formula_One", "name": "Lancia", "nationality": "Italian"}, "grid": "2", "laps": "80", "status": "Accident"}, {"number": "46", "position": "12", "positionText": "R", "points": "0", "Driver": {"driverId": "schell", "url": "http://en.wikipedia.org/wiki/Harry_Schell", "givenName": "Harry", "familyName": "Schell", "dateOfBirth": "1921-06-29", "nationality": "American"}, "Constructor": {"constructorId": "ferrari", "url": "http://en.wikipedia.org/wiki/Scuderia_Ferrari", "name": "Ferrari", "nationality": "Italian"}, "grid": "18", "laps": "68", "status": "Engine"}, {"number": "36", "position": "13", "positionText": "R", "points": "0", "Driver": {"driverId": "mieres", "url": "http://en.wikipedia.org/wiki/Roberto_Mieres", "givenName": "Roberto", "familyName": "Mieres", "dateOfBirth": "1924-12-03", "nationality": "Argentine"}, "Constructor": {"constructorId": "maserati", "url": "http://en.wikipedia.org/wiki/Maserati", "name": "Maserati", "nationality": "Italian"}, "grid": "6", "laps": "64", "status": "Transmission"}, {"number": "12", "position": "14", "positionText": "R", "points": "0", "Driver": {"driverId": "bayol", "url": "http://en.wikipedia.org/wiki/%C3%89lie_Bayol", "givenName": "\u00c9lie", "familyName": "Bayol", "dateOfBirth": "1914-02-28", "nationality": "French"}, "Constructor": {"constructorId": "gordini", "url": "http://en.wikipedia.org/wiki/Gordini", "name": "Gordini", "nationality": "French"}, "grid": "16", "laps": "63", "status": "Transmission"}, {"number": "2", "position": "15", "positionText": "R", "points": "1", "Driver": {"driverId": "fangio", "url": "http://en.wikipedia.org/wiki/Juan_Manuel_Fangio", "givenName": "Juan", "familyName": "Fangio", "dateOfBirth": "1911-06-24", "nationality": "Argentine"}, "Constructor": {"constructorId": "mercedes", "url": "http://en.wikipedia.org/wiki/Mercedes-Benz_in_Formula_One", "name": "Mercedes", "nationality": "German"}, "grid": "1", "laps": "49", "status": "Transmission"}, {"number": "8", "position": "16", "positionText": "R", "points": "0", "Driver": {"driverId": "manzon", "url": "http://en.wikipedia.org/wiki/Robert_Manzon", "givenName": "Robert", "familyName": "Manzon", "dateOfBirth": "1917-04-12", "nationality": "French"}, "Constructor": {"constructorId": "gordini", "url": "http://en.wikipedia.org/wiki/Gordini", "name": "Gordini", "nationality": "French"}, "grid": "13", "laps": "38", "status": "Gearbox"}, {"number": "4", "position": "17", "positionText": "R", "points": "0", "Driver": {"driverId": "simon", "url": "http://en.wikipedia.org/wiki/Andr%C3%A9_Simon_(racing_driver)", "givenName": "Andr\u00e9", "familyName": "Simon", "dateOfBirth": "1920-01-05", "nationality": "French"}, "Constructor": {"constructorId": "mercedes", "url": "http://en.wikipedia.org/wiki/Mercedes-Benz_in_Formula_One", "name": "Mercedes", "nationality": "German"}, "grid": "10", "laps": "24", "status": "Engine"}, {"number": "18", "position": "18", "positionText": "R", "points": "0", "Driver": {"driverId": "hawthorn", "url": "http://en.wikipedia.org/wiki/Mike_Hawthorn", "givenName": "Mike", "familyName": "Hawthorn", "dateOfBirth": "1929-04-10", "nationality": "British"}, "Constructor": {"constructorId": "vanwall", "url": "http://en.wikipedia.org/wiki/Vanwall", "name": "Vanwall", "nationality": "British"}, "grid": "12", "laps": "22", "status": "Throttle"}, {"number": "14", "position": "19", "positionText": "R", "points": "0", "Driver": {"driverId": "rosier", "url": "http://en.wikipedia.org/wiki/Louis_Rosier", "givenName": "Louis", "familyName": "Rosier", "dateOfBirth": "1905-11-05", "nationality": "French"}, "Constructor": {"constructorId": "maserati", "url": "http://en.wikipedia.org/wiki/Maserati", "name": "Maserati", "nationality": "Italian"}, "grid": "17", "laps": "8", "status": "Fuel leak"}, {"number": "38", "position": "20", "positionText": "R", "points": "0", "Driver": {"driverId": "musso", "url": "http://en.wikipedia.org/wiki/Luigi_Musso", "givenName": "Luigi", "familyName": "Musso", "dateOfBirth": "1924-07-28", "nationality": "Italian"}, "Constructor": {"constructorId": "maserati", "url": "http://en.wikipedia.org/wiki/Maserati", "name": "Maserati", "nationality": "Italian"}, "grid": "8", "laps": "7", "status": "Transmission"}, {"number": "22", "position": "21", "positionText": "F", "points": "0", "Driver": {"driverId": "macklin", "url": "http://en.wikipedia.org/wiki/Lance_Macklin", "givenName": "Lance", "familyName": "Macklin", "dateOfBirth": "1919-09-02", "nationality": "British"}, "Constructor": {"constructorId": "maserati", "url": "http://en.wikipedia.org/wiki/Maserati", "name": "Maserati", "nationality": "Italian"}, "grid": "0", "laps": "0", "status": "Did not qualify"}, {"number": "24", "position": "22", "positionText": "F", "points": "0", "Driver": {"driverId": "whiteaway", "url": "http://en.wikipedia.org/wiki/Ted_Whiteaway", "givenName": "Ted", "familyName": "Whiteaway", "dateOfBirth": "1928-11-01", "nationality": "British"}, "Constructor": {"constructorId": "hwm", "url": "http://en.wikipedia.org/wiki/Hersham_and_Walton_Motors", "name": "HWM", "nationality": "British"}, "grid": "0", "laps": "0", "status": "Did not qualify"}, {"number": "4", "position": "23", "positionText": "F", "points": "0", "Driver": {"driverId": "herrmann", "url": "http://en.wikipedia.org/wiki/Hans_Herrmann", "givenName": "Hans", "familyName": "Herrmann", "dateOfBirth": "1928-02-23", "nationality": "German"}, "Constructor": {"constructorId": "mercedes", "url": "http://en.wikipedia.org/wiki/Mercedes-Benz_in_Formula_One", "name": "Mercedes", "nationality": "German"}, "grid": "0", "laps": "0", "status": "Did not qualify"}]}]}}}