{"MRData": {"xmlns": "http://ergast.com/mrd/1.5", "series": "f1", "url": "http://ergast.com/api/f1/1955/4/results.json", "limit": "30", "offset": "0", "total": "17", "RaceTable": {"season": "1955", "round": "4", "Races": [{"season": "1955", "round": "4", "url": "http://en.wikipedia.org/wiki/1955_Belgian_Grand_Prix", "raceName": "Belgian Grand Prix", "Circuit": {"circuitId": "spa", "url": "http://en.wikipedia.org/wiki/Circuit_de_Spa-Francorchamps", "circuitName": "Circuit de Spa-Francorchamps", "Location": {"lat": "50.4372", "long": "5.97139", "locality": "Spa", "country": "Belgium"}}, "date": "1955-06-05", "Results": [{"number": "10", "position": "1", "positionText": "1", "points": "9", "Driver": {"driverId": "fangio", "url": "http://en.wikipedia.org/wiki/Juan_Manuel_Fangio", "givenName": "Juan", "familyName": "Fangio", "dateOfBirth": "1911-06-24", "nationality": "Argentine"}, "Constructor": {"constructorId": "mercedes", "url": "http://en.wikipedia.org/wiki/Mercedes-Benz_in_Formula_One", "name": "Mercedes", "nationality": "German"}, "grid": "2", "laps": "36", "status": "Finished", "Time": {"millis": "9569000", "time": "2:39:29.0"}}, {"number": "14", "position": "2", "positionText": "2", "points": "6", "Driver": {"driverId": "moss", "url": "http://en.wikipedia.org/wiki/Stirling_Moss", "givenName": "Stirling", "familyName": "Moss", "dateOfBirth": "1929-09-17", "nationality": "British"}, "Constructor": {"constructorId": "mercedes", "url": "http://en.wikipedia.org/wiki/Mercedes-Benz_in_Formula_One", "name": "Mercedes", "nationality": "German"}, "grid": "3", "laps": "36", "status": "Finished", "Time": {"millis": "9577100", "time": "+8.1"}}, {"number": "2", "position": "3", "positionText": "3", "points": "4", "Driver": {"driverId": "farina", "url": "http://en.wikipedia.org/wiki/Nino_Farina", "givenName": "Nino", "familyName": "Farina", "dateOfBirth": "1906-10-30", "nationality": "Italian"}, "Constructor": {"constructorId": "ferrari", "url": "http://en.wikipedia.org/wiki/Scuderia_Ferrari", "name": "Ferrari", "nationality": "Italian"}, "grid": "4", "laps": "36", "status": "Finished", "Time": {"millis": "9669500", "time": "+1:40.5"}}, {"number": "6", "position": "4", "positionText": "4", "points": "3", "Driver": {"driverId": "frere", "url": "http://en.wikipedia.org/wiki/Paul_Fr%C3%A8re", "givenName": "Paul", "familyName": "Fr\u00e8re", "dateOfBirth": "1917-01-30", "nationality": "Belgian"}, "Constructor": {"constructorId": "ferrari", "url": "http://en.wikipedia.org/wiki/Scuderia_Ferrari", "name": "Ferrari", "nationality": "Italian"}, "grid": "8", "laps": "36", "status": "Finished", "Time": {"millis": "9774500", "time": "+3:25.5"}}, {"number": "24", "position": "5", "positionText": "5", "points": "1", "Driver": {"driverId": "behra", "url": "http://en.wikipedia.org/wiki/Jean_Behra", "givenName": "Jean", "familyName": "Behra", "dateOfBirth": "1921-02-16", "nationality": "French"}, "Constructor": {"constructorId": "maserati", "url": "http://en.wikipedia.org/wiki/Maserati", "name": "Maserati", "nationality": "Italian"}, "grid": "13", "laps": "35", "status": "+1 Lap"}, {"number": "24", "position": "5", "positionText": "5", "points": "1", "Driver": {"driverId": "mieres", "url": "http://en.wikipedia.org/wiki/Roberto_Mieres", "givenName": "Roberto", "familyName": "Mieres", "dateOfBirth": "1924-12-03", "nationality": "Argentine"}, "Constructor": {"constructorId": "maserati", "url": "http://en.wikipedia.org/wiki/Maserati", "name": "Maserati", "nationality": "Italian"}, "grid": "13", "laps": "35", "status": "+1 Lap"}, {"number": "4", "position": "6", "positionText": "6", "points": "0", "Driver": {"driverId": "trintignant", "url": "http://en.wikipedia.org/wiki/Maurice_Trintignant", "givenName": "Maurice", "familyName": "Trintignant", "dateOfBirth": "1917-10-30", "nationality": "French"}, "Constructor": {"constructorId": "ferrari", "url": "http://en.wikipedia.org/wiki/Scuderia_Ferrari", "name": "Ferrari", "nationality": "Italian"}, "grid": "10", "laps": "35", "status": "+1 Lap"}, {"number": "22", "position": "7", "positionText": "7", "points": "0", "Driver": {"driverId": "musso", "url": "http://en.wikipedia.org/wiki/Luigi_Musso", "givenName": "Luigi", "familyName": "Musso", "dateOfBirth": "1924-07-28", "nationality": "Italian"}, "Constructor": {"constructorId": "maserati", "url": "http://en.wikipedia.org/wiki/Maserati", "name": "Maserati", "nationality": "Italian"}, "grid": "7", "laps": "34", "status": "+2 Laps"}, {"number": "26", "position": "8", "positionText": "8", "points": "0", "Driver": {"driverId": "perdisa", "url": "http://en.wikipedia.org/wiki/Cesare_Perdisa", "givenName": "Cesare", "familyName": "Perdisa", "dateOfBirth": "1932-10-21", "nationality": "Italian"}, "Constructor": {"constructorId": "maserati", "url": "http://en.wikipedia.org/wiki/Maserati", "name": "Maserati", "nationality": "Italian"}, "grid": "11", "laps": "33", "status": "+3 Laps"}, {"number": "28", "position": "9", "positionText": "9", "points": "0", "Driver": {"driverId": "rosier", "url": "http://en.wikipedia.org/wiki/Louis_Rosier", "givenName": "Louis", "familyName": "Rosier", "dateOfBirth": "1905-11-05", "nationality": "French"}, "Constructor": {"constructorId": "maserati", "url": "http://en.wikipedia.org/wiki/Maserati", "name": "Maserati", "nationality": "Italian"}, "grid": "12", "laps": "33", "status": "+3 Laps"}, {"number": "12", "position": "10", "positionText": "R", "points": "0", "Driver": {"driverId": "kling", "url": "http://en.wikipedia.org/wiki/Karl_Kling", "givenName": "Karl", "familyName": "Kling", "dateOfBirth": "1910-09-16", "nationality": "German"}, "Constructor": {"constructorId": "mercedes", "url": "http://en.wikipedia.org/wiki/Mercedes-Benz_in_Formula_One", "name": "Mercedes", "nationality": "German"}, "grid": "6", "laps": "21", "status": "Oil leak"}, {"number": "30", "position": "11", "positionText": "R", "points": "0", "Driver": {"driverId": "castellotti", "url": "http://en.wikipedia.org/wiki/Eugenio_Castellotti", "givenName": "Eugenio", "familyName": "Castellotti", "dateOfBirth": "1930-10-10", "nationality": "Italian"}, "Constructor": {"constructorId": "lancia", "url": "http://en.wikipedia.org/wiki/Lancia_in_Formula_One", "name": "Lancia", "nationality": "Italian"}, "grid": "1", "laps": "16", "status": "Gearbox"}, {"number": "40", "position": "12", "positionText": "R", "points": "0", "Driver": {"driverId": "hawthorn", "url": "http://en.wikipedia.org/wiki/Mike_Hawthorn", "givenName": "Mike", "familyName": "Hawthorn", "dateOfBirth": "1929-04-10", "nationality": "British"}, "Constructor": {"constructorId": "vanwall", "url": "http://en.wikipedia.org/wiki/Vanwall", "name": "Vanwall", "nationality": "British"}, "grid": "9", "laps": "8", "status": "Gearbox"}, {"number": "20", "position": "13", "positionText": "R", "points": "0", "Driver": {"driverId": "behra", "url": "http://en.wikipedia.org/wiki/Jean_Behra", "givenName": "Jean", "familyName": "Behra", "dateOfBirth": "1921-02-16", "nationality": "French"}, "Constructor": {"constructorId": "maserati", "url": "http://en.wikipedia.org/wiki/Maserati", "name": "Maserati", "nationality": "Italian"}, "grid": "5", "laps": "3", "status": "Spun off"}, {"number": "38", "position": "14", "positionText": "W", "points": "0", "Driver": {"driverId": "claes", "url": "http://en.wikipedia.org/wiki/Johnny_Claes", "givenName": "Johnny", "familyName": "Claes", "dateOfBirth": "1916-08-11", "nationality": "Belgian"}, "Constructor": {"constructorId": "maserati", "url": "http://en.wikipedia.org/wiki/Maserati", "name": "Maserati", "nationality": "Italian"}, "grid": "0", "laps": "0", "status": "Withdrew"}, {"number": "48", "position": "15", "positionText": "W", "points": "0", "Driver": {"driverId": "taruffi", "url": "http://en.wikipedia.org/wiki/Piero_Taruffi", "givenName": "Piero", "familyName": "Taruffi", "dateOfBirth": "1906-10-12", "nationality": "Italian"}, "Constructor": {"constructorId": "ferrari", "url": "http://en.wikipedia.org/wiki/Scuderia_Ferrari", "name": "Ferrari", "nationality": "Italian"}, "grid": "0", "laps": "0", "status": "Withdrew"}, {"number": "4", "position": "16", "positionText": "W", "points": "0", "Driver": {"driverId": "schell", "url": "http://en.wikipedia.org/wiki/Harry_Schell", "givenName": "Harry", "familyName": "Schell", "dateOfBirth": "1921-06-29", "nationality": "American"}, "Constructor": {"constructorId": "ferrari", "url": "http://en.wikipedia.org/wiki/Scuderia_Ferrari", "name": "Ferrari", "nationality": "Italian"}, "grid": "0", "laps": "0", "status": "Withdrew"}]}]}}}