{"MRData": {"xmlns": "http://ergast.com/mrd/1.5", "series": "f1", "url": "http://ergast.com/api/f1/1955/6/results.json", "limit": "30", "offset": "0", "total": "28", "RaceTable": {"season": "1955", "round": "6", "Races": [{"season": "1955", "round": "6", "url": "http://en.wikipedia.org/wiki/1955_British_Grand_Prix", "raceName": "British Grand Prix", "Circuit": {"circuitId": "aintree", "url": "http://en.wikipedia.org/wiki/Aintree_Motor_Racing_Circuit", "circuitName": "Aintree", "Location": {"lat": "53.4769", "long": "-2.94056", "locality": "Liverpool", "country": "UK"}}, "date": "1955-07-16", "Results": [{"number": "12", "position": "1", "positionText": "1", "points": "9", "Driver": {"driverId": "moss", "url": "http://en.wikipedia.org/wiki/Stirling_Moss", "givenName": "Stirling", "familyName": "Moss", "dateOfBirth": "1929-09-17", "nationality": "British"}, "Constructor": {"constructorId": "mercedes", "url": "http://en.wikipedia.org/wiki/Mercedes-Benz_in_Formula_One", "name": "Mercedes", "nationality": "German"}, "grid": "1", "laps": "90", "status": "Finished", "Time": {"millis": "11241200", "time": "3:07:21.2"}}, {"number": "10", "position": "2", "positionText": "2", "points": "6", "Driver": {"driverId": "fangio", "url": "http://en.wikipedia.org/wiki/Juan_Manuel_Fangio", "givenName": "Juan", "familyName": "Fangio", "dateOfBirth": "1911-06-24", "nationality": "Argentine"}, "Constructor": {"constructorId": "mercedes", "url": "http://en.wikipedia.org/wiki/Mercedes-Benz_in_Formula_One", "name": "Mercedes", "nationality": "German"}, "grid": "2", "laps": "90", "status": "Finished", "Time": {"millis": "11241400", "time": "+0.2"}}, {"number": "14", "position": "3", "positionText": "3", "points": "4", "Driver": {"driverId": "kling", "url": "http://en.wikipedia.org/wiki/Karl_Kling", "givenName": "Karl", "familyName": "Kling", "dateOfBirth": "1910-09-16", "nationality": "German"}, "Constructor": {"constructorId": "mercedes", "url": "http://en.wikipedia.org/wiki/Mercedes-Benz_in_Formula_One", "name": "Mercedes", "nationality": "German"}, "grid": "4", "laps": "90", "status": "Finished", "Time": {"millis": "11313000", "time": "+1:11.8"}}, {"number": "50", "position": "4", "positionText": "4", "points": "3", "Driver": {"driverId": "taruffi", "url": "http://en.wikipedia.org/wiki/Piero_Taruffi", "givenName": "Piero", "familyName": "Taruffi", "dateOfBirth": "1906-10-12", "nationality": "Italian"}, "Constructor": {"constructorId": "mercedes", "url": "http://en.wikipedia.org/wiki/Mercedes-Benz_in_Formula_One", "name": "Mercedes", "nationality": "German"}, "grid": "5", "laps": "89", "status": "+1 Lap"}, {"number": "4", "position": "5", "positionText": "5", "points": "2", "Driver": {"driverId": "musso", "url": "http://en.wikipedia.org/wiki/Luigi_Musso", "givenName": "Luigi", "familyName": "Musso", "dateOfBirth": "1924-07-28", "nationality": "Italian"}, "Constructor": {"constructorId": "maserati", "url": "http://en.wikipedia.org/wiki/Maserati", "name": "Maserati", "nationality": "Italian"}, "grid": "9", "laps": "89", "status": "+1 Lap"}, {"number": "16", "position": "6", "positionText": "6", "points": "0", "Driver": {"driverId": "castellotti", "url": "http://en.wikipedia.org/wiki/Eugenio_Castellotti", "givenName": "Eugenio", "familyName": "Castellotti", "dateOfBirth": "1930-10-10", "nationality": "Italian"}, "Constructor": {"constructorId": "ferrari", "url": "http://en.wikipedia.org/wiki/Scuderia_Ferrari", "name": "Ferrari", "nationality": "Italian"}, "grid": "12", "laps": "87", "status": "+3 Laps"}, {"number": "16", "position": "6", "positionText": "6", "points": "0", "Driver": {"driverId": "hawthorn", "url": "http://en.wikipedia.org/wiki/Mike_Hawthorn", "givenName": "Mike", "familyName": "Hawthorn", "dateOfBirth": "1929-04-10", "nationality": "British"}, "Constructor": {"constructorId": "ferrari", "url": "http://en.wikipedia.org/wiki/Scuderia_Ferrari", "name": "Ferrari", "nationality": "Italian"}, "grid": "12", "laps": "87", "status": "+3 Laps"}, {"number": "26", "position": "7", "positionText": "7", "points": "0", "Driver": {"driverId": "sparken", "url": "http://en.wikipedia.org/wiki/Mike_Sparken", "givenName": "Mike", "familyName": "Sparken", "dateOfBirth": "1930-06-16", "nationality": "French"}, "Constructor": {"constructorId": "gordini", "url": "http://en.wikipedia.org/wiki/Gordini", "name": "Gordini", "nationality": "French"}, "grid": "23", "laps": "81", "status": "+9 Laps"}, {"number": "46", "position": "8", "positionText": "8", "points": "0", "Driver": {"driverId": "macklin", "url": "http://en.wikipedia.org/wiki/Lance_Macklin", "givenName": "Lance", "familyName": "Macklin", "dateOfBirth": "1919-09-02", "nationality": "British"}, "Constructor": {"constructorId": "maserati", "url": "http://en.wikipedia.org/wiki/Maserati", "name": "Maserati", "nationality": "Italian"}, "grid": "16", "laps": "79", "status": "+11 Laps"}, {"number": "28", "position": "9", "positionText": "9", "points": "0", "Driver": {"driverId": "schell", "url": "http://en.wikipedia.org/wiki/Harry_Schell", "givenName": "Harry", "familyName": "Schell", "dateOfBirth": "1921-06-29", "nationality": "American"}, "Constructor": {"constructorId": "vanwall", "url": "http://en.wikipedia.org/wiki/Vanwall", "name": "Vanwall", "nationality": "British"}, "grid": "15", "laps": "72", "status": "+18 Laps"}, {"number": "28", "position": "9", "positionText": "9", "points": "0", "Driver": {"driverId": "wharton", "url": "http://en.wikipedia.org/wiki/Ken_Wharton", "givenName": "Ken", "familyName": "Wharton", "dateOfBirth": "1916-03-21", "nationality": "British"}, "Constructor": {"constructorId": "vanwall", "url": "http://en.wikipedia.org/wiki/Vanwall", "name": "Vanwall", "nationality": "British"}, "grid": "15", "laps": "72", "status": "+18 Laps"}, {"number": "18", "position": "10", "positionText": "R", "points": "0", "Driver": {"driverId": "trintignant", "url": "http://en.wikipedia.org/wiki/Maurice_Trintignant", "givenName": "Maurice", "familyName": "Trintignant", "dateOfBirth": "1917-10-30", "nationality": "French"}, "Constructor": {"constructorId": "ferrari", "url": "http://en.wikipedia.org/wiki/Scuderia_Ferrari", "name": "Ferrari", "nationality": "Italian"}, "grid": "13", "laps": "59", "status": "Overheating"}, {"number": "6", "position": "11", "positionText": "R", "points": "0", "Driver": {"driverId": "mieres", "url": "http://en.wikipedia.org/wiki/Roberto_Mieres", "givenName": "Roberto", "familyName": "Mieres", "dateOfBirth": "1924-12-03", "nationality": "Argentine"}, "Constructor": {"constructorId": "maserati", "url": "http://en.wikipedia.org/wiki/Maserati", "name": "Maserati", "nationality": "Italian"}, "grid": "6", "laps": "47", "status": "Engine"}, {"number": "40", "position": "12", "positionText": "R", "points": "0", "Driver": {"driverId": "jack_brabham", "url": "http://en.wikipedia.org/wiki/Jack_Brabham", "givenName": "Jack", "familyName": "Brabham", "dateOfBirth": "1926-04-02", "nationality": "Australian"}, "Constructor": {"constructorId": "cooper", "url": "http://en.wikipedia.org/wiki/Cooper_Car_Company", "name": "Cooper", "nationality": "British"}, "grid": "25", "laps": "30", "status": "Engine"}, {"number": "32", "position": "13", "positionText": "R", "points": "0", "Driver": {"driverId": "mcalpine", "url": "http://en.wikipedia.org/wiki/Kenneth_McAlpine", "givenName": "Kenneth", "familyName": "McAlpine", "dateOfBirth": "1920-09-21", "nationality": "British"}, "Constructor": {"constructorId": "connaught", "url": "http://en.wikipedia.org/wiki/Connaught_Engineering", "name": "Connaught", "nationality": "British"}, "grid": "17", "laps": "30", "status": "Oil pressure"}, {"number": "42", "position": "14", "positionText": "R", "points": "0", "Driver": {"driverId": "collins", "url": "http://en.wikipedia.org/wiki/Peter_Collins_(racing_driver)", "givenName": "Peter", "familyName": "Collins", "dateOfBirth": "1931-11-06", "nationality": "British"}, "Constructor": {"constructorId": "maserati", "url": "http://en.wikipedia.org/wiki/Maserati", "name": "Maserati", "nationality": "Italian"}, "grid": "24", "laps": "28", "status": "Clutch"}, {"number": "24", "position": "15", "positionText": "R", "points": "0", "Driver": {"driverId": "ramos", "url": "http://en.wikipedia.org/wiki/Hernando_da_Silva_Ramos", "givenName": "Hernando", "familyName": "da Silva Ramos", "dateOfBirth": "1925-12-07", "nationality": "Brazilian"}, "Constructor": {"constructorId": "gordini", "url": "http://en.wikipedia.org/wiki/Gordini", "name": "Gordini", "nationality": "French"}, "grid": "18", "laps": "26", "status": "Oil pressure"}, {"number": "44", "position": "16", "positionText": "R", "points": "0", "Driver": {"driverId": "salvadori", "url": "http://en.wikipedia.org/wiki/Roy_Salvadori", "givenName": "Roy", "familyName": "Salvadori", "dateOfBirth": "1922-05-12", "nationality": "British"}, "Constructor": {"constructorId": "maserati", "url": "http://en.wikipedia.org/wiki/Maserati", "name": "Maserati", "nationality": "Italian"}, "grid": "20", "laps": "23", "status": "Gearbox"}, {"number": "48", "position": "17", "positionText": "R", "points": "0", "Driver": {"driverId": "gould", "url": "http://en.wikipedia.org/wiki/Horace_Gould", "givenName": "Horace", "familyName": "Gould", "dateOfBirth": "1918-09-20", "nationality": "British"}, "Constructor": {"constructorId": "maserati", "url": "http://en.wikipedia.org/wiki/Maserati", "name": "Maserati", "nationality": "Italian"}, "grid": "22", "laps": "22", "status": "Brakes"}, {"number": "30", "position": "18", "positionText": "R", "points": "0", "Driver": {"driverId": "schell", "url": "http://en.wikipedia.org/wiki/Harry_Schell", "givenName": "Harry", "familyName": "Schell", "dateOfBirth": "1921-06-29", "nationality": "American"}, "Constructor": {"constructorId": "vanwall", "url": "http://en.wikipedia.org/wiki/Vanwall", "name": "Vanwall", "nationality": "British"}, "grid": "7", "laps": "20", "status": "Throttle"}, {"number": "36", "position": "19", "positionText": "R", "points": "0", "Driver": {"driverId": "peter_walker", "url": "http://en.wikipedia.org/wiki/Peter_Walker_(driver)", "givenName": "Peter", "familyName": "Walker", "dateOfBirth": "1912-10-07", "nationality": "British"}, "Constructor": {"constructorId": "connaught", "url": "http://en.wikipedia.org/wiki/Connaught_Engineering", "name": "Connaught", "nationality": "British"}, "grid": "14", "laps": "19", "status": "Transmission"}, {"number": "36", "position": "19", "positionText": "R", "points": "0", "Driver": {"driverId": "rolt", "url": "http://en.wikipedia.org/wiki/Tony_Rolt", "givenName": "Tony", "familyName": "Rolt", "dateOfBirth": "1918-10-16", "nationality": "British"}, "Constructor": {"constructorId": "connaught", "url": "http://en.wikipedia.org/wiki/Connaught_Engineering", "name": "Connaught", "nationality": "British"}, "grid": "14", "laps": "19", "status": "Transmission"}, {"number": "38", "position": "20", "positionText": "R", "points": "0", "Driver": {"driverId": "marr", "url": "http://en.wikipedia.org/wiki/Leslie_Marr", "givenName": "Leslie", "familyName": "Marr", "dateOfBirth": "1922-08-14", "nationality": "British"}, "Constructor": {"constructorId": "connaught", "url": "http://en.wikipedia.org/wiki/Connaught_Engineering", "name": "Connaught", "nationality": "British"}, "grid": "19", "laps": "18", "status": "Brakes"}, {"number": "20", "position": "21", "positionText": "R", "points": "0", "Driver": {"driverId": "castellotti", "url": "http://en.wikipedia.org/wiki/Eugenio_Castellotti", "givenName": "Eugenio", "familyName": "Castellotti", "dateOfBirth": "1930-10-10", "nationality": "Italian"}, "Constructor": {"constructorId": "ferrari", "url": "http://en.wikipedia.org/wiki/Scuderia_Ferrari", "name": "Ferrari", "nationality": "Italian"}, "grid": "10", "laps": "16", "status": "Transmission"}, {"number": "8", "position": "22", "positionText": "R", "points": "0", "Driver": {"driverId": "simon", "url": "http://en.wikipedia.org/wiki/Andr%C3%A9_Simon_(racing_driver)", "givenName": "Andr\u00e9", "familyName": "Simon", "dateOfBirth": "1920-01-05", "nationality": "French"}, "Constructor": {"constructorId": "maserati", "url": "http://en.wikipedia.org/wiki/Maserati", "name": "Maserati", "nationality": "Italian"}, "grid": "8", "laps": "9", "status": "Gearbox"}, {"number": "2", "position": "23", "positionText": "R", "points": "0", "Driver": {"driverId": "behra", "url": "http://en.wikipedia.org/wiki/Jean_Behra", "givenName": "Jean", "familyName": "Behra", "dateOfBirth": "1921-02-16", "nationality": "French"}, "Constructor": {"constructorId": "maserati", "url": "http://en.wikipedia.org/wiki/Maserati", "name": "Maserati", "nationality": "Italian"}, "grid": "3", "laps": "9", "status": "Oil leak"}, {"number": "22", "position": "24", "positionText": "R", "points": "0", "Driver": {"driverId": "manzon", "url": "http://en.wikipedia.org/wiki/Robert_Manzon", "givenName": "Robert", "familyName": "Manzon", "dateOfBirth": "1917-04-12", "nationality": "French"}, "Constructor": {"constructorId": "gordini", "url": "http://en.wikipedia.org/wiki/Gordini", "name": "Gordini", "nationality": "French"}, "grid": "11", "laps": "4", "status": "Transmission"}, {"number": "34", "position": "25", "positionText": "W", "points": "0", "Driver": {"driverId": "fairman", "url": "http://en.wikipedia.org/wiki/Jack_Fairman", "givenName": "Jack", "familyName": "Fairman", "dateOfBirth": "1913-03-15", "nationality": "British"}, "Constructor": {"constructorId": "connaught", "url": "http://en.wikipedia.org/wiki/Connaught_Engineering", "name": "Connaught", "nationality": "British"}, "grid": "21", "laps": "0", "status": "Engine"}]}]}}}