{"MRData": {"xmlns": "http://ergast.com/mrd/1.5", "series": "f1", "url": "http://ergast.com/api/f1/1955/1/results.json", "limit": "30", "offset": "0", "total": "35", "RaceTable": {"season": "1955", "round": "1", "Races": [{"season": "1955", "round": "1", "url": "http://en.wikipedia.org/wiki/1955_Argentine_Grand_Prix", "raceName": "Argentine Grand Prix", "Circuit": {"circuitId": "galvez", "url": "http://en.wikipedia.org/wiki/Aut%C3%B3dromo_Oscar_Alfredo_G%C3%A1lvez", "circuitName": "Aut\u00f3dromo Juan y Oscar G\u00e1lvez", "Location": {"lat": "-34.6943", "long": "-58.4593", "locality": "Buenos Aires", "country": "Argentina"}}, "date": "1955-01-16", "Results": [{"number": "2", "position": "1", "positionText": "1", "points": "9", "Driver": {"driverId": "fangio", "url": "http://en.wikipedia.org/wiki/Juan_Manuel_Fangio", "givenName": "Juan", "familyName": "Fangio", "dateOfBirth": "1911-06-24", "nationality": "Argentine"}, "Constructor": {"constructorId": "mercedes", "url": "http://en.wikipedia.org/wiki/Mercedes-Benz_in_Formula_One", "name": "Mercedes", "nationality": "German"}, "grid": "3", "laps": "96", "status": "Finished", "Time": {"millis": "10838600", "time": "3:00:38.6"}}, {"number": "12", "position": "2", "positionText": "2", "points": "2", "Driver": {"driverId": "gonzalez", "url": "http://en.wikipedia.org/wiki/Jos%C3%A9_Froil%C3%A1n_Gonz%C3%A1lez", "givenName": "Jos\u00e9 Froil\u00e1n", "familyName": "Gonz\u00e1lez", "dateOfBirth": "1922-10-05", "nationality": "Argentine"}, "Constructor": {"constructorId": "ferrari", "url": "http://en.wikipedia.org/wiki/Scuderia_Ferrari", "name": "Ferrari", "nationality": "Italian"}, "grid": "1", "laps": "96", "status": "Finished", "Time": {"millis": "10928200", "time": "+1:29.6"}}, {"number": "12", "position": "2", "positionText": "2", "points": "2", "Driver": {"driverId": "farina", "url": "http://en.wikipedia.org/wiki/Nino_Farina", "givenName": "Nino", "familyName": "Farina", "dateOfBirth": "1906-10-30", "nationality": "Italian"}, "Constructor": {"constructorId": "ferrari", "url": "http://en.wikipedia.org/wiki/Scuderia_Ferrari", "name": "Ferrari", "nationality": "Italian"}, "grid": "1", "laps": "96", "status": "Finished", "Time": {"millis": "10928200", "time": "+1:29.6"}}, {"number": "12", "position": "2", "positionText": "2", "points": "2", "Driver": {"driverId": "trintignant", "url": "http://en.wikipedia.org/wiki/Maurice_Trintignant", "givenName": "Maurice", "familyName": "Trintignant", "dateOfBirth": "1917-10-30", "nationality": "French"}, "Constructor": {"constructorId": "ferrari", "url": "http://en.wikipedia.org/wiki/Scuderia_Ferrari", "name": "Ferrari", "nationality": "Italian"}, "grid": "1", "laps": "96", "status": "Finished", "Time": {"millis": "10928200", "time": "+1:29.6"}}, {"number": "10", "position": "3", "positionText": "3", "points": "1.33", "Driver": {"driverId": "trintignant", "url": "http://en.wikipedia.org/wiki/Maurice_Trintignant", "givenName": "Maurice", "familyName": "Trintignant", "dateOfBirth": "1917-10-30", "nationality": "French"}, "Constructor": {"constructorId": "ferrari", "url": "http://en.wikipedia.org/wiki/Scuderia_Ferrari", "name": "Ferrari", "nationality": "Italian"}, "grid": "5", "laps": "94", "status": "+2 Laps"}, {"number": "10", "position": "3", "positionText": "3", "points": "1.33", "Driver": {"driverId": "maglioli", "url": "http://en.wikipedia.org/wiki/Umberto_Maglioli", "givenName": "Umberto", "familyName": "Maglioli", "dateOfBirth": "1928-06-05", "nationality": "Italian"}, "Constructor": {"constructorId": "ferrari", "url": "http://en.wikipedia.org/wiki/Scuderia_Ferrari", "name": "Ferrari", "nationality": "Italian"}, "grid": "5", "laps": "94", "status": "+2 Laps"}, {"number": "10", "position": "3", "positionText": "3", "points": "1.33", "Driver": {"driverId": "farina", "url": "http://en.wikipedia.org/wiki/Nino_Farina", "givenName": "Nino", "familyName": "Farina", "dateOfBirth": "1906-10-30", "nationality": "Italian"}, "Constructor": {"constructorId": "ferrari", "url": "http://en.wikipedia.org/wiki/Scuderia_Ferrari", "name": "Ferrari", "nationality": "Italian"}, "grid": "5", "laps": "94", "status": "+2 Laps"}, {"number": "8", "position": "4", "positionText": "4", "points": "1", "Driver": {"driverId": "herrmann", "url": "http://en.wikipedia.org/wiki/Hans_Herrmann", "givenName": "Hans", "familyName": "Herrmann", "dateOfBirth": "1928-02-23", "nationality": "German"}, "Constructor": {"constructorId": "mercedes", "url": "http://en.wikipedia.org/wiki/Mercedes-Benz_in_Formula_One", "name": "Mercedes", "nationality": "German"}, "grid": "10", "laps": "94", "status": "+2 Laps"}, {"number": "8", "position": "4", "positionText": "4", "points": "1", "Driver": {"driverId": "kling", "url": "http://en.wikipedia.org/wiki/Karl_Kling", "givenName": "Karl", "familyName": "Kling", "dateOfBirth": "1910-09-16", "nationality": "German"}, "Constructor": {"constructorId": "mercedes", "url": "http://en.wikipedia.org/wiki/Mercedes-Benz_in_Formula_One", "name": "Mercedes", "nationality": "German"}, "grid": "10", "laps": "94", "status": "+2 Laps"}, {"number": "8", "position": "4", "positionText": "4", "points": "1", "Driver": {"driverId": "moss", "url": "http://en.wikipedia.org/wiki/Stirling_Moss", "givenName": "Stirling", "familyName": "Moss", "dateOfBirth": "1929-09-17", "nationality": "British"}, "Constructor": {"constructorId": "mercedes", "url": "http://en.wikipedia.org/wiki/Mercedes-Benz_in_Formula_One", "name": "Mercedes", "nationality": "German"}, "grid": "10", "laps": "94", "status": "+2 Laps"}, {"number": "18", "position": "5", "positionText": "5", "points": "2", "Driver": {"driverId": "mieres", "url": "http://en.wikipedia.org/wiki/Roberto_Mieres", "givenName": "Roberto", "familyName": "Mieres", "dateOfBirth": "1924-12-03", "nationality": "Argentine"}, "Constructor": {"constructorId": "maserati", "url": "http://en.wikipedia.org/wiki/Maserati", "name": "Maserati", "nationality": "Italian"}, "grid": "16", "laps": "91", "status": "+5 Laps"}, {"number": "28", "position": "6", "positionText": "6", "points": "0", "Driver": {"driverId": "behra", "url": "http://en.wikipedia.org/wiki/Jean_Behra", "givenName": "Jean", "familyName": "Behra", "dateOfBirth": "1921-02-16", "nationality": "French"}, "Constructor": {"constructorId": "maserati", "url": "http://en.wikipedia.org/wiki/Maserati", "name": "Maserati", "nationality": "Italian"}, "grid": "7", "laps": "88", "status": "+8 Laps"}, {"number": "28", "position": "6", "positionText": "6", "points": "0", "Driver": {"driverId": "schell", "url": "http://en.wikipedia.org/wiki/Harry_Schell", "givenName": "Harry", "familyName": "Schell", "dateOfBirth": "1921-06-29", "nationality": "American"}, "Constructor": {"constructorId": "maserati", "url": "http://en.wikipedia.org/wiki/Maserati", "name": "Maserati", "nationality": "Italian"}, "grid": "7", "laps": "88", "status": "+8 Laps"}, {"number": "22", "position": "7", "positionText": "7", "points": "0", "Driver": {"driverId": "mantovani", "url": "http://en.wikipedia.org/wiki/Sergio_Mantovani", "givenName": "Sergio", "familyName": "Mantovani", "dateOfBirth": "1929-05-22", "nationality": "Italian"}, "Constructor": {"constructorId": "maserati", "url": "http://en.wikipedia.org/wiki/Maserati", "name": "Maserati", "nationality": "Italian"}, "grid": "18", "laps": "83", "status": "+13 Laps"}, {"number": "22", "position": "7", "positionText": "7", "points": "0", "Driver": {"driverId": "schell", "url": "http://en.wikipedia.org/wiki/Harry_Schell", "givenName": "Harry", "familyName": "Schell", "dateOfBirth": "1921-06-29", "nationality": "American"}, "Constructor": {"constructorId": "maserati", "url": "http://en.wikipedia.org/wiki/Maserati", "name": "Maserati", "nationality": "Italian"}, "grid": "18", "laps": "83", "status": "+13 Laps"}, {"number": "22", "position": "7", "positionText": "7", "points": "0", "Driver": {"driverId": "musso", "url": "http://en.wikipedia.org/wiki/Luigi_Musso", "givenName": "Luigi", "familyName": "Musso", "dateOfBirth": "1924-07-28", "nationality": "Italian"}, "Constructor": {"constructorId": "maserati", "url": "http://en.wikipedia.org/wiki/Maserati", "name": "Maserati", "nationality": "Italian"}, "grid": "18", "laps": "83", "status": "+13 Laps"}, {"number": "20", "position": "8", "positionText": "R", "points": "0", "Driver": {"driverId": "mantovani", "url": "http://en.wikipedia.org/wiki/Sergio_Mantovani", "givenName": "Sergio", "familyName": "Mantovani", "dateOfBirth": "1929-05-22", "nationality": "Italian"}, "Constructor": {"constructorId": "maserati", "url": "http://en.wikipedia.org/wiki/Maserati", "name": "Maserati", "nationality": "Italian"}, "grid": "19", "laps": "54", "status": "Engine"}, {"number": "20", "position": "8", "positionText": "R", "points": "0", "Driver": {"driverId": "behra", "url": "http://en.wikipedia.org/wiki/Jean_Behra", "givenName": "Jean", "familyName": "Behra", "dateOfBirth": "1921-02-16", "nationality": "French"}, "Constructor": {"constructorId": "maserati", "url": "http://en.wikipedia.org/wiki/Maserati", "name": "Maserati", "nationality": "Italian"}, "grid": "19", "laps": "54", "status": "Engine"}, {"number": "20", "position": "8", "positionText": "R", "points": "0", "Driver": {"driverId": "musso", "url": "http://en.wikipedia.org/wiki/Luigi_Musso", "givenName": "Luigi", "familyName": "Musso", "dateOfBirth": "1924-07-28", "nationality": "Italian"}, "Constructor": {"constructorId": "maserati", "url": "http://en.wikipedia.org/wiki/Maserati", "name": "Maserati", "nationality": "Italian"}, "grid": "19", "laps": "54", "status": "Engine"}, {"number": "26", "position": "9", "positionText": "R", "points": "0", "Driver": {"driverId": "schell", "url": "http://en.wikipedia.org/wiki/Harry_Schell", "givenName": "Harry", "familyName": "Schell", "dateOfBirth": "1921-06-29", "nationality": "American"}, "Constructor": {"constructorId": "maserati", "url": "http://en.wikipedia.org/wiki/Maserati", "name": "Maserati", "nationality": "Italian"}, "grid": "20", "laps": "54", "status": "Fuel pressure"}, {"number": "26", "position": "9", "positionText": "R", "points": "0", "Driver": {"driverId": "menditeguy", "url": "http://en.wikipedia.org/wiki/Carlos_Menditeguy", "givenName": "Carlos", "familyName": "Menditeguy", "dateOfBirth": "1914-08-10", "nationality": "Argentine"}, "Constructor": {"constructorId": "maserati", "url": "http://en.wikipedia.org/wiki/Maserati", "name": "Maserati", "nationality": "Italian"}, "grid": "20", "laps": "54", "status": "Fuel pressure"}, {"number": "26", "position": "9", "positionText": "R", "points": "0", "Driver": {"driverId": "bucci", "url": "http://en.wikipedia.org/wiki/Clemar_Bucci", "givenName": "Clemar", "familyName": "Bucci", "dateOfBirth": "1920-09-04", "nationality": "Argentine"}, "Constructor": {"constructorId": "maserati", "url": "http://en.wikipedia.org/wiki/Maserati", "name": "Maserati", "nationality": "Italian"}, "grid": "20", "laps": "54", "status": "Fuel pressure"}, {"number": "42", "position": "10", "positionText": "R", "points": "0", "Driver": {"driverId": "iglesias", "url": "http://en.wikipedia.org/wiki/Jes%C3%BAs_Iglesias", "givenName": "Jes\u00fas", "familyName": "Iglesias", "dateOfBirth": "1922-02-22", "nationality": "Argentine"}, "Constructor": {"constructorId": "gordini", "url": "http://en.wikipedia.org/wiki/Gordini", "name": "Gordini", "nationality": "French"}, "grid": "17", "laps": "38", "status": "Transmission"}, {"number": "14", "position": "11", "positionText": "R", "points": "0", "Driver": {"driverId": "trintignant", "url": "http://en.wikipedia.org/wiki/Maurice_Trintignant", "givenName": "Maurice", "familyName": "Trintignant", "dateOfBirth": "1917-10-30", "nationality": "French"}, "Constructor": {"constructorId": "ferrari", "url": "http://en.wikipedia.org/wiki/Scuderia_Ferrari", "name": "Ferrari", "nationality": "Italian"}, "grid": "14", "laps": "36", "status": "Engine"}, {"number": "36", "position": "12", "positionText": "R", "points": "0", "Driver": {"driverId": "castellotti", "url": "http://en.wikipedia.org/wiki/Eugenio_Castellotti", "givenName": "Eugenio", "familyName": "Castellotti", "dateOfBirth": "1930-10-10", "nationality": "Italian"}, "Constructor": {"constructorId": "lancia", "url": "http://en.wikipedia.org/wiki/Lancia_in_Formula_One", "name": "Lancia", "nationality": "Italian"}, "grid": "12", "laps": "35", "status": "Accident"}, {"number": "36", "position": "12", "positionText": "R", "points": "0", "Driver": {"driverId": "villoresi", "url": "http://en.wikipedia.org/wiki/Luigi_Villoresi", "givenName": "Luigi", "familyName": "Villoresi", "dateOfBirth": "1909-05-16", "nationality": "Italian"}, "Constructor": {"constructorId": "lancia", "url": "http://en.wikipedia.org/wiki/Lancia_in_Formula_One", "name": "Lancia", "nationality": "Italian"}, "grid": "12", "laps": "35", "status": "Accident"}, {"number": "6", "position": "13", "positionText": "R", "points": "0", "Driver": {"driverId": "moss", "url": "http://en.wikipedia.org/wiki/Stirling_Moss", "givenName": "Stirling", "familyName": "Moss", "dateOfBirth": "1929-09-17", "nationality": "British"}, "Constructor": {"constructorId": "mercedes", "url": "http://en.wikipedia.org/wiki/Mercedes-Benz_in_Formula_One", "name": "Mercedes", "nationality": "German"}, "grid": "8", "laps": "29", "status": "Fuel system"}, {"number": "30", "position": "14", "positionText": "R", "points": "0", "Driver": {"driverId": "uria", "url": "http://en.wikipedia.org/wiki/Alberto_Uria", "givenName": "Alberto", "familyName": "Uria", "dateOfBirth": "1924-07-11", "nationality": "Uruguayan"}, "Constructor": {"constructorId": "maserati", "url": "http://en.wikipedia.org/wiki/Maserati", "name": "Maserati", "nationality": "Italian"}, "grid": "21", "laps": "22", "status": "Out of fuel"}, {"number": "32", "position": "15", "positionText": "R", "points": "0", "Driver": {"driverId": "ascari", "url": "http://en.wikipedia.org/wiki/Alberto_Ascari", "givenName": "Alberto", "familyName": "Ascari", "dateOfBirth": "1918-07-13", "nationality": "Italian"}, "Constructor": {"constructorId": "lancia", "url": "http://en.wikipedia.org/wiki/Lancia_in_Formula_One", "name": "Lancia", "nationality": "Italian"}, "grid": "2", "laps": "21", "status": "Accident"}, {"number": "38", "position": "16", "positionText": "R", "points": "0", "Driver": {"driverId": "bayol", "url": "http://en.wikipedia.org/wiki/%C3%89lie_Bayol", "givenName": "\u00c9lie", "familyName": "Bayol", "dateOfBirth": "1914-02-28", "nationality": "French"}, "Constructor": {"constructorId": "gordini", "url": "http://en.wikipedia.org/wiki/Gordini", "name": "Gordini", "nationality": "French"}, "grid": "15", "laps": "7", "status": "Transmission"}]}]}}}