{"MRData": {"xmlns": "http://ergast.com/mrd/1.5", "series": "f1", "url": "http://ergast.com/api/f1/1956/1/driverstandings.json", "limit": "30", "offset": "0", "total": "15", "StandingsTable": {"season": "1956", "round": "1", "StandingsLists": [{"season": "1956", "round": "1", "DriverStandings": [{"position": "1", "positionText": "1", "points": "6", "wins": "0", "Driver": {"driverId": "behra", "url": "http://en.wikipedia.org/wiki/Jean_Behra", "givenName": "Jean", "familyName": "Behra", "dateOfBirth": "1921-02-16", "nationality": "French"}, "Constructors": [{"constructorId": "maserati", "url": "http://en.wikipedia.org/wiki/Maserati", "name": "Maserati", "nationality": "Italian"}]}, {"position": "2", "positionText": "2", "points": "5", "wins": "1", "Driver": {"driverId": "fangio", "url": "http://en.wikipedia.org/wiki/Juan_Manuel_Fangio", "givenName": "Juan", "familyName": "Fangio", "dateOfBirth": "1911-06-24", "nationality": "Argentine"}, "Constructors": [{"constructorId": "ferrari", "url": "http://en.wikipedia.org/wiki/Scuderia_Ferrari", "name": "Ferrari", "nationality": "Italian"}]}, {"position": "3", "positionText": "3", "points": "4", "wins": "1", "Driver": {"driverId": "musso", "url": "http://en.wikipedia.org/wiki/Luigi_Musso", "givenName": "Luigi", "familyName": "Musso", "dateOfBirth": "1924-07-28", "nationality": "Italian"}, "Constructors": [{"constructorId": "ferrari", "url": "http://en.wikipedia.org/wiki/Scuderia_Ferrari", "name": "Ferrari", "nationality": "Italian"}]}, {"position": "4", "positionText": "4", "points": "4", "wins": "0", "Driver": {"driverId": "hawthorn", "url": "http://en.wikipedia.org/wiki/Mike_Hawthorn", "givenName": "Mike", "familyName": "Hawthorn", "dateOfBirth": "1929-04-10", "nationality": "British"}, "Constructors": [{"constructorId": "maserati", "url": "http://en.wikipedia.org/wiki/Maserati", "name": "Maserati", "nationality": "Italian"}]}, {"position": "5", "positionText": "5", "points": "2", "wins": "0", "Driver": {"driverId": "gendebien", "url": "http://en.wikipedia.org/wiki/Olivier_Gendebien", "givenName": "Olivier", "familyName": "Gendebien", "dateOfBirth": "1924-01-12", "nationality": "Belgian"}, "Constructors": [{"constructorId": "ferrari", "url": "http://en.wikipedia.org/wiki/Scuderia_Ferrari", "name": "Ferrari", "nationality": "Italian"}]}, {"position": "6", "positionText": "6", "points": "1.5", "wins": "0", "Driver": {"driverId": "gerini", "url": "http://en.wikipedia.org/wiki/Gerino_Gerini_(racing_driver)", "givenName": "Gerino", "familyName": "Gerini", "dateOfBirth": "1928-08-10", "nationality": "Italian"}, "Constructors": [{"constructorId": "maserati", "url": "http://en.wikipedia.org/wiki/Maserati", "name": "Maserati", "nationality": "Italian"}]}, {"position": "7", "positionText": "7", "points": "1.5", "wins": "0", "Driver": {"driverId": "landi", "url": "http://en.wikipedia.org/wiki/Chico_Landi", "givenName": "Chico", "familyName": "Landi", "dateOfBirth": "1907-07-14", "nationality": "Brazilian"}, "Constructors": [{"constructorId": "maserati", "url": "http://en.wikipedia.org/wiki/Maserati", "name": "Maserati", "nationality": "Italian"}]}, {"position": "8", "positionText": "8", "points": "0", "wins": "0", "Driver": {"driverId": "oscar_gonzalez", "url": "http://en.wikipedia.org/wiki/%C3%93scar_Gonz%C3%A1lez_(racing_driver)", "givenName": "\u00d3scar", "familyName": "Gonz\u00e1lez", "dateOfBirth": "1923-11-10", "nationality": "Uruguayan"}, "Constructors": [{"constructorId": "maserati", "url": "http://en.wikipedia.org/wiki/Maserati", "name": "Maserati", "nationality": "Italian"}]}, {"position": "9", "positionText": "9", "points": "0", "wins": "0", "Driver": {"driverId": "uria", "url": "http://en.wikipedia.org/wiki/Alberto_Uria", "givenName": "Alberto", "familyName": "Uria", "dateOfBirth": "1924-07-11", "nationality": "Uruguayan"}, "Constructors": [{"constructorId": "maserati", "url": "http://en.wikipedia.org/wiki/Maserati", "name": "Maserati", "nationality": "Italian"}]}, {"position": "10", "positionText": "10", "points": "0", "wins": "0", "Driver": {"driverId": "moss", "url": "http://en.wikipedia.org/wiki/Stirling_Moss", "givenName": "Stirling", "familyName": "Moss", "dateOfBirth": "1929-09-17", "nationality": "British"}, "Constructors": [{"constructorId": "maserati", "url": "http://en.wikipedia.org/wiki/Maserati", "name": "Maserati", "nationality": "Italian"}]}, {"position": "11", "positionText": "11", "points": "0", "wins": "0", "Driver": {"driverId": "collins", "url": "http://en.wikipedia.org/wiki/Peter_Collins_(racing_driver)", "givenName": "Peter", "familyName": "Collins", "dateOfBirth": "1931-11-06", "nationality": "British"}, "Constructors": [{"constructorId": "ferrari", "url": "http://en.wikipedia.org/wiki/Scuderia_Ferrari", "name": "Ferrari", "nationality": "Italian"}]}, {"position": "12", "positionText": "12", "points": "0", "wins": "0", "Driver": {"driverId": "piotti", "url": "http://en.wikipedia.org/wiki/Luigi_Piotti", "givenName": "Luigi", "familyName": "Piotti", "dateOfBirth": "1913-10-27", "nationality": "Italian"}, "Constructors": [{"constructorId": "maserati", "url": "http://en.wikipedia.org/wiki/Maserati", "name": "Maserati", "nationality": "Italian"}]}, {"position": "13", "positionText": "13", "points": "0", "wins": "0", "Driver": {"driverId": "menditeguy", "url": "http://en.wikipedia.org/wiki/Carlos_Menditeguy", "givenName": "Carlos", "familyName": "Menditeguy", "dateOfBirth": "1914-08-10", "nationality": "Argentine"}, "Constructors": [{"constructorId": "maserati", "url": "http://en.wikipedia.org/wiki/Maserati", "name": "Maserati", "nationality": "Italian"}]}, {"position": "14", "positionText": "14", "points": "0", "wins": "0", "Driver": {"driverId": "castellotti", "url": "http://en.wikipedia.org/wiki/Eugenio_Castellotti", "givenName": "Eugenio", "familyName": "Castellotti", "dateOfBirth": "1930-10-10", "nationality": "Italian"}, "Constructors": [{"constructorId": "ferrari", "url": "http://en.wikipedia.org/wiki/Scuderia_Ferrari", "name": "Ferrari", "nationality": "Italian"}]}, {"position": "15", "positionText": "15", "points": "0", "wins": "0", "Driver": {"driverId": "gonzalez", "url": "http://en.wikipedia.org/wiki/Jos%C3%A9_Froil%C3%A1n_Gonz%C3%A1lez", "givenName": "Jos\u00e9 Froil\u00e1n", "familyName": "Gonz\u00e1lez", "dateOfBirth": "1922-10-05", "nationality": "Argentine"}, "Constructors": [{"constructorId": "maserati", "url": "http://en.wikipedia.org/wiki/Maserati", "name": "Maserati", "nationality": "Italian"}]}]}]}}}