{"MRData": {"xmlns": "http://ergast.com/mrd/1.5", "series": "f1", "url": "http://ergast.com/api/f1/1956/3/results.json", "limit": "30", "offset": "0", "total": "34", "RaceTable": {"season": "1956", "round": "3", "Races": [{"season": "1956", "round": "3", "url": "http://en.wikipedia.org/wiki/1956_Indianapolis_500", "raceName": "Indianapolis 500", "Circuit": {"circuitId": "indianapolis", "url": "http://en.wikipedia.org/wiki/Indianapolis_Motor_Speedway", "circuitName": "Indianapolis Motor Speedway", "Location": {"lat": "39.795", "long": "-86.2347", "locality": "Indianapolis", "country": "USA"}}, "date": "1956-05-30", "Results": [{"number": "8", "position": "1", "positionText": "1", "points": "8", "Driver": {"driverId": "flaherty", "url": "http://en.wikipedia.org/wiki/Pat_Flaherty_(racing_driver)", "givenName": "Pat", "familyName": "Flaherty", "dateOfBirth": "1926-01-06", "nationality": "American"}, "Constructor": {"constructorId": "watson", "url": "http://en.wikipedia.org/wiki/A.J._Watson", "name": "Watson", "nationality": "American"}, "grid": "1", "laps": "200", "status": "Finished", "Time": {"millis": "14008840", "time": "3:53:28.84"}}, {"number": "4", "position": "2", "positionText": "2", "points": "6", "Driver": {"driverId": "hanks", "url": "http://en.wikipedia.org/wiki/Sam_Hanks", "givenName": "Sam", "familyName": "Hanks", "dateOfBirth": "1914-07-13", "nationality": "American"}, "Constructor": {"constructorId": "kurtis_kraft", "url": "http://en.wikipedia.org/wiki/Kurtis_Kraft", "name": "Kurtis Kraft", "nationality": "American"}, "grid": "13", "laps": "200", "status": "Finished", "Time": {"millis": "14029290", "time": "+0:20.45"}}, {"number": "16", "position": "3", "positionText": "3", "points": "4", "Driver": {"driverId": "freeland", "url": "http://en.wikipedia.org/wiki/Don_Freeland", "givenName": "Don", "familyName": "Freeland", "dateOfBirth": "1925-03-25", "nationality": "American"}, "Constructor": {"constructorId": "phillips", "url": "http://en.wikipedia.org/wiki/Phillips_(constructor)", "name": "Phillips", "nationality": "American"}, "grid": "26", "laps": "200", "status": "Finished", "Time": {"millis": "14099070", "time": "+1:30.23"}}, {"number": "98", "position": "4", "positionText": "4", "points": "3", "Driver": {"driverId": "parsons", "url": "http://en.wikipedia.org/wiki/Johnnie_Parsons", "givenName": "Johnnie", "familyName": "Parsons", "dateOfBirth": "1918-07-04", "nationality": "American"}, "Constructor": {"constructorId": "kurtis_kraft", "url": "http://en.wikipedia.org/wiki/Kurtis_Kraft", "name": "Kurtis Kraft", "nationality": "American"}, "grid": "6", "laps": "200", "status": "Finished", "Time": {"millis": "14214530", "time": "+3:25.69"}}, {"number": "73", "position": "5", "positionText": "5", "points": "2", "Driver": {"driverId": "dick_rathmann", "url": "http://en.wikipedia.org/wiki/Dick_Rathmann", "givenName": "Dick", "familyName": "Rathmann", "dateOfBirth": "1924-01-06", "nationality": "American"}, "Constructor": {"constructorId": "kurtis_kraft", "url": "http://en.wikipedia.org/wiki/Kurtis_Kraft", "name": "Kurtis Kraft", "nationality": "American"}, "grid": "4", "laps": "200", "status": "Finished", "Time": {"millis": "14270650", "time": "+4:21.81"}}, {"number": "1", "position": "6", "positionText": "6", "points": "0", "Driver": {"driverId": "sweikert", "url": "http://en.wikipedia.org/wiki/Bob_Sweikert", "givenName": "Bob", "familyName": "Sweikert", "dateOfBirth": "1926-05-20", "nationality": "American"}, "Constructor": {"constructorId": "kuzma", "url": "http://en.wikipedia.org/wiki/Kuzma_(constructor)", "name": "Kuzma", "nationality": "American"}, "grid": "10", "laps": "200", "status": "Finished", "Time": {"millis": "14343890", "time": "+5:35.05"}}, {"number": "14", "position": "7", "positionText": "7", "points": "0", "Driver": {"driverId": "veith", "url": "http://en.wikipedia.org/wiki/Bob_Veith", "givenName": "Bob", "familyName": "Veith", "dateOfBirth": "1926-11-01", "nationality": "American"}, "Constructor": {"constructorId": "kurtis_kraft", "url": "http://en.wikipedia.org/wiki/Kurtis_Kraft", "name": "Kurtis Kraft", "nationality": "American"}, "grid": "23", "laps": "200", "status": "Finished", "Time": {"millis": "14394470", "time": "+6:25.63"}}, {"number": "19", "position": "8", "positionText": "8", "points": "0", "Driver": {"driverId": "ward", "url": "http://en.wikipedia.org/wiki/Rodger_Ward", "givenName": "Rodger", "familyName": "Ward", "dateOfBirth": "1921-01-10", "nationality": "American"}, "Constructor": {"constructorId": "kurtis_kraft", "url": "http://en.wikipedia.org/wiki/Kurtis_Kraft", "name": "Kurtis Kraft", "nationality": "American"}, "grid": "15", "laps": "200", "status": "Finished", "Time": {"millis": "14401150", "time": "+6:32.31"}}, {"number": "26", "position": "9", "positionText": "9", "points": "0", "Driver": {"driverId": "reece", "url": "http://en.wikipedia.org/wiki/Jimmy_Reece", "givenName": "Jimmy", "familyName": "Reece", "dateOfBirth": "1929-11-17", "nationality": "American"}, "Constructor": {"constructorId": "lesovsky", "url": "http://en.wikipedia.org/wiki/Lesovsky", "name": "Lesovsky", "nationality": "American"}, "grid": "21", "laps": "200", "status": "Finished", "Time": {"millis": "14407150", "time": "+6:38.31"}}, {"number": "27", "position": "10", "positionText": "10", "points": "0", "Driver": {"driverId": "griffith", "url": "http://en.wikipedia.org/wiki/Cliff_Griffith", "givenName": "Cliff", "familyName": "Griffith", "dateOfBirth": "1916-02-06", "nationality": "American"}, "Constructor": {"constructorId": "stevens", "url": "http://en.wikipedia.org/wiki/Stevens_(constructor)", "name": "Stevens", "nationality": "American"}, "grid": "30", "laps": "199", "status": "+1 Lap"}, {"number": "82", "position": "11", "positionText": "11", "points": "0", "Driver": {"driverId": "hartley", "url": "http://en.wikipedia.org/wiki/Gene_Hartley", "givenName": "Gene", "familyName": "Hartley", "dateOfBirth": "1926-01-28", "nationality": "American"}, "Constructor": {"constructorId": "kuzma", "url": "http://en.wikipedia.org/wiki/Kuzma_(constructor)", "name": "Kuzma", "nationality": "American"}, "grid": "22", "laps": "196", "status": "+4 Laps"}, {"number": "42", "position": "12", "positionText": "12", "points": "0", "Driver": {"driverId": "agabashian", "url": "http://en.wikipedia.org/wiki/Fred_Agabashian", "givenName": "Fred", "familyName": "Agabashian", "dateOfBirth": "1913-08-21", "nationality": "American"}, "Constructor": {"constructorId": "kurtis_kraft", "url": "http://en.wikipedia.org/wiki/Kurtis_Kraft", "name": "Kurtis Kraft", "nationality": "American"}, "grid": "7", "laps": "196", "status": "+4 Laps"}, {"number": "57", "position": "13", "positionText": "13", "points": "0", "Driver": {"driverId": "christie", "url": "http://en.wikipedia.org/wiki/Bob_Christie_(racing_driver)", "givenName": "Bob", "familyName": "Christie", "dateOfBirth": "1924-04-04", "nationality": "American"}, "Constructor": {"constructorId": "kurtis_kraft", "url": "http://en.wikipedia.org/wiki/Kurtis_Kraft", "name": "Kurtis Kraft", "nationality": "American"}, "grid": "25", "laps": "196", "status": "+4 Laps"}, {"number": "55", "position": "14", "positionText": "14", "points": "0", "Driver": {"driverId": "keller", "url": "http://en.wikipedia.org/wiki/Al_Keller", "givenName": "Al", "familyName": "Keller", "dateOfBirth": "1920-04-11", "nationality": "American"}, "Constructor": {"constructorId": "kurtis_kraft", "url": "http://en.wikipedia.org/wiki/Kurtis_Kraft", "name": "Kurtis Kraft", "nationality": "American"}, "grid": "28", "laps": "195", "status": "+5 Laps"}, {"number": "81", "position": "15", "positionText": "15", "points": "0", "Driver": {"driverId": "johnson", "url": "http://en.wikipedia.org/wiki/Eddie_Johnson_(auto_racer)", "givenName": "Eddie", "familyName": "Johnson", "dateOfBirth": "1919-02-10", "nationality": "American"}, "Constructor": {"constructorId": "kuzma", "url": "http://en.wikipedia.org/wiki/Kuzma_(constructor)", "name": "Kuzma", "nationality": "American"}, "grid": "32", "laps": "195", "status": "+5 Laps"}, {"number": "41", "position": "16", "positionText": "16", "points": "0", "Driver": {"driverId": "garrett", "url": "http://en.wikipedia.org/wiki/Billy_Garrett", "givenName": "Billy", "familyName": "Garrett", "dateOfBirth": "1933-04-24", "nationality": "American"}, "Constructor": {"constructorId": "kuzma", "url": "http://en.wikipedia.org/wiki/Kuzma_(constructor)", "name": "Kuzma", "nationality": "American"}, "grid": "29", "laps": "194", "status": "+6 Laps"}, {"number": "64", "position": "17", "positionText": "17", "points": "0", "Driver": {"driverId": "dinsmore", "url": "http://en.wikipedia.org/wiki/Duke_Dinsmore", "givenName": "Duke", "familyName": "Dinsmore", "dateOfBirth": "1913-04-10", "nationality": "American"}, "Constructor": {"constructorId": "kurtis_kraft", "url": "http://en.wikipedia.org/wiki/Kurtis_Kraft", "name": "Kurtis Kraft", "nationality": "American"}, "grid": "33", "laps": "191", "status": "+9 Laps"}, {"number": "7", "position": "18", "positionText": "18", "points": "0", "Driver": {"driverId": "connor", "url": "http://en.wikipedia.org/wiki/Pat_O%27Connor_(auto_racer)", "givenName": "Pat", "familyName": "O'Connor", "dateOfBirth": "1928-10-09", "nationality": "American"}, "Constructor": {"constructorId": "kurtis_kraft", "url": "http://en.wikipedia.org/wiki/Kurtis_Kraft", "name": "Kurtis Kraft", "nationality": "American"}, "grid": "3", "laps": "187", "status": "+13 Laps"}, {"number": "2", "position": "19", "positionText": "19", "points": "0", "Driver": {"driverId": "bryan", "url": "http://en.wikipedia.org/wiki/Jimmy_Bryan", "givenName": "Jimmy", "familyName": "Bryan", "dateOfBirth": "1926-01-28", "nationality": "American"}, "Constructor": {"constructorId": "kuzma", "url": "http://en.wikipedia.org/wiki/Kuzma_(constructor)", "name": "Kuzma", "nationality": "American"}, "grid": "19", "laps": "185", "status": "+15 Laps"}, {"number": "24", "position": "20", "positionText": "R", "points": "0", "Driver": {"driverId": "rathmann", "url": "http://en.wikipedia.org/wiki/Jim_Rathmann", "givenName": "Jim", "familyName": "Rathmann", "dateOfBirth": "1928-07-16", "nationality": "American"}, "Constructor": {"constructorId": "kurtis_kraft", "url": "http://en.wikipedia.org/wiki/Kurtis_Kraft", "name": "Kurtis Kraft", "nationality": "American"}, "grid": "2", "laps": "175", "status": "Engine"}, {"number": "34", "position": "21", "positionText": "R", "points": "0", "Driver": {"driverId": "tolan", "url": "http://en.wikipedia.org/wiki/Johnnie_Tolan", "givenName": "Johnnie", "familyName": "Tolan", "dateOfBirth": "1917-10-22", "nationality": "American"}, "Constructor": {"constructorId": "kurtis_kraft", "url": "http://en.wikipedia.org/wiki/Kurtis_Kraft", "name": "Kurtis Kraft", "nationality": "American"}, "grid": "31", "laps": "173", "status": "Engine"}, {"number": "99", "position": "22", "positionText": "R", "points": "0", "Driver": {"driverId": "bettenhausen", "url": "http://en.wikipedia.org/wiki/Tony_Bettenhausen", "givenName": "Tony", "familyName": "Bettenhausen", "dateOfBirth": "1916-09-12", "nationality": "American"}, "Constructor": {"constructorId": "kurtis_kraft", "url": "http://en.wikipedia.org/wiki/Kurtis_Kraft", "name": "Kurtis Kraft", "nationality": "American"}, "grid": "5", "laps": "160", "status": "Accident"}, {"number": "10", "position": "23", "positionText": "R", "points": "0", "Driver": {"driverId": "elisian", "url": "http://en.wikipedia.org/wiki/Ed_Elisian", "givenName": "Ed", "familyName": "Elisian", "dateOfBirth": "1926-12-09", "nationality": "American"}, "Constructor": {"constructorId": "kurtis_kraft", "url": "http://en.wikipedia.org/wiki/Kurtis_Kraft", "name": "Kurtis Kraft", "nationality": "American"}, "grid": "14", "laps": "160", "status": "Brakes"}, {"number": "10", "position": "23", "positionText": "R", "points": "0", "Driver": {"driverId": "russo", "url": "http://en.wikipedia.org/wiki/Eddie_Russo", "givenName": "Eddie", "familyName": "Russo", "dateOfBirth": "1925-11-19", "nationality": "American"}, "Constructor": {"constructorId": "kurtis_kraft", "url": "http://en.wikipedia.org/wiki/Kurtis_Kraft", "name": "Kurtis Kraft", "nationality": "American"}, "grid": "14", "laps": "160", "status": "Brakes"}, {"number": "48", "position": "24", "positionText": "R", "points": "0", "Driver": {"driverId": "daywalt", "url": "http://en.wikipedia.org/wiki/Jimmy_Daywalt", "givenName": "Jimmy", "familyName": "Daywalt", "dateOfBirth": "1924-08-28", "nationality": "American"}, "Constructor": {"constructorId": "kurtis_kraft", "url": "http://en.wikipedia.org/wiki/Kurtis_Kraft", "name": "Kurtis Kraft", "nationality": "American"}, "grid": "16", "laps": "134", "status": "Accident"}, {"number": "54", "position": "25", "positionText": "R", "points": "0", "Driver": {"driverId": "turner", "url": "http://en.wikipedia.org/wiki/Jack_Turner_(driver)", "givenName": "Jack", "familyName": "Turner", "dateOfBirth": "1920-02-12", "nationality": "American"}, "Constructor": {"constructorId": "kurtis_kraft", "url": "http://en.wikipedia.org/wiki/Kurtis_Kraft", "name": "Kurtis Kraft", "nationality": "American"}, "grid": "24", "laps": "131", "status": "Engine"}, {"number": "89", "position": "26", "positionText": "R", "points": "0", "Driver": {"driverId": "andrews", "url": "http://en.wikipedia.org/wiki/Keith_Andrews_(driver)", "givenName": "Keith", "familyName": "Andrews", "dateOfBirth": "1920-06-15", "nationality": "American"}, "Constructor": {"constructorId": "kurtis_kraft", "url": "http://en.wikipedia.org/wiki/Kurtis_Kraft", "name": "Kurtis Kraft", "nationality": "American"}, "grid": "20", "laps": "94", "status": "Transmission"}, {"number": "5", "position": "27", "positionText": "R", "points": "0", "Driver": {"driverId": "linden", "url": "http://en.wikipedia.org/wiki/Andy_Linden_(racing_driver)", "givenName": "Andy", "familyName": "Linden", "dateOfBirth": "1922-04-05", "nationality": "American"}, "Constructor": {"constructorId": "kurtis_kraft", "url": "http://en.wikipedia.org/wiki/Kurtis_Kraft", "name": "Kurtis Kraft", "nationality": "American"}, "grid": "9", "laps": "90", "status": "Oil leak"}, {"number": "12", "position": "28", "positionText": "R", "points": "0", "Driver": {"driverId": "herman", "url": "http://en.wikipedia.org/wiki/Al_Herman", "givenName": "Al", "familyName": "Herman", "dateOfBirth": "1927-03-15", "nationality": "American"}, "Constructor": {"constructorId": "kurtis_kraft", "url": "http://en.wikipedia.org/wiki/Kurtis_Kraft", "name": "Kurtis Kraft", "nationality": "American"}, "grid": "27", "laps": "74", "status": "Accident"}, {"number": "49", "position": "29", "positionText": "R", "points": "0", "Driver": {"driverId": "ray_crawford", "url": "http://en.wikipedia.org/wiki/Ray_Crawford", "givenName": "Ray", "familyName": "Crawford", "dateOfBirth": "1915-10-26", "nationality": "American"}, "Constructor": {"constructorId": "kurtis_kraft", "url": "http://en.wikipedia.org/wiki/Kurtis_Kraft", "name": "Kurtis Kraft", "nationality": "American"}, "grid": "17", "laps": "49", "status": "Accident"}]}]}}}