{"MRData": {"xmlns": "http://ergast.com/mrd/1.5", "series": "f1", "url": "http://ergast.com/api/f1/1956/4/results.json", "limit": "30", "offset": "0", "total": "16", "RaceTable": {"season": "1956", "round": "4", "Races": [{"season": "1956", "round": "4", "url": "http://en.wikipedia.org/wiki/1956_Belgian_Grand_Prix", "raceName": "Belgian Grand Prix", "Circuit": {"circuitId": "spa", "url": "http://en.wikipedia.org/wiki/Circuit_de_Spa-Francorchamps", "circuitName": "Circuit de Spa-Francorchamps", "Location": {"lat": "50.4372", "long": "5.97139", "locality": "Spa", "country": "Belgium"}}, "date": "1956-06-03", "Results": [{"number": "8", "position": "1", "positionText": "1", "points": "8", "Driver": {"driverId": "collins", "url": "http://en.wikipedia.org/wiki/Peter_Collins_(racing_driver)", "givenName": "Peter", "familyName": "Collins", "dateOfBirth": "1931-11-06", "nationality": "British"}, "Constructor": {"constructorId": "ferrari", "url": "http://en.wikipedia.org/wiki/Scuderia_Ferrari", "name": "Ferrari", "nationality": "Italian"}, "grid": "3", "laps": "36", "status": "Finished", "Time": {"millis": "9600300", "time": "2:40:00.3"}}, {"number": "6", "position": "2", "positionText": "2", "points": "6", "Driver": {"driverId": "frere", "url": "http://en.wikipedia.org/wiki/Paul_Fr%C3%A8re", "givenName": "Paul", "familyName": "Fr\u00e8re", "dateOfBirth": "1917-01-30", "nationality": "Belgian"}, "Constructor": {"constructorId": "ferrari", "url": "http://en.wikipedia.org/wiki/Scuderia_Ferrari", "name": "Ferrari", "nationality": "Italian"}, "grid": "8", "laps": "36", "status": "Finished", "Time": {"millis": "9711600", "time": "+1:51.3"}}, {"number": "34", "position": "3", "positionText": "3", "points": "3", "Driver": {"driverId": "moss", "url": "http://en.wikipedia.org/wiki/Stirling_Moss", "givenName": "Stirling", "familyName": "Moss", "dateOfBirth": "1929-09-17", "nationality": "British"}, "Constructor": {"constructorId": "maserati", "url": "http://en.wikipedia.org/wiki/Maserati", "name": "Maserati", "nationality": "Italian"}, "grid": "9", "laps": "36", "status": "Finished", "Time": {"millis": "9796900", "time": "+3:16.6"}}, {"number": "34", "position": "3", "positionText": "3", "points": "2", "Driver": {"driverId": "perdisa", "url": "http://en.wikipedia.org/wiki/Cesare_Perdisa", "givenName": "Cesare", "familyName": "Perdisa", "dateOfBirth": "1932-10-21", "nationality": "Italian"}, "Constructor": {"constructorId": "maserati", "url": "http://en.wikipedia.org/wiki/Maserati", "name": "Maserati", "nationality": "Italian"}, "grid": "9", "laps": "36", "status": "Finished", "Time": {"millis": "9796900", "time": "+3:16.6"}}, {"number": "10", "position": "4", "positionText": "4", "points": "3", "Driver": {"driverId": "schell", "url": "http://en.wikipedia.org/wiki/Harry_Schell", "givenName": "Harry", "familyName": "Schell", "dateOfBirth": "1921-06-29", "nationality": "American"}, "Constructor": {"constructorId": "vanwall", "url": "http://en.wikipedia.org/wiki/Vanwall", "name": "Vanwall", "nationality": "British"}, "grid": "6", "laps": "35", "status": "+1 Lap"}, {"number": "22", "position": "5", "positionText": "5", "points": "2", "Driver": {"driverId": "villoresi", "url": "http://en.wikipedia.org/wiki/Luigi_Villoresi", "givenName": "Luigi", "familyName": "Villoresi", "dateOfBirth": "1909-05-16", "nationality": "Italian"}, "Constructor": {"constructorId": "maserati", "url": "http://en.wikipedia.org/wiki/Maserati", "name": "Maserati", "nationality": "Italian"}, "grid": "11", "laps": "34", "status": "+2 Laps"}, {"number": "20", "position": "6", "positionText": "6", "points": "0", "Driver": {"driverId": "andre_pilette", "url": "http://en.wikipedia.org/wiki/Andr%C3%A9_Pilette", "givenName": "Andr\u00e9", "familyName": "Pilette", "dateOfBirth": "1918-10-06", "nationality": "Belgian"}, "Constructor": {"constructorId": "ferrari", "url": "http://en.wikipedia.org/wiki/Scuderia_Ferrari", "name": "Ferrari", "nationality": "Italian"}, "grid": "16", "laps": "33", "status": "+3 Laps"}, {"number": "32", "position": "7", "positionText": "7", "points": "0", "Driver": {"driverId": "behra", "url": "http://en.wikipedia.org/wiki/Jean_Behra", "givenName": "Jean", "familyName": "Behra", "dateOfBirth": "1921-02-16", "nationality": "French"}, "Constructor": {"constructorId": "maserati", "url": "http://en.wikipedia.org/wiki/Maserati", "name": "Maserati", "nationality": "Italian"}, "grid": "4", "laps": "33", "status": "+3 Laps"}, {"number": "24", "position": "8", "positionText": "8", "points": "0", "Driver": {"driverId": "rosier", "url": "http://en.wikipedia.org/wiki/Louis_Rosier", "givenName": "Louis", "familyName": "Rosier", "dateOfBirth": "1905-11-05", "nationality": "French"}, "Constructor": {"constructorId": "maserati", "url": "http://en.wikipedia.org/wiki/Maserati", "name": "Maserati", "nationality": "Italian"}, "grid": "10", "laps": "33", "status": "+3 Laps"}, {"number": "2", "position": "9", "positionText": "R", "points": "0", "Driver": {"driverId": "fangio", "url": "http://en.wikipedia.org/wiki/Juan_Manuel_Fangio", "givenName": "Juan", "familyName": "Fangio", "dateOfBirth": "1911-06-24", "nationality": "Argentine"}, "Constructor": {"constructorId": "ferrari", "url": "http://en.wikipedia.org/wiki/Scuderia_Ferrari", "name": "Ferrari", "nationality": "Italian"}, "grid": "1", "laps": "23", "status": "Transmission"}, {"number": "12", "position": "10", "positionText": "R", "points": "0", "Driver": {"driverId": "trintignant", "url": "http://en.wikipedia.org/wiki/Maurice_Trintignant", "givenName": "Maurice", "familyName": "Trintignant", "dateOfBirth": "1917-10-30", "nationality": "French"}, "Constructor": {"constructorId": "vanwall", "url": "http://en.wikipedia.org/wiki/Vanwall", "name": "Vanwall", "nationality": "British"}, "grid": "7", "laps": "11", "status": "Fuel system"}, {"number": "30", "position": "11", "positionText": "R", "points": "0", "Driver": {"driverId": "moss", "url": "http://en.wikipedia.org/wiki/Stirling_Moss", "givenName": "Stirling", "familyName": "Moss", "dateOfBirth": "1929-09-17", "nationality": "British"}, "Constructor": {"constructorId": "maserati", "url": "http://en.wikipedia.org/wiki/Maserati", "name": "Maserati", "nationality": "Italian"}, "grid": "2", "laps": "10", "status": "Wheel"}, {"number": "4", "position": "12", "positionText": "R", "points": "0", "Driver": {"driverId": "castellotti", "url": "http://en.wikipedia.org/wiki/Eugenio_Castellotti", "givenName": "Eugenio", "familyName": "Castellotti", "dateOfBirth": "1930-10-10", "nationality": "Italian"}, "Constructor": {"constructorId": "ferrari", "url": "http://en.wikipedia.org/wiki/Scuderia_Ferrari", "name": "Ferrari", "nationality": "Italian"}, "grid": "5", "laps": "10", "status": "Transmission"}, {"number": "28", "position": "13", "positionText": "R", "points": "0", "Driver": {"driverId": "scotti", "url": "http://en.wikipedia.org/wiki/Piero_Scotti", "givenName": "Piero", "familyName": "Scotti", "dateOfBirth": "1909-11-11", "nationality": "Italian"}, "Constructor": {"constructorId": "connaught", "url": "http://en.wikipedia.org/wiki/Connaught_Engineering", "name": "Connaught", "nationality": "British"}, "grid": "12", "laps": "10", "status": "Engine"}, {"number": "26", "position": "14", "positionText": "R", "points": "0", "Driver": {"driverId": "gould", "url": "http://en.wikipedia.org/wiki/Horace_Gould", "givenName": "Horace", "familyName": "Gould", "dateOfBirth": "1918-09-20", "nationality": "British"}, "Constructor": {"constructorId": "maserati", "url": "http://en.wikipedia.org/wiki/Maserati", "name": "Maserati", "nationality": "Italian"}, "grid": "15", "laps": "2", "status": "Gearbox"}, {"number": "36", "position": "15", "positionText": "R", "points": "0", "Driver": {"driverId": "godia", "url": "http://en.wikipedia.org/wiki/Paco_Godia", "givenName": "Paco", "familyName": "Godia", "dateOfBirth": "1921-03-21", "nationality": "Spanish"}, "Constructor": {"constructorId": "maserati", "url": "http://en.wikipedia.org/wiki/Maserati", "name": "Maserati", "nationality": "Italian"}, "grid": "13", "laps": "0", "status": "Accident"}]}]}}}