{"MRData": {"xmlns": "http://ergast.com/mrd/1.5", "series": "f1", "url": "http://ergast.com/api/f1/1956/5/results.json", "limit": "30", "offset": "0", "total": "22", "RaceTable": {"season": "1956", "round": "5", "Races": [{"season": "1956", "round": "5", "url": "http://en.wikipedia.org/wiki/1956_French_Grand_Prix", "raceName": "French Grand Prix", "Circuit": {"circuitId": "reims", "url": "http://en.wikipedia.org/wiki/Reims-Gueux", "circuitName": "Reims-Gueux", "Location": {"lat": "49.2542", "long": "3.93083", "locality": "Reims", "country": "France"}}, "date": "1956-07-01", "Results": [{"number": "14", "position": "1", "positionText": "1", "points": "8", "Driver": {"driverId": "collins", "url": "http://en.wikipedia.org/wiki/Peter_Collins_(racing_driver)", "givenName": "Peter", "familyName": "Collins", "dateOfBirth": "1931-11-06", "nationality": "British"}, "Constructor": {"constructorId": "ferrari", "url": "http://en.wikipedia.org/wiki/Scuderia_Ferrari", "name": "Ferrari", "nationality": "Italian"}, "grid": "3", "laps": "61", "status": "Finished", "Time": {"millis": "9263400", "time": "2:34:23.4"}}, {"number": "12", "position": "2", "positionText": "2", "points": "6", "Driver": {"driverId": "castellotti", "url": "http://en.wikipedia.org/wiki/Eugenio_Castellotti", "givenName": "Eugenio", "familyName": "Castellotti", "dateOfBirth": "1930-10-10", "nationality": "Italian"}, "Constructor": {"constructorId": "ferrari", "url": "http://en.wikipedia.org/wiki/Scuderia_Ferrari", "name": "Ferrari", "nationality": "Italian"}, "grid": "2", "laps": "61", "status": "Finished", "Time": {"millis": "9263700", "time": "+0.3"}}, {"number": "4", "position": "3", "positionText": "3", "points": "4", "Driver": {"driverId": "behra", "url": "http://en.wikipedia.org/wiki/Jean_Behra", "givenName": "Jean", "familyName": "Behra", "dateOfBirth": "1921-02-16", "nationality": "French"}, "Constructor": {"constructorId": "maserati", "url": "http://en.wikipedia.org/wiki/Maserati", "name": "Maserati", "nationality": "Italian"}, "grid": "7", "laps": "61", "status": "Finished", "Time": {"millis": "9353300", "time": "+1:29.9"}}, {"number": "10", "position": "4", "positionText": "4", "points": "4", "Driver": {"driverId": "fangio", "url": "http://en.wikipedia.org/wiki/Juan_Manuel_Fangio", "givenName": "Juan", "familyName": "Fangio", "dateOfBirth": "1911-06-24", "nationality": "Argentine"}, "Constructor": {"constructorId": "ferrari", "url": "http://en.wikipedia.org/wiki/Scuderia_Ferrari", "name": "Ferrari", "nationality": "Italian"}, "grid": "1", "laps": "61", "status": "Finished", "Time": {"millis": "9358500", "time": "+1:35.1"}}, {"number": "6", "position": "5", "positionText": "5", "points": "1", "Driver": {"driverId": "moss", "url": "http://en.wikipedia.org/wiki/Stirling_Moss", "givenName": "Stirling", "familyName": "Moss", "dateOfBirth": "1929-09-17", "nationality": "British"}, "Constructor": {"constructorId": "maserati", "url": "http://en.wikipedia.org/wiki/Maserati", "name": "Maserati", "nationality": "Italian"}, "grid": "13", "laps": "59", "status": "+2 Laps"}, {"number": "6", "position": "5", "positionText": "5", "points": "1", "Driver": {"driverId": "perdisa", "url": "http://en.wikipedia.org/wiki/Cesare_Perdisa", "givenName": "Cesare", "familyName": "Perdisa", "dateOfBirth": "1932-10-21", "nationality": "Italian"}, "Constructor": {"constructorId": "maserati", "url": "http://en.wikipedia.org/wiki/Maserati", "name": "Maserati", "nationality": "Italian"}, "grid": "13", "laps": "59", "status": "+2 Laps"}, {"number": "36", "position": "6", "positionText": "6", "points": "0", "Driver": {"driverId": "rosier", "url": "http://en.wikipedia.org/wiki/Louis_Rosier", "givenName": "Louis", "familyName": "Rosier", "dateOfBirth": "1905-11-05", "nationality": "French"}, "Constructor": {"constructorId": "maserati", "url": "http://en.wikipedia.org/wiki/Maserati", "name": "Maserati", "nationality": "Italian"}, "grid": "12", "laps": "58", "status": "+3 Laps"}, {"number": "40", "position": "7", "positionText": "7", "points": "0", "Driver": {"driverId": "godia", "url": "http://en.wikipedia.org/wiki/Paco_Godia", "givenName": "Paco", "familyName": "Godia", "dateOfBirth": "1921-03-21", "nationality": "Spanish"}, "Constructor": {"constructorId": "maserati", "url": "http://en.wikipedia.org/wiki/Maserati", "name": "Maserati", "nationality": "Italian"}, "grid": "17", "laps": "57", "status": "+4 Laps"}, {"number": "32", "position": "8", "positionText": "8", "points": "0", "Driver": {"driverId": "ramos", "url": "http://en.wikipedia.org/wiki/Hernando_da_Silva_Ramos", "givenName": "Hernando", "familyName": "da Silva Ramos", "dateOfBirth": "1925-12-07", "nationality": "Brazilian"}, "Constructor": {"constructorId": "gordini", "url": "http://en.wikipedia.org/wiki/Gordini", "name": "Gordini", "nationality": "French"}, "grid": "14", "laps": "57", "status": "+4 Laps"}, {"number": "30", "position": "9", "positionText": "9", "points": "0", "Driver": {"driverId": "manzon", "url": "http://en.wikipedia.org/wiki/Robert_Manzon", "givenName": "Robert", "familyName": "Manzon", "dateOfBirth": "1917-04-12", "nationality": "French"}, "Constructor": {"constructorId": "gordini", "url": "http://en.wikipedia.org/wiki/Gordini", "name": "Gordini", "nationality": "French"}, "grid": "15", "laps": "56", "status": "+5 Laps"}, {"number": "24", "position": "10", "positionText": "10", "points": "0", "Driver": {"driverId": "hawthorn", "url": "http://en.wikipedia.org/wiki/Mike_Hawthorn", "givenName": "Mike", "familyName": "Hawthorn", "dateOfBirth": "1929-04-10", "nationality": "British"}, "Constructor": {"constructorId": "vanwall", "url": "http://en.wikipedia.org/wiki/Vanwall", "name": "Vanwall", "nationality": "British"}, "grid": "6", "laps": "56", "status": "+5 Laps"}, {"number": "24", "position": "10", "positionText": "10", "points": "0", "Driver": {"driverId": "schell", "url": "http://en.wikipedia.org/wiki/Harry_Schell", "givenName": "Harry", "familyName": "Schell", "dateOfBirth": "1921-06-29", "nationality": "American"}, "Constructor": {"constructorId": "vanwall", "url": "http://en.wikipedia.org/wiki/Vanwall", "name": "Vanwall", "nationality": "British"}, "grid": "6", "laps": "56", "status": "+5 Laps"}, {"number": "34", "position": "11", "positionText": "11", "points": "0", "Driver": {"driverId": "andre_pilette", "url": "http://en.wikipedia.org/wiki/Andr%C3%A9_Pilette", "givenName": "Andr\u00e9", "familyName": "Pilette", "dateOfBirth": "1918-10-06", "nationality": "Belgian"}, "Constructor": {"constructorId": "gordini", "url": "http://en.wikipedia.org/wiki/Gordini", "name": "Gordini", "nationality": "French"}, "grid": "19", "laps": "55", "status": "+6 Laps"}, {"number": "42", "position": "12", "positionText": "R", "points": "0", "Driver": {"driverId": "simon", "url": "http://en.wikipedia.org/wiki/Andr%C3%A9_Simon_(racing_driver)", "givenName": "Andr\u00e9", "familyName": "Simon", "dateOfBirth": "1920-01-05", "nationality": "French"}, "Constructor": {"constructorId": "maserati", "url": "http://en.wikipedia.org/wiki/Maserati", "name": "Maserati", "nationality": "Italian"}, "grid": "20", "laps": "41", "status": "Engine"}, {"number": "8", "position": "13", "positionText": "R", "points": "0", "Driver": {"driverId": "ramos", "url": "http://en.wikipedia.org/wiki/Hernando_da_Silva_Ramos", "givenName": "Hernando", "familyName": "da Silva Ramos", "dateOfBirth": "1925-12-07", "nationality": "Brazilian"}, "Constructor": {"constructorId": "maserati", "url": "http://en.wikipedia.org/wiki/Maserati", "name": "Maserati", "nationality": "Italian"}, "grid": "16", "laps": "40", "status": "Engine"}, {"number": "44", "position": "14", "positionText": "R", "points": "0", "Driver": {"driverId": "gendebien", "url": "http://en.wikipedia.org/wiki/Olivier_Gendebien", "givenName": "Olivier", "familyName": "Gendebien", "dateOfBirth": "1924-01-12", "nationality": "Belgian"}, "Constructor": {"constructorId": "ferrari", "url": "http://en.wikipedia.org/wiki/Scuderia_Ferrari", "name": "Ferrari", "nationality": "Italian"}, "grid": "11", "laps": "38", "status": "Clutch"}, {"number": "38", "position": "15", "positionText": "R", "points": "0", "Driver": {"driverId": "villoresi", "url": "http://en.wikipedia.org/wiki/Luigi_Villoresi", "givenName": "Luigi", "familyName": "Villoresi", "dateOfBirth": "1909-05-16", "nationality": "Italian"}, "Constructor": {"constructorId": "maserati", "url": "http://en.wikipedia.org/wiki/Maserati", "name": "Maserati", "nationality": "Italian"}, "grid": "10", "laps": "23", "status": "Brakes"}, {"number": "16", "position": "16", "positionText": "R", "points": "0", "Driver": {"driverId": "portago", "url": "http://en.wikipedia.org/wiki/Alfonso_de_Portago", "givenName": "Alfonso", "familyName": "de Portago", "dateOfBirth": "1928-10-11", "nationality": "Spanish"}, "Constructor": {"constructorId": "ferrari", "url": "http://en.wikipedia.org/wiki/Scuderia_Ferrari", "name": "Ferrari", "nationality": "Italian"}, "grid": "9", "laps": "20", "status": "Gearbox"}, {"number": "28", "position": "17", "positionText": "R", "points": "0", "Driver": {"driverId": "trintignant", "url": "http://en.wikipedia.org/wiki/Maurice_Trintignant", "givenName": "Maurice", "familyName": "Trintignant", "dateOfBirth": "1917-10-30", "nationality": "French"}, "Constructor": {"constructorId": "bugatti", "url": "http://en.wikipedia.org/wiki/Bugatti", "name": "Bugatti", "nationality": "French"}, "grid": "18", "laps": "18", "status": "Throttle"}, {"number": "2", "position": "18", "positionText": "R", "points": "0", "Driver": {"driverId": "moss", "url": "http://en.wikipedia.org/wiki/Stirling_Moss", "givenName": "Stirling", "familyName": "Moss", "dateOfBirth": "1929-09-17", "nationality": "British"}, "Constructor": {"constructorId": "maserati", "url": "http://en.wikipedia.org/wiki/Maserati", "name": "Maserati", "nationality": "Italian"}, "grid": "8", "laps": "12", "status": "Gearbox"}, {"number": "22", "position": "19", "positionText": "R", "points": "0", "Driver": {"driverId": "schell", "url": "http://en.wikipedia.org/wiki/Harry_Schell", "givenName": "Harry", "familyName": "Schell", "dateOfBirth": "1921-06-29", "nationality": "American"}, "Constructor": {"constructorId": "vanwall", "url": "http://en.wikipedia.org/wiki/Vanwall", "name": "Vanwall", "nationality": "British"}, "grid": "4", "laps": "5", "status": "Engine"}, {"number": "26", "position": "20", "positionText": "W", "points": "0", "Driver": {"driverId": "chapman", "url": "http://en.wikipedia.org/wiki/Colin_Chapman", "givenName": "Colin", "familyName": "Chapman", "dateOfBirth": "1928-05-19", "nationality": "British"}, "Constructor": {"constructorId": "vanwall", "url": "http://en.wikipedia.org/wiki/Vanwall", "name": "Vanwall", "nationality": "British"}, "grid": "5", "laps": "0", "status": "Accident"}]}]}}}