{"MRData": {"xmlns": "http://ergast.com/mrd/1.5", "series": "f1", "url": "http://ergast.com/api/f1/1958/1/constructorstandings.json", "limit": "30", "offset": "0", "total": "3", "StandingsTable": {"season": "1958", "round": "1", "StandingsLists": [{"season": "1958", "round": "1", "ConstructorStandings": [{"position": "1", "positionText": "1", "points": "8", "wins": "1", "Constructor": {"constructorId": "cooper", "url": "http://en.wikipedia.org/wiki/Cooper_Car_Company", "name": "Cooper", "nationality": "British"}}, {"position": "2", "positionText": "2", "points": "6", "wins": "0", "Constructor": {"constructorId": "ferrari", "url": "http://en.wikipedia.org/wiki/Scuderia_Ferrari", "name": "Ferrari", "nationality": "Italian"}}, {"position": "3", "positionText": "3", "points": "3", "wins": "0", "Constructor": {"constructorId": "maserati", "url": "http://en.wikipedia.org/wiki/Maserati", "name": "Maserati", "nationality": "Italian"}}]}]}}}