{"MRData": {"xmlns": "http://ergast.com/mrd/1.5", "series": "f1", "url": "http://ergast.com/api/f1/1958/3/constructorstandings.json", "limit": "30", "offset": "0", "total": "9", "StandingsTable": {"season": "1958", "round": "3", "StandingsLists": [{"season": "1958", "round": "3", "ConstructorStandings": [{"position": "1", "positionText": "1", "points": "19", "wins": "2", "Constructor": {"constructorId": "cooper", "url": "http://en.wikipedia.org/wiki/Cooper_Car_Company", "name": "Cooper", "nationality": "British"}}, {"position": "2", "positionText": "2", "points": "14", "wins": "0", "Constructor": {"constructorId": "ferrari", "url": "http://en.wikipedia.org/wiki/Scuderia_Ferrari", "name": "Ferrari", "nationality": "Italian"}}, {"position": "3", "positionText": "3", "points": "8", "wins": "1", "Constructor": {"constructorId": "vanwall", "url": "http://en.wikipedia.org/wiki/Vanwall", "name": "Vanwall", "nationality": "British"}}, {"position": "4", "positionText": "4", "points": "8", "wins": "0", "Constructor": {"constructorId": "brm", "url": "http://en.wikipedia.org/wiki/BRM", "name": "BRM", "nationality": "British"}}, {"position": "5", "positionText": "5", "points": "3", "wins": "0", "Constructor": {"constructorId": "maserati", "url": "http://en.wikipedia.org/wiki/Maserati", "name": "Maserati", "nationality": "Italian"}}, {"position": "6", "positionText": "6", "points": "0", "wins": "0", "Constructor": {"constructorId": "team_lotus", "url": "http://en.wikipedia.org/wiki/Team_Lotus", "name": "Team Lotus", "nationality": "British"}}, {"position": "7", "positionText": "7", "points": "0", "wins": "0", "Constructor": {"constructorId": "porsche", "url": "http://en.wikipedia.org/wiki/Porsche_in_Formula_One", "name": "Porsche", "nationality": "German"}}, {"position": "8", "positionText": "8", "points": "0", "wins": "0", "Constructor": {"constructorId": "connaught", "url": "http://en.wikipedia.org/wiki/Connaught_Engineering", "name": "Connaught", "nationality": "British"}}, {"position": "9", "positionText": "9", "points": "0", "wins": "0", "Constructor": {"constructorId": "osca", "url": "http://en.wikipedia.org/wiki/Officine_Specializate_Costruzione_Automobili", "name": "OSCA", "nationality": "Italian"}}]}]}}}