{"MRData": {"xmlns": "http://ergast.com/mrd/1.5", "series": "f1", "url": "http://ergast.com/api/f1/1958/4/driverstandings.json", "limit": "30", "offset": "0", "total": "67", "StandingsTable": {"season": "1958", "round": "4", "StandingsLists": [{"season": "1958", "round": "4", "DriverStandings": [{"position": "1", "positionText": "1", "points": "17", "wins": "2", "Driver": {"driverId": "moss", "url": "http://en.wikipedia.org/wiki/Stirling_Moss", "givenName": "Stirling", "familyName": "Moss", "dateOfBirth": "1929-09-17", "nationality": "British"}, "Constructors": [{"constructorId": "cooper", "url": "http://en.wikipedia.org/wiki/Cooper_Car_Company", "name": "Cooper", "nationality": "British"}, {"constructorId": "vanwall", "url": "http://en.wikipedia.org/wiki/Vanwall", "name": "Vanwall", "nationality": "British"}]}, {"position": "2", "positionText": "2", "points": "12", "wins": "0", "Driver": {"driverId": "musso", "url": "http://en.wikipedia.org/wiki/Luigi_Musso", "givenName": "Luigi", "familyName": "Musso", "dateOfBirth": "1924-07-28", "nationality": "Italian"}, "Constructors": [{"constructorId": "ferrari", "url": "http://en.wikipedia.org/wiki/Scuderia_Ferrari", "name": "Ferrari", "nationality": "Italian"}]}, {"position": "3", "positionText": "3", "points": "8", "wins": "1", "Driver": {"driverId": "trintignant", "url": "http://en.wikipedia.org/wiki/Maurice_Trintignant", "givenName": "Maurice", "familyName": "Trintignant", "dateOfBirth": "1917-10-30", "nationality": "French"}, "Constructors": [{"constructorId": "cooper", "url": "http://en.wikipedia.org/wiki/Cooper_Car_Company", "name": "Cooper", "nationality": "British"}]}, {"position": "4", "positionText": "4", "points": "8", "wins": "1", "Driver": {"driverId": "bryan", "url": "http://en.wikipedia.org/wiki/Jimmy_Bryan", "givenName": "Jimmy", "familyName": "Bryan", "dateOfBirth": "1926-01-28", "nationality": "American"}, "Constructors": [{"constructorId": "epperly", "url": "http://en.wikipedia.org/wiki/Epperly", "name": "Epperly", "nationality": "American"}]}, {"position": "5", "positionText": "5", "points": "8", "wins": "0", "Driver": {"driverId": "schell", "url": "http://en.wikipedia.org/wiki/Harry_Schell", "givenName": "Harry", "familyName": "Schell", "dateOfBirth": "1921-06-29", "nationality": "American"}, "Constructors": [{"constructorId": "maserati", "url": "http://en.wikipedia.org/wiki/Maserati", "name": "Maserati", "nationality": "Italian"}, {"constructorId": "brm", "url": "http://en.wikipedia.org/wiki/BRM", "name": "BRM", "nationality": "British"}]}, {"position": "6", "positionText": "6", "points": "7", "wins": "0", "Driver": {"driverId": "hawthorn", "url": "http://en.wikipedia.org/wiki/Mike_Hawthorn", "givenName": "Mike", "familyName": "Hawthorn", "dateOfBirth": "1929-04-10", "nationality": "British"}, "Constructors": [{"constructorId": "ferrari", "url": "http://en.wikipedia.org/wiki/Scuderia_Ferrari", "name": "Ferrari", "nationality": "Italian"}]}, {"position": "7", "positionText": "7", "points": "6", "wins": "0", "Driver": {"driverId": "george_amick", "url": "http://en.wikipedia.org/wiki/George_Amick", "givenName": "George", "familyName": "Amick", "dateOfBirth": "1924-10-24", "nationality": "American"}, "Constructors": [{"constructorId": "epperly", "url": "http://en.wikipedia.org/wiki/Epperly", "name": "Epperly", "nationality": "American"}]}, {"position": "8", "positionText": "8", "points": "6", "wins": "0", "Driver": {"driverId": "behra", "url": "http://en.wikipedia.org/wiki/Jean_Behra", "givenName": "Jean", "familyName": "Behra", "dateOfBirth": "1921-02-16", "nationality": "French"}, "Constructors": [{"constructorId": "maserati", "url": "http://en.wikipedia.org/wiki/Maserati", "name": "Maserati", "nationality": "Italian"}, {"constructorId": "brm", "url": "http://en.wikipedia.org/wiki/BRM", "name": "BRM", "nationality": "British"}]}, {"position": "9", "positionText": "9", "points": "4", "wins": "0", "Driver": {"driverId": "collins", "url": "http://en.wikipedia.org/wiki/Peter_Collins_(racing_driver)", "givenName": "Peter", "familyName": "Collins", "dateOfBirth": "1931-11-06", "nationality": "British"}, "Constructors": [{"constructorId": "ferrari", "url": "http://en.wikipedia.org/wiki/Scuderia_Ferrari", "name": "Ferrari", "nationality": "Italian"}]}, {"position": "10", "positionText": "10", "points": "4", "wins": "0", "Driver": {"driverId": "boyd", "url": "http://en.wikipedia.org/wiki/Johnny_Boyd", "givenName": "Johnny", "familyName": "Boyd", "dateOfBirth": "1926-08-19", "nationality": "American"}, "Constructors": [{"constructorId": "kurtis_kraft", "url": "http://en.wikipedia.org/wiki/Kurtis_Kraft", "name": "Kurtis Kraft", "nationality": "American"}]}, {"position": "11", "positionText": "11", "points": "4", "wins": "0", "Driver": {"driverId": "bettenhausen", "url": "http://en.wikipedia.org/wiki/Tony_Bettenhausen", "givenName": "Tony", "familyName": "Bettenhausen", "dateOfBirth": "1916-09-12", "nationality": "American"}, "Constructors": [{"constructorId": "epperly", "url": "http://en.wikipedia.org/wiki/Epperly", "name": "Epperly", "nationality": "American"}]}, {"position": "12", "positionText": "12", "points": "4", "wins": "0", "Driver": {"driverId": "fangio", "url": "http://en.wikipedia.org/wiki/Juan_Manuel_Fangio", "givenName": "Juan", "familyName": "Fangio", "dateOfBirth": "1911-06-24", "nationality": "Argentine"}, "Constructors": [{"constructorId": "maserati", "url": "http://en.wikipedia.org/wiki/Maserati", "name": "Maserati", "nationality": "Italian"}]}, {"position": "13", "positionText": "13", "points": "3", "wins": "0", "Driver": {"driverId": "jack_brabham", "url": "http://en.wikipedia.org/wiki/Jack_Brabham", "givenName": "Jack", "familyName": "Brabham", "dateOfBirth": "1926-04-02", "nationality": "Australian"}, "Constructors": [{"constructorId": "cooper", "url": "http://en.wikipedia.org/wiki/Cooper_Car_Company", "name": "Cooper", "nationality": "British"}]}, {"position": "14", "positionText": "14", "points": "3", "wins": "0", "Driver": {"driverId": "salvadori", "url": "http://en.wikipedia.org/wiki/Roy_Salvadori", "givenName": "Roy", "familyName": "Salvadori", "dateOfBirth": "1922-05-12", "nationality": "British"}, "Constructors": [{"constructorId": "cooper", "url": "http://en.wikipedia.org/wiki/Cooper_Car_Company", "name": "Cooper", "nationality": "British"}]}, {"position": "15", "positionText": "15", "points": "2", "wins": "0", "Driver": {"driverId": "rathmann", "url": "http://en.wikipedia.org/wiki/Jim_Rathmann", "givenName": "Jim", "familyName": "Rathmann", "dateOfBirth": "1928-07-16", "nationality": "American"}, "Constructors": [{"constructorId": "epperly", "url": "http://en.wikipedia.org/wiki/Epperly", "name": "Epperly", "nationality": "American"}]}, {"position": "16", "positionText": "16", "points": "0", "wins": "0", "Driver": {"driverId": "allison", "url": "http://en.wikipedia.org/wiki/Cliff_Allison", "givenName": "Cliff", "familyName": "Allison", "dateOfBirth": "1932-02-08", "nationality": "British"}, "Constructors": [{"constructorId": "team_lotus", "url": "http://en.wikipedia.org/wiki/Team_Lotus", "name": "Team Lotus", "nationality": "British"}]}, {"position": "17", "positionText": "17", "points": "0", "wins": "0", "Driver": {"driverId": "reece", "url": "http://en.wikipedia.org/wiki/Jimmy_Reece", "givenName": "Jimmy", "familyName": "Reece", "dateOfBirth": "1929-11-17", "nationality": "American"}, "Constructors": [{"constructorId": "watson", "url": "http://en.wikipedia.org/wiki/A.J._Watson", "name": "Watson", "nationality": "American"}]}, {"position": "18", "positionText": "18", "points": "0", "wins": "0", "Driver": {"driverId": "freeland", "url": "http://en.wikipedia.org/wiki/Don_Freeland", "givenName": "Don", "familyName": "Freeland", "dateOfBirth": "1925-03-25", "nationality": "American"}, "Constructors": [{"constructorId": "phillips", "url": "http://en.wikipedia.org/wiki/Phillips_(constructor)", "name": "Phillips", "nationality": "American"}]}, {"position": "19", "positionText": "19", "points": "0", "wins": "0", "Driver": {"driverId": "menditeguy", "url": "http://en.wikipedia.org/wiki/Carlos_Menditeguy", "givenName": "Carlos", "familyName": "Menditeguy", "dateOfBirth": "1914-08-10", "nationality": "Argentine"}, "Constructors": [{"constructorId": "maserati", "url": "http://en.wikipedia.org/wiki/Maserati", "name": "Maserati", "nationality": "Italian"}]}, {"position": "20", "positionText": "20", "points": "0", "wins": "0", "Driver": {"driverId": "godia", "url": "http://en.wikipedia.org/wiki/Paco_Godia", "givenName": "Paco", "familyName": "Godia", "dateOfBirth": "1921-03-21", "nationality": "Spanish"}, "Constructors": [{"constructorId": "maserati", "url": "http://en.wikipedia.org/wiki/Maserati", "name": "Maserati", "nationality": "Italian"}]}, {"position": "21", "positionText": "21", "points": "0", "wins": "0", "Driver": {"driverId": "larson", "url": "http://en.wikipedia.org/wiki/Jud_Larson", "givenName": "Jud", "familyName": "Larson", "dateOfBirth": "1923-01-21", "nationality": "American"}, "Constructors": [{"constructorId": "watson", "url": "http://en.wikipedia.org/wiki/A.J._Watson", "name": "Watson", "nationality": "American"}]}, {"position": "22", "positionText": "22", "points": "0", "wins": "0", "Driver": {"driverId": "gould", "url": "http://en.wikipedia.org/wiki/Horace_Gould", "givenName": "Horace", "familyName": "Gould", "dateOfBirth": "1918-09-20", "nationality": "British"}, "Constructors": [{"constructorId": "maserati", "url": "http://en.wikipedia.org/wiki/Maserati", "name": "Maserati", "nationality": "Italian"}]}, {"position": "23", "positionText": "23", "points": "0", "wins": "0", "Driver": {"driverId": "johnson", "url": "http://en.wikipedia.org/wiki/Eddie_Johnson_(auto_racer)", "givenName": "Eddie", "familyName": "Johnson", "dateOfBirth": "1919-02-10", "nationality": "American"}, "Constructors": [{"constructorId": "kurtis_kraft", "url": "http://en.wikipedia.org/wiki/Kurtis_Kraft", "name": "Kurtis Kraft", "nationality": "American"}]}, {"position": "24", "positionText": "24", "points": "0", "wins": "0", "Driver": {"driverId": "bonnier", "url": "http://en.wikipedia.org/wiki/Joakim_Bonnier", "givenName": "Jo", "familyName": "Bonnier", "dateOfBirth": "1930-01-31", "nationality": "Swedish"}, "Constructors": [{"constructorId": "maserati", "url": "http://en.wikipedia.org/wiki/Maserati", "name": "Maserati", "nationality": "Italian"}]}, {"position": "25", "positionText": "25", "points": "0", "wins": "0", "Driver": {"driverId": "cheesbourg", "url": "http://en.wikipedia.org/wiki/Bill_Cheesbourg", "givenName": "Bill", "familyName": "Cheesbourg", "dateOfBirth": "1927-06-12", "nationality": "American"}, "Constructors": [{"constructorId": "kurtis_kraft", "url": "http://en.wikipedia.org/wiki/Kurtis_Kraft", "name": "Kurtis Kraft", "nationality": "American"}]}, {"position": "26", "positionText": "26", "points": "0", "wins": "0", "Driver": {"driverId": "beaufort", "url": "http://en.wikipedia.org/wiki/Carel_Godin_de_Beaufort", "givenName": "Carel Godin", "familyName": "de Beaufort", "dateOfBirth": "1934-04-10", "nationality": "Dutch"}, "Constructors": [{"constructorId": "porsche", "url": "http://en.wikipedia.org/wiki/Porsche_in_Formula_One", "name": "Porsche", "nationality": "German"}]}, {"position": "27", "positionText": "27", "points": "0", "wins": "0", "Driver": {"driverId": "keller", "url": "http://en.wikipedia.org/wiki/Al_Keller", "givenName": "Al", "familyName": "Keller", "dateOfBirth": "1920-04-11", "nationality": "American"}, "Constructors": [{"constructorId": "kurtis_kraft", "url": "http://en.wikipedia.org/wiki/Kurtis_Kraft", "name": "Kurtis Kraft", "nationality": "American"}]}, {"position": "28", "positionText": "28", "points": "0", "wins": "0", "Driver": {"driverId": "parsons", "url": "http://en.wikipedia.org/wiki/Johnnie_Parsons", "givenName": "Johnnie", "familyName": "Parsons", "dateOfBirth": "1918-07-04", "nationality": "American"}, "Constructors": [{"constructorId": "kurtis_kraft", "url": "http://en.wikipedia.org/wiki/Kurtis_Kraft", "name": "Kurtis Kraft", "nationality": "American"}]}, {"position": "29", "positionText": "29", "points": "0", "wins": "0", "Driver": {"driverId": "tolan", "url": "http://en.wikipedia.org/wiki/Johnnie_Tolan", "givenName": "Johnnie", "familyName": "Tolan", "dateOfBirth": "1917-10-22", "nationality": "American"}, "Constructors": [{"constructorId": "kuzma", "url": "http://en.wikipedia.org/wiki/Kuzma_(constructor)", "name": "Kuzma", "nationality": "American"}]}, {"position": "30", "positionText": "30", "points": "0", "wins": "0", "Driver": {"driverId": "trips", "url": "http://en.wikipedia.org/wiki/Wolfgang_Graf_Berghe_von_Trips", "givenName": "Wolfgang", "familyName": "von Trips", "dateOfBirth": "1928-05-04", "nationality": "German"}, "Constructors": [{"constructorId": "ferrari", "url": "http://en.wikipedia.org/wiki/Scuderia_Ferrari", "name": "Ferrari", "nationality": "Italian"}]}]}]}}}