{"MRData": {"xmlns": "http://ergast.com/mrd/1.5", "series": "f1", "url": "http://ergast.com/api/f1/1958/3/driverstandings.json", "limit": "30", "offset": "0", "total": "34", "StandingsTable": {"season": "1958", "round": "3", "StandingsLists": [{"season": "1958", "round": "3", "DriverStandings": [{"position": "1", "positionText": "1", "points": "17", "wins": "2", "Driver": {"driverId": "moss", "url": "http://en.wikipedia.org/wiki/Stirling_Moss", "givenName": "Stirling", "familyName": "Moss", "dateOfBirth": "1929-09-17", "nationality": "British"}, "Constructors": [{"constructorId": "cooper", "url": "http://en.wikipedia.org/wiki/Cooper_Car_Company", "name": "Cooper", "nationality": "British"}, {"constructorId": "vanwall", "url": "http://en.wikipedia.org/wiki/Vanwall", "name": "Vanwall", "nationality": "British"}]}, {"position": "2", "positionText": "2", "points": "12", "wins": "0", "Driver": {"driverId": "musso", "url": "http://en.wikipedia.org/wiki/Luigi_Musso", "givenName": "Luigi", "familyName": "Musso", "dateOfBirth": "1924-07-28", "nationality": "Italian"}, "Constructors": [{"constructorId": "ferrari", "url": "http://en.wikipedia.org/wiki/Scuderia_Ferrari", "name": "Ferrari", "nationality": "Italian"}]}, {"position": "3", "positionText": "3", "points": "8", "wins": "1", "Driver": {"driverId": "trintignant", "url": "http://en.wikipedia.org/wiki/Maurice_Trintignant", "givenName": "Maurice", "familyName": "Trintignant", "dateOfBirth": "1917-10-30", "nationality": "French"}, "Constructors": [{"constructorId": "cooper", "url": "http://en.wikipedia.org/wiki/Cooper_Car_Company", "name": "Cooper", "nationality": "British"}]}, {"position": "4", "positionText": "4", "points": "8", "wins": "0", "Driver": {"driverId": "schell", "url": "http://en.wikipedia.org/wiki/Harry_Schell", "givenName": "Harry", "familyName": "Schell", "dateOfBirth": "1921-06-29", "nationality": "American"}, "Constructors": [{"constructorId": "maserati", "url": "http://en.wikipedia.org/wiki/Maserati", "name": "Maserati", "nationality": "Italian"}, {"constructorId": "brm", "url": "http://en.wikipedia.org/wiki/BRM", "name": "BRM", "nationality": "British"}]}, {"position": "5", "positionText": "5", "points": "7", "wins": "0", "Driver": {"driverId": "hawthorn", "url": "http://en.wikipedia.org/wiki/Mike_Hawthorn", "givenName": "Mike", "familyName": "Hawthorn", "dateOfBirth": "1929-04-10", "nationality": "British"}, "Constructors": [{"constructorId": "ferrari", "url": "http://en.wikipedia.org/wiki/Scuderia_Ferrari", "name": "Ferrari", "nationality": "Italian"}]}, {"position": "6", "positionText": "6", "points": "6", "wins": "0", "Driver": {"driverId": "behra", "url": "http://en.wikipedia.org/wiki/Jean_Behra", "givenName": "Jean", "familyName": "Behra", "dateOfBirth": "1921-02-16", "nationality": "French"}, "Constructors": [{"constructorId": "maserati", "url": "http://en.wikipedia.org/wiki/Maserati", "name": "Maserati", "nationality": "Italian"}, {"constructorId": "brm", "url": "http://en.wikipedia.org/wiki/BRM", "name": "BRM", "nationality": "British"}]}, {"position": "7", "positionText": "7", "points": "4", "wins": "0", "Driver": {"driverId": "collins", "url": "http://en.wikipedia.org/wiki/Peter_Collins_(racing_driver)", "givenName": "Peter", "familyName": "Collins", "dateOfBirth": "1931-11-06", "nationality": "British"}, "Constructors": [{"constructorId": "ferrari", "url": "http://en.wikipedia.org/wiki/Scuderia_Ferrari", "name": "Ferrari", "nationality": "Italian"}]}, {"position": "8", "positionText": "8", "points": "4", "wins": "0", "Driver": {"driverId": "fangio", "url": "http://en.wikipedia.org/wiki/Juan_Manuel_Fangio", "givenName": "Juan", "familyName": "Fangio", "dateOfBirth": "1911-06-24", "nationality": "Argentine"}, "Constructors": [{"constructorId": "maserati", "url": "http://en.wikipedia.org/wiki/Maserati", "name": "Maserati", "nationality": "Italian"}]}, {"position": "9", "positionText": "9", "points": "3", "wins": "0", "Driver": {"driverId": "jack_brabham", "url": "http://en.wikipedia.org/wiki/Jack_Brabham", "givenName": "Jack", "familyName": "Brabham", "dateOfBirth": "1926-04-02", "nationality": "Australian"}, "Constructors": [{"constructorId": "cooper", "url": "http://en.wikipedia.org/wiki/Cooper_Car_Company", "name": "Cooper", "nationality": "British"}]}, {"position": "10", "positionText": "10", "points": "3", "wins": "0", "Driver": {"driverId": "salvadori", "url": "http://en.wikipedia.org/wiki/Roy_Salvadori", "givenName": "Roy", "familyName": "Salvadori", "dateOfBirth": "1922-05-12", "nationality": "British"}, "Constructors": [{"constructorId": "cooper", "url": "http://en.wikipedia.org/wiki/Cooper_Car_Company", "name": "Cooper", "nationality": "British"}]}, {"position": "11", "positionText": "11", "points": "0", "wins": "0", "Driver": {"driverId": "allison", "url": "http://en.wikipedia.org/wiki/Cliff_Allison", "givenName": "Cliff", "familyName": "Allison", "dateOfBirth": "1932-02-08", "nationality": "British"}, "Constructors": [{"constructorId": "team_lotus", "url": "http://en.wikipedia.org/wiki/Team_Lotus", "name": "Team Lotus", "nationality": "British"}]}, {"position": "12", "positionText": "12", "points": "0", "wins": "0", "Driver": {"driverId": "menditeguy", "url": "http://en.wikipedia.org/wiki/Carlos_Menditeguy", "givenName": "Carlos", "familyName": "Menditeguy", "dateOfBirth": "1914-08-10", "nationality": "Argentine"}, "Constructors": [{"constructorId": "maserati", "url": "http://en.wikipedia.org/wiki/Maserati", "name": "Maserati", "nationality": "Italian"}]}, {"position": "13", "positionText": "13", "points": "0", "wins": "0", "Driver": {"driverId": "godia", "url": "http://en.wikipedia.org/wiki/Paco_Godia", "givenName": "Paco", "familyName": "Godia", "dateOfBirth": "1921-03-21", "nationality": "Spanish"}, "Constructors": [{"constructorId": "maserati", "url": "http://en.wikipedia.org/wiki/Maserati", "name": "Maserati", "nationality": "Italian"}]}, {"position": "14", "positionText": "14", "points": "0", "wins": "0", "Driver": {"driverId": "gould", "url": "http://en.wikipedia.org/wiki/Horace_Gould", "givenName": "Horace", "familyName": "Gould", "dateOfBirth": "1918-09-20", "nationality": "British"}, "Constructors": [{"constructorId": "maserati", "url": "http://en.wikipedia.org/wiki/Maserati", "name": "Maserati", "nationality": "Italian"}]}, {"position": "15", "positionText": "15", "points": "0", "wins": "0", "Driver": {"driverId": "bonnier", "url": "http://en.wikipedia.org/wiki/Joakim_Bonnier", "givenName": "Jo", "familyName": "Bonnier", "dateOfBirth": "1930-01-31", "nationality": "Swedish"}, "Constructors": [{"constructorId": "maserati", "url": "http://en.wikipedia.org/wiki/Maserati", "name": "Maserati", "nationality": "Italian"}]}, {"position": "16", "positionText": "16", "points": "0", "wins": "0", "Driver": {"driverId": "beaufort", "url": "http://en.wikipedia.org/wiki/Carel_Godin_de_Beaufort", "givenName": "Carel Godin", "familyName": "de Beaufort", "dateOfBirth": "1934-04-10", "nationality": "Dutch"}, "Constructors": [{"constructorId": "porsche", "url": "http://en.wikipedia.org/wiki/Porsche_in_Formula_One", "name": "Porsche", "nationality": "German"}]}, {"position": "17", "positionText": "17", "points": "0", "wins": "0", "Driver": {"driverId": "trips", "url": "http://en.wikipedia.org/wiki/Wolfgang_Graf_Berghe_von_Trips", "givenName": "Wolfgang", "familyName": "von Trips", "dateOfBirth": "1928-05-04", "nationality": "German"}, "Constructors": [{"constructorId": "ferrari", "url": "http://en.wikipedia.org/wiki/Scuderia_Ferrari", "name": "Ferrari", "nationality": "Italian"}]}, {"position": "18", "positionText": "18", "points": "0", "wins": "0", "Driver": {"driverId": "hill", "url": "http://en.wikipedia.org/wiki/Graham_Hill", "givenName": "Graham", "familyName": "Hill", "dateOfBirth": "1929-02-15", "nationality": "British"}, "Constructors": [{"constructorId": "team_lotus", "url": "http://en.wikipedia.org/wiki/Team_Lotus", "name": "Team Lotus", "nationality": "British"}]}, {"position": "19", "positionText": "19", "points": "0", "wins": "0", "Driver": {"driverId": "scarlatti", "url": "http://en.wikipedia.org/wiki/Giorgio_Scarlatti", "givenName": "Giorgio", "familyName": "Scarlatti", "dateOfBirth": "1921-10-02", "nationality": "Italian"}, "Constructors": [{"constructorId": "maserati", "url": "http://en.wikipedia.org/wiki/Maserati", "name": "Maserati", "nationality": "Italian"}]}, {"position": "20", "positionText": "20", "points": "0", "wins": "0", "Driver": {"driverId": "lewis-evans", "url": "http://en.wikipedia.org/wiki/Stuart_Lewis-Evans", "givenName": "Stuart", "familyName": "Lewis-Evans", "dateOfBirth": "1930-04-20", "nationality": "British"}, "Constructors": [{"constructorId": "vanwall", "url": "http://en.wikipedia.org/wiki/Vanwall", "name": "Vanwall", "nationality": "British"}]}, {"position": "21", "positionText": "21", "points": "0", "wins": "0", "Driver": {"driverId": "brooks", "url": "http://en.wikipedia.org/wiki/Tony_Brooks", "givenName": "Tony", "familyName": "Brooks", "dateOfBirth": "1932-02-25", "nationality": "British"}, "Constructors": [{"constructorId": "vanwall", "url": "http://en.wikipedia.org/wiki/Vanwall", "name": "Vanwall", "nationality": "British"}]}, {"position": "22", "positionText": "22", "points": "0", "wins": "0", "Driver": {"driverId": "gregory", "url": "http://en.wikipedia.org/wiki/Masten_Gregory", "givenName": "Masten", "familyName": "Gregory", "dateOfBirth": "1932-02-29", "nationality": "American"}, "Constructors": [{"constructorId": "maserati", "url": "http://en.wikipedia.org/wiki/Maserati", "name": "Maserati", "nationality": "Italian"}]}, {"position": "23", "positionText": "23", "points": "0", "wins": "0", "Driver": {"driverId": "flockhart", "url": "http://en.wikipedia.org/wiki/Ron_Flockhart_(auto_racing)", "givenName": "Ron", "familyName": "Flockhart", "dateOfBirth": "1923-06-16", "nationality": "British"}, "Constructors": [{"constructorId": "cooper", "url": "http://en.wikipedia.org/wiki/Cooper_Car_Company", "name": "Cooper", "nationality": "British"}, {"constructorId": "brm", "url": "http://en.wikipedia.org/wiki/BRM", "name": "BRM", "nationality": "British"}]}, {"position": "24", "positionText": "24", "points": "0", "wins": "0", "Driver": {"driverId": "kavanagh", "url": "http://en.wikipedia.org/wiki/Ken_Kavanagh", "givenName": "Ken", "familyName": "Kavanagh", "dateOfBirth": "1923-12-12", "nationality": "Australian"}, "Constructors": [{"constructorId": "maserati", "url": "http://en.wikipedia.org/wiki/Maserati", "name": "Maserati", "nationality": "Italian"}]}, {"position": "25", "positionText": "25", "points": "0", "wins": "0", "Driver": {"driverId": "gerini", "url": "http://en.wikipedia.org/wiki/Gerino_Gerini_(racing_driver)", "givenName": "Gerino", "familyName": "Gerini", "dateOfBirth": "1928-08-10", "nationality": "Italian"}, "Constructors": [{"constructorId": "maserati", "url": "http://en.wikipedia.org/wiki/Maserati", "name": "Maserati", "nationality": "Italian"}]}, {"position": "26", "positionText": "26", "points": "0", "wins": "0", "Driver": {"driverId": "kessler", "url": "http://en.wikipedia.org/wiki/Bruce_Kessler", "givenName": "Bruce", "familyName": "Kessler", "dateOfBirth": "1936-03-23", "nationality": "American"}, "Constructors": [{"constructorId": "connaught", "url": "http://en.wikipedia.org/wiki/Connaught_Engineering", "name": "Connaught", "nationality": "British"}]}, {"position": "27", "positionText": "27", "points": "0", "wins": "0", "Driver": {"driverId": "emery", "url": "http://en.wikipedia.org/wiki/Paul_Emery", "givenName": "Paul", "familyName": "Emery", "dateOfBirth": "1916-11-12", "nationality": "British"}, "Constructors": [{"constructorId": "connaught", "url": "http://en.wikipedia.org/wiki/Connaught_Engineering", "name": "Connaught", "nationality": "British"}]}, {"position": "28", "positionText": "28", "points": "0", "wins": "0", "Driver": {"driverId": "filippis", "url": "http://en.wikipedia.org/wiki/Maria_Teresa_de_Filippis", "givenName": "Maria", "familyName": "de Filippis", "dateOfBirth": "1926-11-11", "nationality": "Italian"}, "Constructors": [{"constructorId": "maserati", "url": "http://en.wikipedia.org/wiki/Maserati", "name": "Maserati", "nationality": "Italian"}]}, {"position": "29", "positionText": "29", "points": "0", "wins": "0", "Driver": {"driverId": "testut", "url": "http://en.wikipedia.org/wiki/Andr%C3%A9_Testut", "givenName": "Andr\u00e9", "familyName": "Testut", "dateOfBirth": "1926-04-13", "nationality": "Monegasque"}, "Constructors": [{"constructorId": "maserati", "url": "http://en.wikipedia.org/wiki/Maserati", "name": "Maserati", "nationality": "Italian"}]}, {"position": "30", "positionText": "30", "points": "0", "wins": "0", "Driver": {"driverId": "cabianca", "url": "http://en.wikipedia.org/wiki/Giulio_Cabianca", "givenName": "Giulio", "familyName": "Cabianca", "dateOfBirth": "1923-02-19", "nationality": "Italian"}, "Constructors": [{"constructorId": "osca", "url": "http://en.wikipedia.org/wiki/Officine_Specializate_Costruzione_Automobili", "name": "OSCA", "nationality": "Italian"}]}]}]}}}