{"MRData": {"xmlns": "http://ergast.com/mrd/1.5", "series": "f1", "url": "http://ergast.com/api/f1/1958/1/results.json", "limit": "30", "offset": "0", "total": "10", "RaceTable": {"season": "1958", "round": "1", "Races": [{"season": "1958", "round": "1", "url": "http://en.wikipedia.org/wiki/1958_Argentine_Grand_Prix", "raceName": "Argentine Grand Prix", "Circuit": {"circuitId": "galvez", "url": "http://en.wikipedia.org/wiki/Aut%C3%B3dromo_Oscar_Alfredo_G%C3%A1lvez", "circuitName": "Aut\u00f3dromo Juan y Oscar G\u00e1lvez", "Location": {"lat": "-34.6943", "long": "-58.4593", "locality": "Buenos Aires", "country": "Argentina"}}, "date": "1958-01-19", "Results": [{"number": "14", "position": "1", "positionText": "1", "points": "8", "Driver": {"driverId": "moss", "url": "http://en.wikipedia.org/wiki/Stirling_Moss", "givenName": "Stirling", "familyName": "Moss", "dateOfBirth": "1929-09-17", "nationality": "British"}, "Constructor": {"constructorId": "cooper", "url": "http://en.wikipedia.org/wiki/Cooper_Car_Company", "name": "Cooper", "nationality": "British"}, "grid": "7", "laps": "80", "status": "Finished", "Time": {"millis": "8373700", "time": "2:19:33.7"}}, {"number": "16", "position": "2", "positionText": "2", "points": "6", "Driver": {"driverId": "musso", "url": "http://en.wikipedia.org/wiki/Luigi_Musso", "givenName": "Luigi", "familyName": "Musso", "dateOfBirth": "1924-07-28", "nationality": "Italian"}, "Constructor": {"constructorId": "ferrari", "url": "http://en.wikipedia.org/wiki/Scuderia_Ferrari", "name": "Ferrari", "nationality": "Italian"}, "grid": "5", "laps": "80", "status": "Finished", "Time": {"millis": "8376400", "time": "+2.7"}}, {"number": "20", "position": "3", "positionText": "3", "points": "4", "Driver": {"driverId": "hawthorn", "url": "http://en.wikipedia.org/wiki/Mike_Hawthorn", "givenName": "Mike", "familyName": "Hawthorn", "dateOfBirth": "1929-04-10", "nationality": "British"}, "Constructor": {"constructorId": "ferrari", "url": "http://en.wikipedia.org/wiki/Scuderia_Ferrari", "name": "Ferrari", "nationality": "Italian"}, "grid": "2", "laps": "80", "status": "Finished", "Time": {"millis": "8386300", "time": "+12.6"}}, {"number": "2", "position": "4", "positionText": "4", "points": "4", "Driver": {"driverId": "fangio", "url": "http://en.wikipedia.org/wiki/Juan_Manuel_Fangio", "givenName": "Juan", "familyName": "Fangio", "dateOfBirth": "1911-06-24", "nationality": "Argentine"}, "Constructor": {"constructorId": "maserati", "url": "http://en.wikipedia.org/wiki/Maserati", "name": "Maserati", "nationality": "Italian"}, "grid": "1", "laps": "80", "status": "Finished", "Time": {"millis": "8426700", "time": "+53.0"}}, {"number": "4", "position": "5", "positionText": "5", "points": "2", "Driver": {"driverId": "behra", "url": "http://en.wikipedia.org/wiki/Jean_Behra", "givenName": "Jean", "familyName": "Behra", "dateOfBirth": "1921-02-16", "nationality": "French"}, "Constructor": {"constructorId": "maserati", "url": "http://en.wikipedia.org/wiki/Maserati", "name": "Maserati", "nationality": "Italian"}, "grid": "4", "laps": "78", "status": "+2 Laps"}, {"number": "8", "position": "6", "positionText": "6", "points": "0", "Driver": {"driverId": "schell", "url": "http://en.wikipedia.org/wiki/Harry_Schell", "givenName": "Harry", "familyName": "Schell", "dateOfBirth": "1921-06-29", "nationality": "American"}, "Constructor": {"constructorId": "maserati", "url": "http://en.wikipedia.org/wiki/Maserati", "name": "Maserati", "nationality": "Italian"}, "grid": "8", "laps": "77", "status": "+3 Laps"}, {"number": "6", "position": "7", "positionText": "7", "points": "0", "Driver": {"driverId": "menditeguy", "url": "http://en.wikipedia.org/wiki/Carlos_Menditeguy", "givenName": "Carlos", "familyName": "Menditeguy", "dateOfBirth": "1914-08-10", "nationality": "Argentine"}, "Constructor": {"constructorId": "maserati", "url": "http://en.wikipedia.org/wiki/Maserati", "name": "Maserati", "nationality": "Italian"}, "grid": "6", "laps": "76", "status": "+4 Laps"}, {"number": "10", "position": "8", "positionText": "8", "points": "0", "Driver": {"driverId": "godia", "url": "http://en.wikipedia.org/wiki/Paco_Godia", "givenName": "Paco", "familyName": "Godia", "dateOfBirth": "1921-03-21", "nationality": "Spanish"}, "Constructor": {"constructorId": "maserati", "url": "http://en.wikipedia.org/wiki/Maserati", "name": "Maserati", "nationality": "Italian"}, "grid": "9", "laps": "75", "status": "+5 Laps"}, {"number": "12", "position": "9", "positionText": "9", "points": "0", "Driver": {"driverId": "gould", "url": "http://en.wikipedia.org/wiki/Horace_Gould", "givenName": "Horace", "familyName": "Gould", "dateOfBirth": "1918-09-20", "nationality": "British"}, "Constructor": {"constructorId": "maserati", "url": "http://en.wikipedia.org/wiki/Maserati", "name": "Maserati", "nationality": "Italian"}, "grid": "10", "laps": "71", "status": "+9 Laps"}, {"number": "18", "position": "10", "positionText": "R", "points": "0", "Driver": {"driverId": "collins", "url": "http://en.wikipedia.org/wiki/Peter_Collins_(racing_driver)", "givenName": "Peter", "familyName": "Collins", "dateOfBirth": "1931-11-06", "nationality": "British"}, "Constructor": {"constructorId": "ferrari", "url": "http://en.wikipedia.org/wiki/Scuderia_Ferrari", "name": "Ferrari", "nationality": "Italian"}, "grid": "3", "laps": "0", "status": "Halfshaft"}]}]}}}