{"MRData": {"xmlns": "http://ergast.com/mrd/1.5", "series": "f1", "url": "http://ergast.com/api/f1/1958/2/results.json", "limit": "30", "offset": "0", "total": "31", "RaceTable": {"season": "1958", "round": "2", "Races": [{"season": "1958", "round": "2", "url": "http://en.wikipedia.org/wiki/1958_Monaco_Grand_Prix", "raceName": "Monaco Grand Prix", "Circuit": {"circuitId": "monaco", "url": "http://en.wikipedia.org/wiki/Circuit_de_Monaco", "circuitName": "Circuit de Monaco", "Location": {"lat": "43.7347", "long": "7.42056", "locality": "Monte-Carlo", "country": "Monaco"}}, "date": "1958-05-18", "Results": [{"number": "20", "position": "1", "positionText": "1", "points": "8", "Driver": {"driverId": "trintignant", "url": "http://en.wikipedia.org/wiki/Maurice_Trintignant", "givenName": "Maurice", "familyName": "Trintignant", "dateOfBirth": "1917-10-30", "nationality": "French"}, "Constructor": {"constructorId": "cooper", "url": "http://en.wikipedia.org/wiki/Cooper_Car_Company", "name": "Cooper", "nationality": "British"}, "grid": "5", "laps": "100", "status": "Finished", "Time": {"millis": "10347900", "time": "2:52:27.9"}}, {"number": "34", "position": "2", "positionText": "2", "points": "6", "Driver": {"driverId": "musso", "url": "http://en.wikipedia.org/wiki/Luigi_Musso", "givenName": "Luigi", "familyName": "Musso", "dateOfBirth": "1924-07-28", "nationality": "Italian"}, "Constructor": {"constructorId": "ferrari", "url": "http://en.wikipedia.org/wiki/Scuderia_Ferrari", "name": "Ferrari", "nationality": "Italian"}, "grid": "10", "laps": "100", "status": "Finished", "Time": {"millis": "10368100", "time": "+20.2"}}, {"number": "36", "position": "3", "positionText": "3", "points": "4", "Driver": {"driverId": "collins", "url": "http://en.wikipedia.org/wiki/Peter_Collins_(racing_driver)", "givenName": "Peter", "familyName": "Collins", "dateOfBirth": "1931-11-06", "nationality": "British"}, "Constructor": {"constructorId": "ferrari", "url": "http://en.wikipedia.org/wiki/Scuderia_Ferrari", "name": "Ferrari", "nationality": "Italian"}, "grid": "9", "laps": "100", "status": "Finished", "Time": {"millis": "10386700", "time": "+38.8"}}, {"number": "16", "position": "4", "positionText": "4", "points": "3", "Driver": {"driverId": "jack_brabham", "url": "http://en.wikipedia.org/wiki/Jack_Brabham", "givenName": "Jack", "familyName": "Brabham", "dateOfBirth": "1926-04-02", "nationality": "Australian"}, "Constructor": {"constructorId": "cooper", "url": "http://en.wikipedia.org/wiki/Cooper_Car_Company", "name": "Cooper", "nationality": "British"}, "grid": "3", "laps": "97", "status": "+3 Laps"}, {"number": "8", "position": "5", "positionText": "5", "points": "2", "Driver": {"driverId": "schell", "url": "http://en.wikipedia.org/wiki/Harry_Schell", "givenName": "Harry", "familyName": "Schell", "dateOfBirth": "1921-06-29", "nationality": "American"}, "Constructor": {"constructorId": "brm", "url": "http://en.wikipedia.org/wiki/BRM", "name": "BRM", "nationality": "British"}, "grid": "12", "laps": "91", "status": "+9 Laps"}, {"number": "24", "position": "6", "positionText": "6", "points": "0", "Driver": {"driverId": "allison", "url": "http://en.wikipedia.org/wiki/Cliff_Allison", "givenName": "Cliff", "familyName": "Allison", "dateOfBirth": "1932-02-08", "nationality": "British"}, "Constructor": {"constructorId": "team_lotus", "url": "http://en.wikipedia.org/wiki/Team_Lotus", "name": "Team Lotus", "nationality": "British"}, "grid": "13", "laps": "87", "status": "+13 Laps"}, {"number": "40", "position": "7", "positionText": "R", "points": "0", "Driver": {"driverId": "trips", "url": "http://en.wikipedia.org/wiki/Wolfgang_Graf_Berghe_von_Trips", "givenName": "Wolfgang", "familyName": "von Trips", "dateOfBirth": "1928-05-04", "nationality": "German"}, "Constructor": {"constructorId": "ferrari", "url": "http://en.wikipedia.org/wiki/Scuderia_Ferrari", "name": "Ferrari", "nationality": "Italian"}, "grid": "11", "laps": "91", "status": "Engine"}, {"number": "58", "position": "8", "positionText": "R", "points": "0", "Driver": {"driverId": "bonnier", "url": "http://en.wikipedia.org/wiki/Joakim_Bonnier", "givenName": "Jo", "familyName": "Bonnier", "dateOfBirth": "1930-01-31", "nationality": "Swedish"}, "Constructor": {"constructorId": "maserati", "url": "http://en.wikipedia.org/wiki/Maserati", "name": "Maserati", "nationality": "Italian"}, "grid": "16", "laps": "71", "status": "Accident"}, {"number": "26", "position": "9", "positionText": "R", "points": "0", "Driver": {"driverId": "hill", "url": "http://en.wikipedia.org/wiki/Graham_Hill", "givenName": "Graham", "familyName": "Hill", "dateOfBirth": "1929-02-15", "nationality": "British"}, "Constructor": {"constructorId": "team_lotus", "url": "http://en.wikipedia.org/wiki/Team_Lotus", "name": "Team Lotus", "nationality": "British"}, "grid": "15", "laps": "69", "status": "Halfshaft"}, {"number": "18", "position": "10", "positionText": "R", "points": "0", "Driver": {"driverId": "salvadori", "url": "http://en.wikipedia.org/wiki/Roy_Salvadori", "givenName": "Roy", "familyName": "Salvadori", "dateOfBirth": "1922-05-12", "nationality": "British"}, "Constructor": {"constructorId": "cooper", "url": "http://en.wikipedia.org/wiki/Cooper_Car_Company", "name": "Cooper", "nationality": "British"}, "grid": "4", "laps": "56", "status": "Gearbox"}, {"number": "38", "position": "11", "positionText": "R", "points": "1", "Driver": {"driverId": "hawthorn", "url": "http://en.wikipedia.org/wiki/Mike_Hawthorn", "givenName": "Mike", "familyName": "Hawthorn", "dateOfBirth": "1929-04-10", "nationality": "British"}, "Constructor": {"constructorId": "ferrari", "url": "http://en.wikipedia.org/wiki/Scuderia_Ferrari", "name": "Ferrari", "nationality": "Italian"}, "grid": "6", "laps": "47", "status": "Fuel pump"}, {"number": "28", "position": "12", "positionText": "R", "points": "0", "Driver": {"driverId": "moss", "url": "http://en.wikipedia.org/wiki/Stirling_Moss", "givenName": "Stirling", "familyName": "Moss", "dateOfBirth": "1929-09-17", "nationality": "British"}, "Constructor": {"constructorId": "vanwall", "url": "http://en.wikipedia.org/wiki/Vanwall", "name": "Vanwall", "nationality": "British"}, "grid": "8", "laps": "38", "status": "Engine"}, {"number": "6", "position": "13", "positionText": "R", "points": "0", "Driver": {"driverId": "behra", "url": "http://en.wikipedia.org/wiki/Jean_Behra", "givenName": "Jean", "familyName": "Behra", "dateOfBirth": "1921-02-16", "nationality": "French"}, "Constructor": {"constructorId": "brm", "url": "http://en.wikipedia.org/wiki/BRM", "name": "BRM", "nationality": "British"}, "grid": "2", "laps": "29", "status": "Brakes"}, {"number": "46", "position": "14", "positionText": "R", "points": "0", "Driver": {"driverId": "scarlatti", "url": "http://en.wikipedia.org/wiki/Giorgio_Scarlatti", "givenName": "Giorgio", "familyName": "Scarlatti", "dateOfBirth": "1921-10-02", "nationality": "Italian"}, "Constructor": {"constructorId": "maserati", "url": "http://en.wikipedia.org/wiki/Maserati", "name": "Maserati", "nationality": "Italian"}, "grid": "14", "laps": "28", "status": "Engine"}, {"number": "30", "position": "15", "positionText": "R", "points": "0", "Driver": {"driverId": "brooks", "url": "http://en.wikipedia.org/wiki/Tony_Brooks", "givenName": "Tony", "familyName": "Brooks", "dateOfBirth": "1932-02-25", "nationality": "British"}, "Constructor": {"constructorId": "vanwall", "url": "http://en.wikipedia.org/wiki/Vanwall", "name": "Vanwall", "nationality": "British"}, "grid": "1", "laps": "22", "status": "Engine"}, {"number": "32", "position": "16", "positionText": "R", "points": "0", "Driver": {"driverId": "lewis-evans", "url": "http://en.wikipedia.org/wiki/Stuart_Lewis-Evans", "givenName": "Stuart", "familyName": "Lewis-Evans", "dateOfBirth": "1930-04-20", "nationality": "British"}, "Constructor": {"constructorId": "vanwall", "url": "http://en.wikipedia.org/wiki/Vanwall", "name": "Vanwall", "nationality": "British"}, "grid": "7", "laps": "11", "status": "Overheating"}, {"number": "22", "position": "17", "positionText": "F", "points": "0", "Driver": {"driverId": "flockhart", "url": "http://en.wikipedia.org/wiki/Ron_Flockhart_(auto_racing)", "givenName": "Ron", "familyName": "Flockhart", "dateOfBirth": "1923-06-16", "nationality": "British"}, "Constructor": {"constructorId": "cooper", "url": "http://en.wikipedia.org/wiki/Cooper_Car_Company", "name": "Cooper", "nationality": "British"}, "grid": "0", "laps": "0", "status": "Did not qualify"}, {"number": "50", "position": "18", "positionText": "F", "points": "0", "Driver": {"driverId": "kavanagh", "url": "http://en.wikipedia.org/wiki/Ken_Kavanagh", "givenName": "Ken", "familyName": "Kavanagh", "dateOfBirth": "1923-12-12", "nationality": "Australian"}, "Constructor": {"constructorId": "maserati", "url": "http://en.wikipedia.org/wiki/Maserati", "name": "Maserati", "nationality": "Italian"}, "grid": "0", "laps": "0", "status": "Did not qualify"}, {"number": "48", "position": "19", "positionText": "F", "points": "0", "Driver": {"driverId": "gerini", "url": "http://en.wikipedia.org/wiki/Gerino_Gerini_(racing_driver)", "givenName": "Gerino", "familyName": "Gerini", "dateOfBirth": "1928-08-10", "nationality": "Italian"}, "Constructor": {"constructorId": "maserati", "url": "http://en.wikipedia.org/wiki/Maserati", "name": "Maserati", "nationality": "Italian"}, "grid": "0", "laps": "0", "status": "Did not qualify"}, {"number": "12", "position": "20", "positionText": "F", "points": "0", "Driver": {"driverId": "kessler", "url": "http://en.wikipedia.org/wiki/Bruce_Kessler", "givenName": "Bruce", "familyName": "Kessler", "dateOfBirth": "1936-03-23", "nationality": "American"}, "Constructor": {"constructorId": "connaught", "url": "http://en.wikipedia.org/wiki/Connaught_Engineering", "name": "Connaught", "nationality": "British"}, "grid": "0", "laps": "0", "status": "Did not qualify"}, {"number": "14", "position": "21", "positionText": "F", "points": "0", "Driver": {"driverId": "emery", "url": "http://en.wikipedia.org/wiki/Paul_Emery", "givenName": "Paul", "familyName": "Emery", "dateOfBirth": "1916-11-12", "nationality": "British"}, "Constructor": {"constructorId": "connaught", "url": "http://en.wikipedia.org/wiki/Connaught_Engineering", "name": "Connaught", "nationality": "British"}, "grid": "0", "laps": "0", "status": "Did not qualify"}, {"number": "44", "position": "22", "positionText": "F", "points": "0", "Driver": {"driverId": "filippis", "url": "http://en.wikipedia.org/wiki/Maria_Teresa_de_Filippis", "givenName": "Maria", "familyName": "de Filippis", "dateOfBirth": "1926-11-11", "nationality": "Italian"}, "Constructor": {"constructorId": "maserati", "url": "http://en.wikipedia.org/wiki/Maserati", "name": "Maserati", "nationality": "Italian"}, "grid": "0", "laps": "0", "status": "Did not qualify"}, {"number": "56", "position": "23", "positionText": "F", "points": "0", "Driver": {"driverId": "testut", "url": "http://en.wikipedia.org/wiki/Andr%C3%A9_Testut", "givenName": "Andr\u00e9", "familyName": "Testut", "dateOfBirth": "1926-04-13", "nationality": "Monegasque"}, "Constructor": {"constructorId": "maserati", "url": "http://en.wikipedia.org/wiki/Maserati", "name": "Maserati", "nationality": "Italian"}, "grid": "0", "laps": "0", "status": "Did not qualify"}, {"number": "52", "position": "24", "positionText": "F", "points": "0", "Driver": {"driverId": "cabianca", "url": "http://en.wikipedia.org/wiki/Giulio_Cabianca", "givenName": "Giulio", "familyName": "Cabianca", "dateOfBirth": "1923-02-19", "nationality": "Italian"}, "Constructor": {"constructorId": "osca", "url": "http://en.wikipedia.org/wiki/Officine_Specializate_Costruzione_Automobili", "name": "OSCA", "nationality": "Italian"}, "grid": "0", "laps": "0", "status": "Did not qualify"}, {"number": "54", "position": "25", "positionText": "F", "points": "0", "Driver": {"driverId": "piotti", "url": "http://en.wikipedia.org/wiki/Luigi_Piotti", "givenName": "Luigi", "familyName": "Piotti", "dateOfBirth": "1913-10-27", "nationality": "Italian"}, "Constructor": {"constructorId": "osca", "url": "http://en.wikipedia.org/wiki/Officine_Specializate_Costruzione_Automobili", "name": "OSCA", "nationality": "Italian"}, "grid": "0", "laps": "0", "status": "Did not qualify"}, {"number": "42", "position": "26", "positionText": "F", "points": "0", "Driver": {"driverId": "gould", "url": "http://en.wikipedia.org/wiki/Horace_Gould", "givenName": "Horace", "familyName": "Gould", "dateOfBirth": "1918-09-20", "nationality": "British"}, "Constructor": {"constructorId": "maserati", "url": "http://en.wikipedia.org/wiki/Maserati", "name": "Maserati", "nationality": "Italian"}, "grid": "0", "laps": "0", "status": "Did not qualify"}, {"number": "10", "position": "27", "positionText": "F", "points": "0", "Driver": {"driverId": "flockhart", "url": "http://en.wikipedia.org/wiki/Ron_Flockhart_(auto_racing)", "givenName": "Ron", "familyName": "Flockhart", "dateOfBirth": "1923-06-16", "nationality": "British"}, "Constructor": {"constructorId": "brm", "url": "http://en.wikipedia.org/wiki/BRM", "name": "BRM", "nationality": "British"}, "grid": "0", "laps": "0", "status": "Did not qualify"}, {"number": "12", "position": "28", "positionText": "F", "points": "0", "Driver": {"driverId": "ecclestone", "url": "http://en.wikipedia.org/wiki/Bernie_Ecclestone", "givenName": "Bernie", "familyName": "Ecclestone", "dateOfBirth": "1930-10-28", "nationality": "British"}, "Constructor": {"constructorId": "connaught", "url": "http://en.wikipedia.org/wiki/Connaught_Engineering", "name": "Connaught", "nationality": "British"}, "grid": "0", "laps": "0", "status": "Did not qualify"}, {"number": "50", "position": "29", "positionText": "F", "points": "0", "Driver": {"driverId": "taramazzo", "url": "http://en.wikipedia.org/wiki/Luigi_Taramazzo", "givenName": "Luigi", "familyName": "Taramazzo", "dateOfBirth": "1932-05-05", "nationality": "Italian"}, "Constructor": {"constructorId": "maserati", "url": "http://en.wikipedia.org/wiki/Maserati", "name": "Maserati", "nationality": "Italian"}, "grid": "0", "laps": "0", "status": "Did not qualify"}, {"number": "56", "position": "30", "positionText": "F", "points": "0", "Driver": {"driverId": "chiron", "url": "http://en.wikipedia.org/wiki/Louis_Chiron", "givenName": "Louis", "familyName": "Chiron", "dateOfBirth": "1899-08-03", "nationality": "Monegasque"}, "Constructor": {"constructorId": "maserati", "url": "http://en.wikipedia.org/wiki/Maserati", "name": "Maserati", "nationality": "Italian"}, "grid": "0", "laps": "0", "status": "Did not qualify"}]}]}}}