{"MRData": {"xmlns": "http://ergast.com/mrd/1.5", "series": "f1", "url": "http://ergast.com/api/f1/1958/11/results.json", "limit": "30", "offset": "0", "total": "25", "RaceTable": {"season": "1958", "round": "11", "Races": [{"season": "1958", "round": "11", "url": "http://en.wikipedia.org/wiki/1958_Moroccan_Grand_Prix", "raceName": "Moroccan Grand Prix", "Circuit": {"circuitId": "ain-diab", "url": "http://en.wikipedia.org/wiki/Ain-Diab_Circuit", "circuitName": "Ain Diab", "Location": {"lat": "33.5786", "long": "-7.6875", "locality": "Casablanca", "country": "Morocco"}}, "date": "1958-10-19", "Results": [{"number": "8", "position": "1", "positionText": "1", "points": "9", "Driver": {"driverId": "moss", "url": "http://en.wikipedia.org/wiki/Stirling_Moss", "givenName": "Stirling", "familyName": "Moss", "dateOfBirth": "1929-09-17", "nationality": "British"}, "Constructor": {"constructorId": "vanwall", "url": "http://en.wikipedia.org/wiki/Vanwall", "name": "Vanwall", "nationality": "British"}, "grid": "2", "laps": "53", "status": "Finished", "Time": {"millis": "7755100", "time": "2:09:15.1"}}, {"number": "6", "position": "2", "positionText": "2", "points": "6", "Driver": {"driverId": "hawthorn", "url": "http://en.wikipedia.org/wiki/Mike_Hawthorn", "givenName": "Mike", "familyName": "Hawthorn", "dateOfBirth": "1929-04-10", "nationality": "British"}, "Constructor": {"constructorId": "ferrari", "url": "http://en.wikipedia.org/wiki/Scuderia_Ferrari", "name": "Ferrari", "nationality": "Italian"}, "grid": "1", "laps": "53", "status": "Finished", "Time": {"millis": "7839800", "time": "+1:24.7"}}, {"number": "4", "position": "3", "positionText": "3", "points": "4", "Driver": {"driverId": "phil_hill", "url": "http://en.wikipedia.org/wiki/Phil_Hill", "givenName": "Phil", "familyName": "Hill", "dateOfBirth": "1927-04-20", "nationality": "American"}, "Constructor": {"constructorId": "ferrari", "url": "http://en.wikipedia.org/wiki/Scuderia_Ferrari", "name": "Ferrari", "nationality": "Italian"}, "grid": "5", "laps": "53", "status": "Finished", "Time": {"millis": "7840600", "time": "+1:25.5"}}, {"number": "18", "position": "4", "positionText": "4", "points": "3", "Driver": {"driverId": "bonnier", "url": "http://en.wikipedia.org/wiki/Joakim_Bonnier", "givenName": "Jo", "familyName": "Bonnier", "dateOfBirth": "1930-01-31", "nationality": "Swedish"}, "Constructor": {"constructorId": "brm", "url": "http://en.wikipedia.org/wiki/BRM", "name": "BRM", "nationality": "British"}, "grid": "8", "laps": "53", "status": "Finished", "Time": {"millis": "7861800", "time": "+1:46.7"}}, {"number": "16", "position": "5", "positionText": "5", "points": "2", "Driver": {"driverId": "schell", "url": "http://en.wikipedia.org/wiki/Harry_Schell", "givenName": "Harry", "familyName": "Schell", "dateOfBirth": "1921-06-29", "nationality": "American"}, "Constructor": {"constructorId": "brm", "url": "http://en.wikipedia.org/wiki/BRM", "name": "BRM", "nationality": "British"}, "grid": "10", "laps": "53", "status": "Finished", "Time": {"millis": "7908800", "time": "+2:33.7"}}, {"number": "22", "position": "6", "positionText": "6", "points": "0", "Driver": {"driverId": "gregory", "url": "http://en.wikipedia.org/wiki/Masten_Gregory", "givenName": "Masten", "familyName": "Gregory", "dateOfBirth": "1932-02-29", "nationality": "American"}, "Constructor": {"constructorId": "maserati", "url": "http://en.wikipedia.org/wiki/Maserati", "name": "Maserati", "nationality": "Italian"}, "grid": "13", "laps": "52", "status": "+1 Lap"}, {"number": "28", "position": "7", "positionText": "7", "points": "0", "Driver": {"driverId": "salvadori", "url": "http://en.wikipedia.org/wiki/Roy_Salvadori", "givenName": "Roy", "familyName": "Salvadori", "dateOfBirth": "1922-05-12", "nationality": "British"}, "Constructor": {"constructorId": "cooper", "url": "http://en.wikipedia.org/wiki/Cooper_Car_Company", "name": "Cooper", "nationality": "British"}, "grid": "14", "laps": "51", "status": "+2 Laps"}, {"number": "30", "position": "8", "positionText": "8", "points": "0", "Driver": {"driverId": "fairman", "url": "http://en.wikipedia.org/wiki/Jack_Fairman", "givenName": "Jack", "familyName": "Fairman", "dateOfBirth": "1913-03-15", "nationality": "British"}, "Constructor": {"constructorId": "cooper", "url": "http://en.wikipedia.org/wiki/Cooper_Car_Company", "name": "Cooper", "nationality": "British"}, "grid": "11", "laps": "50", "status": "+3 Laps"}, {"number": "38", "position": "9", "positionText": "9", "points": "0", "Driver": {"driverId": "herrmann", "url": "http://en.wikipedia.org/wiki/Hans_Herrmann", "givenName": "Hans", "familyName": "Herrmann", "dateOfBirth": "1928-02-23", "nationality": "German"}, "Constructor": {"constructorId": "maserati", "url": "http://en.wikipedia.org/wiki/Maserati", "name": "Maserati", "nationality": "Italian"}, "grid": "18", "laps": "50", "status": "+3 Laps"}, {"number": "34", "position": "10", "positionText": "10", "points": "0", "Driver": {"driverId": "allison", "url": "http://en.wikipedia.org/wiki/Cliff_Allison", "givenName": "Cliff", "familyName": "Allison", "dateOfBirth": "1932-02-08", "nationality": "British"}, "Constructor": {"constructorId": "team_lotus", "url": "http://en.wikipedia.org/wiki/Team_Lotus", "name": "Team Lotus", "nationality": "British"}, "grid": "16", "laps": "49", "status": "+4 Laps"}, {"number": "50", "position": "11", "positionText": "11", "points": "0", "Driver": {"driverId": "jack_brabham", "url": "http://en.wikipedia.org/wiki/Jack_Brabham", "givenName": "Jack", "familyName": "Brabham", "dateOfBirth": "1926-04-02", "nationality": "Australian"}, "Constructor": {"constructorId": "cooper", "url": "http://en.wikipedia.org/wiki/Cooper_Car_Company", "name": "Cooper", "nationality": "British"}, "grid": "19", "laps": "49", "status": "+4 Laps"}, {"number": "26", "position": "12", "positionText": "12", "points": "0", "Driver": {"driverId": "gerini", "url": "http://en.wikipedia.org/wiki/Gerino_Gerini_(racing_driver)", "givenName": "Gerino", "familyName": "Gerini", "dateOfBirth": "1928-08-10", "nationality": "Italian"}, "Constructor": {"constructorId": "maserati", "url": "http://en.wikipedia.org/wiki/Maserati", "name": "Maserati", "nationality": "Italian"}, "grid": "17", "laps": "48", "status": "+5 Laps"}, {"number": "52", "position": "13", "positionText": "13", "points": "0", "Driver": {"driverId": "mclaren", "url": "http://en.wikipedia.org/wiki/Bruce_McLaren", "givenName": "Bruce", "familyName": "McLaren", "dateOfBirth": "1937-08-30", "nationality": "New Zealander"}, "Constructor": {"constructorId": "cooper", "url": "http://en.wikipedia.org/wiki/Cooper_Car_Company", "name": "Cooper", "nationality": "British"}, "grid": "21", "laps": "48", "status": "+5 Laps"}, {"number": "58", "position": "14", "positionText": "14", "points": "0", "Driver": {"driverId": "la_caze", "url": "http://en.wikipedia.org/wiki/Robert_La_Caze", "givenName": "Robert", "familyName": "La Caze", "dateOfBirth": "1917-02-26", "nationality": "French"}, "Constructor": {"constructorId": "cooper", "url": "http://en.wikipedia.org/wiki/Cooper_Car_Company", "name": "Cooper", "nationality": "British"}, "grid": "23", "laps": "48", "status": "+5 Laps"}, {"number": "48", "position": "15", "positionText": "15", "points": "0", "Driver": {"driverId": "guelfi", "url": "http://en.wikipedia.org/wiki/Andr%C3%A9_Guelfi", "givenName": "Andr\u00e9", "familyName": "Guelfi", "dateOfBirth": "1919-05-06", "nationality": "French"}, "Constructor": {"constructorId": "cooper", "url": "http://en.wikipedia.org/wiki/Cooper_Car_Company", "name": "Cooper", "nationality": "British"}, "grid": "25", "laps": "48", "status": "+5 Laps"}, {"number": "32", "position": "16", "positionText": "16", "points": "0", "Driver": {"driverId": "hill", "url": "http://en.wikipedia.org/wiki/Graham_Hill", "givenName": "Graham", "familyName": "Hill", "dateOfBirth": "1929-02-15", "nationality": "British"}, "Constructor": {"constructorId": "team_lotus", "url": "http://en.wikipedia.org/wiki/Team_Lotus", "name": "Team Lotus", "nationality": "British"}, "grid": "12", "laps": "45", "status": "+7 Laps"}, {"number": "12", "position": "17", "positionText": "R", "points": "0", "Driver": {"driverId": "lewis-evans", "url": "http://en.wikipedia.org/wiki/Stuart_Lewis-Evans", "givenName": "Stuart", "familyName": "Lewis-Evans", "dateOfBirth": "1930-04-20", "nationality": "British"}, "Constructor": {"constructorId": "vanwall", "url": "http://en.wikipedia.org/wiki/Vanwall", "name": "Vanwall", "nationality": "British"}, "grid": "3", "laps": "41", "status": "Accident"}, {"number": "54", "position": "18", "positionText": "R", "points": "0", "Driver": {"driverId": "picard", "url": "http://en.wikipedia.org/wiki/Fran%C3%A7ois_Picard", "givenName": "Fran\u00e7ois", "familyName": "Picard", "dateOfBirth": "1921-04-26", "nationality": "French"}, "Constructor": {"constructorId": "cooper", "url": "http://en.wikipedia.org/wiki/Cooper_Car_Company", "name": "Cooper", "nationality": "British"}, "grid": "24", "laps": "31", "status": "Accident"}, {"number": "56", "position": "19", "positionText": "R", "points": "0", "Driver": {"driverId": "bridger", "url": "http://en.wikipedia.org/wiki/Tom_Bridger", "givenName": "Tom", "familyName": "Bridger", "dateOfBirth": "1934-06-24", "nationality": "British"}, "Constructor": {"constructorId": "cooper", "url": "http://en.wikipedia.org/wiki/Cooper_Car_Company", "name": "Cooper", "nationality": "British"}, "grid": "22", "laps": "30", "status": "Accident"}, {"number": "10", "position": "20", "positionText": "R", "points": "0", "Driver": {"driverId": "brooks", "url": "http://en.wikipedia.org/wiki/Tony_Brooks", "givenName": "Tony", "familyName": "Brooks", "dateOfBirth": "1932-02-25", "nationality": "British"}, "Constructor": {"constructorId": "vanwall", "url": "http://en.wikipedia.org/wiki/Vanwall", "name": "Vanwall", "nationality": "British"}, "grid": "7", "laps": "29", "status": "Engine"}, {"number": "2", "position": "21", "positionText": "R", "points": "0", "Driver": {"driverId": "gendebien", "url": "http://en.wikipedia.org/wiki/Olivier_Gendebien", "givenName": "Olivier", "familyName": "Gendebien", "dateOfBirth": "1924-01-12", "nationality": "Belgian"}, "Constructor": {"constructorId": "ferrari", "url": "http://en.wikipedia.org/wiki/Scuderia_Ferrari", "name": "Ferrari", "nationality": "Italian"}, "grid": "6", "laps": "29", "status": "Accident"}, {"number": "14", "position": "22", "positionText": "R", "points": "0", "Driver": {"driverId": "behra", "url": "http://en.wikipedia.org/wiki/Jean_Behra", "givenName": "Jean", "familyName": "Behra", "dateOfBirth": "1921-02-16", "nationality": "French"}, "Constructor": {"constructorId": "brm", "url": "http://en.wikipedia.org/wiki/BRM", "name": "BRM", "nationality": "British"}, "grid": "4", "laps": "26", "status": "Engine"}, {"number": "24", "position": "23", "positionText": "R", "points": "0", "Driver": {"driverId": "seidel", "url": "http://en.wikipedia.org/wiki/Wolfgang_Seidel", "givenName": "Wolfgang", "familyName": "Seidel", "dateOfBirth": "1926-07-04", "nationality": "German"}, "Constructor": {"constructorId": "cooper", "url": "http://en.wikipedia.org/wiki/Cooper_Car_Company", "name": "Cooper", "nationality": "British"}, "grid": "20", "laps": "15", "status": "Accident"}, {"number": "20", "position": "24", "positionText": "R", "points": "0", "Driver": {"driverId": "flockhart", "url": "http://en.wikipedia.org/wiki/Ron_Flockhart_(auto_racing)", "givenName": "Ron", "familyName": "Flockhart", "dateOfBirth": "1923-06-16", "nationality": "British"}, "Constructor": {"constructorId": "brm", "url": "http://en.wikipedia.org/wiki/BRM", "name": "BRM", "nationality": "British"}, "grid": "15", "laps": "15", "status": "Engine"}, {"number": "36", "position": "25", "positionText": "R", "points": "0", "Driver": {"driverId": "trintignant", "url": "http://en.wikipedia.org/wiki/Maurice_Trintignant", "givenName": "Maurice", "familyName": "Trintignant", "dateOfBirth": "1917-10-30", "nationality": "French"}, "Constructor": {"constructorId": "cooper", "url": "http://en.wikipedia.org/wiki/Cooper_Car_Company", "name": "Cooper", "nationality": "British"}, "grid": "9", "laps": "9", "status": "Engine"}]}]}}}