{"MRData": {"xmlns": "http://ergast.com/mrd/1.5", "series": "f1", "url": "http://ergast.com/api/f1/1958/10/results.json", "limit": "30", "offset": "0", "total": "22", "RaceTable": {"season": "1958", "round": "10", "Races": [{"season": "1958", "round": "10", "url": "http://en.wikipedia.org/wiki/1958_Italian_Grand_Prix", "raceName": "Italian Grand Prix", "Circuit": {"circuitId": "monza", "url": "http://en.wikipedia.org/wiki/Autodromo_Nazionale_Monza", "circuitName": "Autodromo Nazionale di Monza", "Location": {"lat": "45.6156", "long": "9.28111", "locality": "Monza", "country": "Italy"}}, "date": "1958-09-07", "Results": [{"number": "28", "position": "1", "positionText": "1", "points": "8", "Driver": {"driverId": "brooks", "url": "http://en.wikipedia.org/wiki/Tony_Brooks", "givenName": "Tony", "familyName": "Brooks", "dateOfBirth": "1932-02-25", "nationality": "British"}, "Constructor": {"constructorId": "vanwall", "url": "http://en.wikipedia.org/wiki/Vanwall", "name": "Vanwall", "nationality": "British"}, "grid": "2", "laps": "70", "status": "Finished", "Time": {"millis": "7427800", "time": "2:03:47.8"}}, {"number": "14", "position": "2", "positionText": "2", "points": "6", "Driver": {"driverId": "hawthorn", "url": "http://en.wikipedia.org/wiki/Mike_Hawthorn", "givenName": "Mike", "familyName": "Hawthorn", "dateOfBirth": "1929-04-10", "nationality": "British"}, "Constructor": {"constructorId": "ferrari", "url": "http://en.wikipedia.org/wiki/Scuderia_Ferrari", "name": "Ferrari", "nationality": "Italian"}, "grid": "3", "laps": "70", "status": "Finished", "Time": {"millis": "7452000", "time": "+24.2"}}, {"number": "18", "position": "3", "positionText": "3", "points": "5", "Driver": {"driverId": "phil_hill", "url": "http://en.wikipedia.org/wiki/Phil_Hill", "givenName": "Phil", "familyName": "Hill", "dateOfBirth": "1927-04-20", "nationality": "American"}, "Constructor": {"constructorId": "ferrari", "url": "http://en.wikipedia.org/wiki/Scuderia_Ferrari", "name": "Ferrari", "nationality": "Italian"}, "grid": "7", "laps": "70", "status": "Finished", "Time": {"millis": "7456100", "time": "+28.3"}}, {"number": "32", "position": "4", "positionText": "4", "points": "0", "Driver": {"driverId": "gregory", "url": "http://en.wikipedia.org/wiki/Masten_Gregory", "givenName": "Masten", "familyName": "Gregory", "dateOfBirth": "1932-02-29", "nationality": "American"}, "Constructor": {"constructorId": "maserati", "url": "http://en.wikipedia.org/wiki/Maserati", "name": "Maserati", "nationality": "Italian"}, "grid": "11", "laps": "69", "status": "+1 Lap"}, {"number": "32", "position": "4", "positionText": "4", "points": "0", "Driver": {"driverId": "shelby", "url": "http://en.wikipedia.org/wiki/Carroll_Shelby", "givenName": "Carroll", "familyName": "Shelby", "dateOfBirth": "1923-01-11", "nationality": "American"}, "Constructor": {"constructorId": "maserati", "url": "http://en.wikipedia.org/wiki/Maserati", "name": "Maserati", "nationality": "Italian"}, "grid": "11", "laps": "69", "status": "+1 Lap"}, {"number": "6", "position": "5", "positionText": "5", "points": "2", "Driver": {"driverId": "salvadori", "url": "http://en.wikipedia.org/wiki/Roy_Salvadori", "givenName": "Roy", "familyName": "Salvadori", "dateOfBirth": "1922-05-12", "nationality": "British"}, "Constructor": {"constructorId": "cooper", "url": "http://en.wikipedia.org/wiki/Cooper_Car_Company", "name": "Cooper", "nationality": "British"}, "grid": "14", "laps": "62", "status": "+8 Laps"}, {"number": "38", "position": "6", "positionText": "6", "points": "0", "Driver": {"driverId": "hill", "url": "http://en.wikipedia.org/wiki/Graham_Hill", "givenName": "Graham", "familyName": "Hill", "dateOfBirth": "1929-02-15", "nationality": "British"}, "Constructor": {"constructorId": "team_lotus", "url": "http://en.wikipedia.org/wiki/Team_Lotus", "name": "Team Lotus", "nationality": "British"}, "grid": "12", "laps": "62", "status": "+8 Laps"}, {"number": "36", "position": "7", "positionText": "7", "points": "0", "Driver": {"driverId": "allison", "url": "http://en.wikipedia.org/wiki/Cliff_Allison", "givenName": "Cliff", "familyName": "Allison", "dateOfBirth": "1932-02-08", "nationality": "British"}, "Constructor": {"constructorId": "team_lotus", "url": "http://en.wikipedia.org/wiki/Team_Lotus", "name": "Team Lotus", "nationality": "British"}, "grid": "16", "laps": "61", "status": "+9 Laps"}, {"number": "42", "position": "8", "positionText": "R", "points": "0", "Driver": {"driverId": "filippis", "url": "http://en.wikipedia.org/wiki/Maria_Teresa_de_Filippis", "givenName": "Maria", "familyName": "de Filippis", "dateOfBirth": "1926-11-11", "nationality": "Italian"}, "Constructor": {"constructorId": "maserati", "url": "http://en.wikipedia.org/wiki/Maserati", "name": "Maserati", "nationality": "Italian"}, "grid": "21", "laps": "57", "status": "Engine"}, {"number": "22", "position": "9", "positionText": "R", "points": "0", "Driver": {"driverId": "cabianca", "url": "http://en.wikipedia.org/wiki/Giulio_Cabianca", "givenName": "Giulio", "familyName": "Cabianca", "dateOfBirth": "1923-02-19", "nationality": "Italian"}, "Constructor": {"constructorId": "maserati", "url": "http://en.wikipedia.org/wiki/Maserati", "name": "Maserati", "nationality": "Italian"}, "grid": "20", "laps": "51", "status": "Engine"}, {"number": "8", "position": "10", "positionText": "R", "points": "0", "Driver": {"driverId": "behra", "url": "http://en.wikipedia.org/wiki/Jean_Behra", "givenName": "Jean", "familyName": "Behra", "dateOfBirth": "1921-02-16", "nationality": "French"}, "Constructor": {"constructorId": "brm", "url": "http://en.wikipedia.org/wiki/BRM", "name": "BRM", "nationality": "British"}, "grid": "8", "laps": "42", "status": "Clutch"}, {"number": "24", "position": "11", "positionText": "R", "points": "0", "Driver": {"driverId": "herrmann", "url": "http://en.wikipedia.org/wiki/Hans_Herrmann", "givenName": "Hans", "familyName": "Herrmann", "dateOfBirth": "1928-02-23", "nationality": "German"}, "Constructor": {"constructorId": "maserati", "url": "http://en.wikipedia.org/wiki/Maserati", "name": "Maserati", "nationality": "Italian"}, "grid": "18", "laps": "32", "status": "Engine"}, {"number": "30", "position": "12", "positionText": "R", "points": "0", "Driver": {"driverId": "lewis-evans", "url": "http://en.wikipedia.org/wiki/Stuart_Lewis-Evans", "givenName": "Stuart", "familyName": "Lewis-Evans", "dateOfBirth": "1930-04-20", "nationality": "British"}, "Constructor": {"constructorId": "vanwall", "url": "http://en.wikipedia.org/wiki/Vanwall", "name": "Vanwall", "nationality": "British"}, "grid": "4", "laps": "30", "status": "Overheating"}, {"number": "2", "position": "13", "positionText": "R", "points": "0", "Driver": {"driverId": "trintignant", "url": "http://en.wikipedia.org/wiki/Maurice_Trintignant", "givenName": "Maurice", "familyName": "Trintignant", "dateOfBirth": "1917-10-30", "nationality": "French"}, "Constructor": {"constructorId": "cooper", "url": "http://en.wikipedia.org/wiki/Cooper_Car_Company", "name": "Cooper", "nationality": "British"}, "grid": "13", "laps": "24", "status": "Gearbox"}, {"number": "26", "position": "14", "positionText": "R", "points": "0", "Driver": {"driverId": "moss", "url": "http://en.wikipedia.org/wiki/Stirling_Moss", "givenName": "Stirling", "familyName": "Moss", "dateOfBirth": "1929-09-17", "nationality": "British"}, "Constructor": {"constructorId": "vanwall", "url": "http://en.wikipedia.org/wiki/Vanwall", "name": "Vanwall", "nationality": "British"}, "grid": "1", "laps": "17", "status": "Gearbox"}, {"number": "12", "position": "15", "positionText": "R", "points": "0", "Driver": {"driverId": "bonnier", "url": "http://en.wikipedia.org/wiki/Joakim_Bonnier", "givenName": "Jo", "familyName": "Bonnier", "dateOfBirth": "1930-01-31", "nationality": "Swedish"}, "Constructor": {"constructorId": "brm", "url": "http://en.wikipedia.org/wiki/BRM", "name": "BRM", "nationality": "British"}, "grid": "10", "laps": "14", "status": "Transmission"}, {"number": "20", "position": "16", "positionText": "R", "points": "0", "Driver": {"driverId": "gendebien", "url": "http://en.wikipedia.org/wiki/Olivier_Gendebien", "givenName": "Olivier", "familyName": "Gendebien", "dateOfBirth": "1924-01-12", "nationality": "Belgian"}, "Constructor": {"constructorId": "ferrari", "url": "http://en.wikipedia.org/wiki/Scuderia_Ferrari", "name": "Ferrari", "nationality": "Italian"}, "grid": "5", "laps": "4", "status": "Suspension"}, {"number": "40", "position": "17", "positionText": "R", "points": "0", "Driver": {"driverId": "gerini", "url": "http://en.wikipedia.org/wiki/Gerino_Gerini_(racing_driver)", "givenName": "Gerino", "familyName": "Gerini", "dateOfBirth": "1928-08-10", "nationality": "Italian"}, "Constructor": {"constructorId": "maserati", "url": "http://en.wikipedia.org/wiki/Maserati", "name": "Maserati", "nationality": "Italian"}, "grid": "19", "laps": "2", "status": "Accident"}, {"number": "34", "position": "18", "positionText": "R", "points": "0", "Driver": {"driverId": "shelby", "url": "http://en.wikipedia.org/wiki/Carroll_Shelby", "givenName": "Carroll", "familyName": "Shelby", "dateOfBirth": "1923-01-11", "nationality": "American"}, "Constructor": {"constructorId": "maserati", "url": "http://en.wikipedia.org/wiki/Maserati", "name": "Maserati", "nationality": "Italian"}, "grid": "17", "laps": "1", "status": "Handling"}, {"number": "16", "position": "19", "positionText": "R", "points": "0", "Driver": {"driverId": "trips", "url": "http://en.wikipedia.org/wiki/Wolfgang_Graf_Berghe_von_Trips", "givenName": "Wolfgang", "familyName": "von Trips", "dateOfBirth": "1928-05-04", "nationality": "German"}, "Constructor": {"constructorId": "ferrari", "url": "http://en.wikipedia.org/wiki/Scuderia_Ferrari", "name": "Ferrari", "nationality": "Italian"}, "grid": "6", "laps": "0", "status": "Accident"}, {"number": "10", "position": "20", "positionText": "R", "points": "0", "Driver": {"driverId": "schell", "url": "http://en.wikipedia.org/wiki/Harry_Schell", "givenName": "Harry", "familyName": "Schell", "dateOfBirth": "1921-06-29", "nationality": "American"}, "Constructor": {"constructorId": "brm", "url": "http://en.wikipedia.org/wiki/BRM", "name": "BRM", "nationality": "British"}, "grid": "9", "laps": "0", "status": "Accident"}, {"number": "4", "position": "21", "positionText": "R", "points": "0", "Driver": {"driverId": "jack_brabham", "url": "http://en.wikipedia.org/wiki/Jack_Brabham", "givenName": "Jack", "familyName": "Brabham", "dateOfBirth": "1926-04-02", "nationality": "Australian"}, "Constructor": {"constructorId": "cooper", "url": "http://en.wikipedia.org/wiki/Cooper_Car_Company", "name": "Cooper", "nationality": "British"}, "grid": "15", "laps": "0", "status": "Suspension"}]}]}}}