{"MRData": {"xmlns": "http://ergast.com/mrd/1.5", "series": "f1", "url": "http://ergast.com/api/f1/1958/8/results.json", "limit": "30", "offset": "0", "total": "26", "RaceTable": {"season": "1958", "round": "8", "Races": [{"season": "1958", "round": "8", "url": "http://en.wikipedia.org/wiki/1958_German_Grand_Prix", "raceName": "German Grand Prix", "Circuit": {"circuitId": "nurburgring", "url": "http://en.wikipedia.org/wiki/N%C3%BCrburgring", "circuitName": "N\u00fcrburgring", "Location": {"lat": "50.3356", "long": "6.9475", "locality": "N\u00fcrburg", "country": "Germany"}}, "date": "1958-08-03", "Results": [{"number": "8", "position": "1", "positionText": "1", "points": "8", "Driver": {"driverId": "brooks", "url": "http://en.wikipedia.org/wiki/Tony_Brooks", "givenName": "Tony", "familyName": "Brooks", "dateOfBirth": "1932-02-25", "nationality": "British"}, "Constructor": {"constructorId": "vanwall", "url": "http://en.wikipedia.org/wiki/Vanwall", "name": "Vanwall", "nationality": "British"}, "grid": "2", "laps": "15", "status": "Finished", "Time": {"millis": "8475000", "time": "2:21:15.0"}}, {"number": "10", "position": "2", "positionText": "2", "points": "6", "Driver": {"driverId": "salvadori", "url": "http://en.wikipedia.org/wiki/Roy_Salvadori", "givenName": "Roy", "familyName": "Salvadori", "dateOfBirth": "1922-05-12", "nationality": "British"}, "Constructor": {"constructorId": "cooper", "url": "http://en.wikipedia.org/wiki/Cooper_Car_Company", "name": "Cooper", "nationality": "British"}, "grid": "6", "laps": "15", "status": "Finished", "Time": {"millis": "8684700", "time": "+3:29.7"}}, {"number": "11", "position": "3", "positionText": "3", "points": "4", "Driver": {"driverId": "trintignant", "url": "http://en.wikipedia.org/wiki/Maurice_Trintignant", "givenName": "Maurice", "familyName": "Trintignant", "dateOfBirth": "1917-10-30", "nationality": "French"}, "Constructor": {"constructorId": "cooper", "url": "http://en.wikipedia.org/wiki/Cooper_Car_Company", "name": "Cooper", "nationality": "British"}, "grid": "7", "laps": "15", "status": "Finished", "Time": {"millis": "8786200", "time": "+5:11.2"}}, {"number": "4", "position": "4", "positionText": "4", "points": "3", "Driver": {"driverId": "trips", "url": "http://en.wikipedia.org/wiki/Wolfgang_Graf_Berghe_von_Trips", "givenName": "Wolfgang", "familyName": "von Trips", "dateOfBirth": "1928-05-04", "nationality": "German"}, "Constructor": {"constructorId": "ferrari", "url": "http://en.wikipedia.org/wiki/Scuderia_Ferrari", "name": "Ferrari", "nationality": "Italian"}, "grid": "5", "laps": "15", "status": "Finished", "Time": {"millis": "8851300", "time": "+6:16.3"}}, {"number": "20", "position": "5", "positionText": "5", "points": "0", "Driver": {"driverId": "mclaren", "url": "http://en.wikipedia.org/wiki/Bruce_McLaren", "givenName": "Bruce", "familyName": "McLaren", "dateOfBirth": "1937-08-30", "nationality": "New Zealander"}, "Constructor": {"constructorId": "cooper", "url": "http://en.wikipedia.org/wiki/Cooper_Car_Company", "name": "Cooper", "nationality": "British"}, "grid": "12", "laps": "15", "status": "Finished", "Time": {"millis": "8861300", "time": "+6:26.3"}}, {"number": "21", "position": "6", "positionText": "6", "points": "0", "Driver": {"driverId": "barth", "url": "http://en.wikipedia.org/wiki/Edgar_Barth", "givenName": "Edgar", "familyName": "Barth", "dateOfBirth": "1917-01-26", "nationality": "German"}, "Constructor": {"constructorId": "porsche", "url": "http://en.wikipedia.org/wiki/Porsche_in_Formula_One", "name": "Porsche", "nationality": "German"}, "grid": "13", "laps": "15", "status": "Finished", "Time": {"millis": "8867400", "time": "+6:32.4"}}, {"number": "26", "position": "7", "positionText": "7", "points": "0", "Driver": {"driverId": "burgess", "url": "http://en.wikipedia.org/wiki/Ian_Burgess", "givenName": "Ian", "familyName": "Burgess", "dateOfBirth": "1930-07-06", "nationality": "British"}, "Constructor": {"constructorId": "cooper", "url": "http://en.wikipedia.org/wiki/Cooper_Car_Company", "name": "Cooper", "nationality": "British"}, "grid": "11", "laps": "15", "status": "Finished", "Time": {"millis": "8894300", "time": "+6:59.3"}}, {"number": "30", "position": "8", "positionText": "8", "points": "0", "Driver": {"driverId": "marsh", "url": "http://en.wikipedia.org/wiki/Tony_Marsh_(racing_driver)", "givenName": "Tony", "familyName": "Marsh", "dateOfBirth": "1931-07-20", "nationality": "British"}, "Constructor": {"constructorId": "cooper", "url": "http://en.wikipedia.org/wiki/Cooper_Car_Company", "name": "Cooper", "nationality": "British"}, "grid": "14", "laps": "15", "status": "Finished", "Time": {"millis": "8904900", "time": "+7:09.9"}}, {"number": "23", "position": "9", "positionText": "9", "points": "0", "Driver": {"driverId": "phil_hill", "url": "http://en.wikipedia.org/wiki/Phil_Hill", "givenName": "Phil", "familyName": "Hill", "dateOfBirth": "1927-04-20", "nationality": "American"}, "Constructor": {"constructorId": "ferrari", "url": "http://en.wikipedia.org/wiki/Scuderia_Ferrari", "name": "Ferrari", "nationality": "Italian"}, "grid": "10", "laps": "15", "status": "Finished", "Time": {"millis": "8940500", "time": "+7:45.5"}}, {"number": "12", "position": "10", "positionText": "10", "points": "0", "Driver": {"driverId": "allison", "url": "http://en.wikipedia.org/wiki/Cliff_Allison", "givenName": "Cliff", "familyName": "Allison", "dateOfBirth": "1932-02-08", "nationality": "British"}, "Constructor": {"constructorId": "team_lotus", "url": "http://en.wikipedia.org/wiki/Team_Lotus", "name": "Team Lotus", "nationality": "British"}, "grid": "24", "laps": "13", "status": "+2 Laps"}, {"number": "28", "position": "11", "positionText": "11", "points": "0", "Driver": {"driverId": "bueb", "url": "http://en.wikipedia.org/wiki/Ivor_Bueb", "givenName": "Ivor", "familyName": "Bueb", "dateOfBirth": "1923-06-06", "nationality": "British"}, "Constructor": {"constructorId": "team_lotus", "url": "http://en.wikipedia.org/wiki/Team_Lotus", "name": "Team Lotus", "nationality": "British"}, "grid": "16", "laps": "13", "status": "+2 Laps"}, {"number": "3", "position": "12", "positionText": "R", "points": "0", "Driver": {"driverId": "hawthorn", "url": "http://en.wikipedia.org/wiki/Mike_Hawthorn", "givenName": "Mike", "familyName": "Hawthorn", "dateOfBirth": "1929-04-10", "nationality": "British"}, "Constructor": {"constructorId": "ferrari", "url": "http://en.wikipedia.org/wiki/Scuderia_Ferrari", "name": "Ferrari", "nationality": "Italian"}, "grid": "1", "laps": "11", "status": "Clutch"}, {"number": "2", "position": "13", "positionText": "R", "points": "0", "Driver": {"driverId": "collins", "url": "http://en.wikipedia.org/wiki/Peter_Collins_(racing_driver)", "givenName": "Peter", "familyName": "Collins", "dateOfBirth": "1931-11-06", "nationality": "British"}, "Constructor": {"constructorId": "ferrari", "url": "http://en.wikipedia.org/wiki/Scuderia_Ferrari", "name": "Ferrari", "nationality": "Italian"}, "grid": "4", "laps": "10", "status": "Accident"}, {"number": "22", "position": "14", "positionText": "R", "points": "0", "Driver": {"driverId": "seidel", "url": "http://en.wikipedia.org/wiki/Wolfgang_Seidel", "givenName": "Wolfgang", "familyName": "Seidel", "dateOfBirth": "1926-07-04", "nationality": "German"}, "Constructor": {"constructorId": "cooper", "url": "http://en.wikipedia.org/wiki/Cooper_Car_Company", "name": "Cooper", "nationality": "British"}, "grid": "17", "laps": "9", "status": "Suspension"}, {"number": "6", "position": "15", "positionText": "R", "points": "0", "Driver": {"driverId": "schell", "url": "http://en.wikipedia.org/wiki/Harry_Schell", "givenName": "Harry", "familyName": "Schell", "dateOfBirth": "1921-06-29", "nationality": "American"}, "Constructor": {"constructorId": "brm", "url": "http://en.wikipedia.org/wiki/BRM", "name": "BRM", "nationality": "British"}, "grid": "8", "laps": "9", "status": "Brakes"}, {"number": "27", "position": "16", "positionText": "R", "points": "0", "Driver": {"driverId": "goethals", "url": "http://en.wikipedia.org/wiki/Christian_Goethals", "givenName": "Christian", "familyName": "Goethals", "dateOfBirth": "1928-08-04", "nationality": "Belgian"}, "Constructor": {"constructorId": "cooper", "url": "http://en.wikipedia.org/wiki/Cooper_Car_Company", "name": "Cooper", "nationality": "British"}, "grid": "23", "laps": "4", "status": "Fuel pump"}, {"number": "25", "position": "17", "positionText": "R", "points": "0", "Driver": {"driverId": "hill", "url": "http://en.wikipedia.org/wiki/Graham_Hill", "givenName": "Graham", "familyName": "Hill", "dateOfBirth": "1929-02-15", "nationality": "British"}, "Constructor": {"constructorId": "team_lotus", "url": "http://en.wikipedia.org/wiki/Team_Lotus", "name": "Team Lotus", "nationality": "British"}, "grid": "22", "laps": "4", "status": "Oil pipe"}, {"number": "5", "position": "18", "positionText": "R", "points": "0", "Driver": {"driverId": "behra", "url": "http://en.wikipedia.org/wiki/Jean_Behra", "givenName": "Jean", "familyName": "Behra", "dateOfBirth": "1921-02-16", "nationality": "French"}, "Constructor": {"constructorId": "brm", "url": "http://en.wikipedia.org/wiki/BRM", "name": "BRM", "nationality": "British"}, "grid": "9", "laps": "4", "status": "Suspension"}, {"number": "18", "position": "19", "positionText": "R", "points": "0", "Driver": {"driverId": "beaufort", "url": "http://en.wikipedia.org/wiki/Carel_Godin_de_Beaufort", "givenName": "Carel Godin", "familyName": "de Beaufort", "dateOfBirth": "1934-04-10", "nationality": "Dutch"}, "Constructor": {"constructorId": "porsche", "url": "http://en.wikipedia.org/wiki/Porsche_in_Formula_One", "name": "Porsche", "nationality": "German"}, "grid": "15", "laps": "3", "status": "Engine"}, {"number": "17", "position": "20", "positionText": "R", "points": "0", "Driver": {"driverId": "herrmann", "url": "http://en.wikipedia.org/wiki/Hans_Herrmann", "givenName": "Hans", "familyName": "Herrmann", "dateOfBirth": "1928-02-23", "nationality": "German"}, "Constructor": {"constructorId": "maserati", "url": "http://en.wikipedia.org/wiki/Maserati", "name": "Maserati", "nationality": "Italian"}, "grid": "20", "laps": "3", "status": "Engine"}, {"number": "7", "position": "21", "positionText": "R", "points": "1", "Driver": {"driverId": "moss", "url": "http://en.wikipedia.org/wiki/Stirling_Moss", "givenName": "Stirling", "familyName": "Moss", "dateOfBirth": "1929-09-17", "nationality": "British"}, "Constructor": {"constructorId": "vanwall", "url": "http://en.wikipedia.org/wiki/Vanwall", "name": "Vanwall", "nationality": "British"}, "grid": "3", "laps": "3", "status": "Magneto"}, {"number": "19", "position": "22", "positionText": "R", "points": "0", "Driver": {"driverId": "gibson", "url": "http://en.wikipedia.org/wiki/Dick_Gibson", "givenName": "Dick", "familyName": "Gibson", "dateOfBirth": "1918-04-16", "nationality": "British"}, "Constructor": {"constructorId": "cooper", "url": "http://en.wikipedia.org/wiki/Cooper_Car_Company", "name": "Cooper", "nationality": "British"}, "grid": "18", "laps": "2", "status": "Engine"}, {"number": "29", "position": "23", "positionText": "R", "points": "0", "Driver": {"driverId": "naylor", "url": "http://en.wikipedia.org/wiki/Brian_Naylor", "givenName": "Brian", "familyName": "Naylor", "dateOfBirth": "1923-03-24", "nationality": "British"}, "Constructor": {"constructorId": "cooper", "url": "http://en.wikipedia.org/wiki/Cooper_Car_Company", "name": "Cooper", "nationality": "British"}, "grid": "25", "laps": "1", "status": "Fuel pump"}, {"number": "24", "position": "24", "positionText": "R", "points": "0", "Driver": {"driverId": "jack_brabham", "url": "http://en.wikipedia.org/wiki/Jack_Brabham", "givenName": "Jack", "familyName": "Brabham", "dateOfBirth": "1926-04-02", "nationality": "Australian"}, "Constructor": {"constructorId": "cooper", "url": "http://en.wikipedia.org/wiki/Cooper_Car_Company", "name": "Cooper", "nationality": "British"}, "grid": "19", "laps": "1", "status": "Collision"}, {"number": "16", "position": "25", "positionText": "R", "points": "0", "Driver": {"driverId": "bonnier", "url": "http://en.wikipedia.org/wiki/Joakim_Bonnier", "givenName": "Jo", "familyName": "Bonnier", "dateOfBirth": "1930-01-31", "nationality": "Swedish"}, "Constructor": {"constructorId": "maserati", "url": "http://en.wikipedia.org/wiki/Maserati", "name": "Maserati", "nationality": "Italian"}, "grid": "21", "laps": "1", "status": "Accident"}, {"number": "14", "position": "26", "positionText": "W", "points": "0", "Driver": {"driverId": "ruttman", "url": "http://en.wikipedia.org/wiki/Troy_Ruttman", "givenName": "Troy", "familyName": "Ruttman", "dateOfBirth": "1930-03-11", "nationality": "American"}, "Constructor": {"constructorId": "maserati", "url": "http://en.wikipedia.org/wiki/Maserati", "name": "Maserati", "nationality": "Italian"}, "grid": "0", "laps": "0", "status": "Engine"}]}]}}}