{"MRData": {"xmlns": "http://ergast.com/mrd/1.5", "series": "f1", "url": "http://ergast.com/api/f1/1958/3/results.json", "limit": "30", "offset": "0", "total": "18", "RaceTable": {"season": "1958", "round": "3", "Races": [{"season": "1958", "round": "3", "url": "http://en.wikipedia.org/wiki/1958_Dutch_Grand_Prix", "raceName": "Dutch Grand Prix", "Circuit": {"circuitId": "zandvoort", "url": "http://en.wikipedia.org/wiki/Circuit_Zandvoort", "circuitName": "Circuit Park Zandvoort", "Location": {"lat": "52.3888", "long": "4.54092", "locality": "Zandvoort", "country": "Netherlands"}}, "date": "1958-05-26", "Results": [{"number": "1", "position": "1", "positionText": "1", "points": "9", "Driver": {"driverId": "moss", "url": "http://en.wikipedia.org/wiki/Stirling_Moss", "givenName": "Stirling", "familyName": "Moss", "dateOfBirth": "1929-09-17", "nationality": "British"}, "Constructor": {"constructorId": "vanwall", "url": "http://en.wikipedia.org/wiki/Vanwall", "name": "Vanwall", "nationality": "British"}, "grid": "2", "laps": "75", "status": "Finished", "Time": {"millis": "7489200", "time": "2:04:49.2"}}, {"number": "15", "position": "2", "positionText": "2", "points": "6", "Driver": {"driverId": "schell", "url": "http://en.wikipedia.org/wiki/Harry_Schell", "givenName": "Harry", "familyName": "Schell", "dateOfBirth": "1921-06-29", "nationality": "American"}, "Constructor": {"constructorId": "brm", "url": "http://en.wikipedia.org/wiki/BRM", "name": "BRM", "nationality": "British"}, "grid": "7", "laps": "75", "status": "Finished", "Time": {"millis": "7537100", "time": "+47.9"}}, {"number": "14", "position": "3", "positionText": "3", "points": "4", "Driver": {"driverId": "behra", "url": "http://en.wikipedia.org/wiki/Jean_Behra", "givenName": "Jean", "familyName": "Behra", "dateOfBirth": "1921-02-16", "nationality": "French"}, "Constructor": {"constructorId": "brm", "url": "http://en.wikipedia.org/wiki/BRM", "name": "BRM", "nationality": "British"}, "grid": "4", "laps": "75", "status": "Finished", "Time": {"millis": "7591500", "time": "+1:42.3"}}, {"number": "7", "position": "4", "positionText": "4", "points": "3", "Driver": {"driverId": "salvadori", "url": "http://en.wikipedia.org/wiki/Roy_Salvadori", "givenName": "Roy", "familyName": "Salvadori", "dateOfBirth": "1922-05-12", "nationality": "British"}, "Constructor": {"constructorId": "cooper", "url": "http://en.wikipedia.org/wiki/Cooper_Car_Company", "name": "Cooper", "nationality": "British"}, "grid": "9", "laps": "74", "status": "+1 Lap"}, {"number": "5", "position": "5", "positionText": "5", "points": "2", "Driver": {"driverId": "hawthorn", "url": "http://en.wikipedia.org/wiki/Mike_Hawthorn", "givenName": "Mike", "familyName": "Hawthorn", "dateOfBirth": "1929-04-10", "nationality": "British"}, "Constructor": {"constructorId": "ferrari", "url": "http://en.wikipedia.org/wiki/Scuderia_Ferrari", "name": "Ferrari", "nationality": "Italian"}, "grid": "6", "laps": "74", "status": "+1 Lap"}, {"number": "17", "position": "6", "positionText": "6", "points": "0", "Driver": {"driverId": "allison", "url": "http://en.wikipedia.org/wiki/Cliff_Allison", "givenName": "Cliff", "familyName": "Allison", "dateOfBirth": "1932-02-08", "nationality": "British"}, "Constructor": {"constructorId": "team_lotus", "url": "http://en.wikipedia.org/wiki/Team_Lotus", "name": "Team Lotus", "nationality": "British"}, "grid": "11", "laps": "73", "status": "+2 Laps"}, {"number": "6", "position": "7", "positionText": "7", "points": "0", "Driver": {"driverId": "musso", "url": "http://en.wikipedia.org/wiki/Luigi_Musso", "givenName": "Luigi", "familyName": "Musso", "dateOfBirth": "1924-07-28", "nationality": "Italian"}, "Constructor": {"constructorId": "ferrari", "url": "http://en.wikipedia.org/wiki/Scuderia_Ferrari", "name": "Ferrari", "nationality": "Italian"}, "grid": "12", "laps": "73", "status": "+2 Laps"}, {"number": "8", "position": "8", "positionText": "8", "points": "0", "Driver": {"driverId": "jack_brabham", "url": "http://en.wikipedia.org/wiki/Jack_Brabham", "givenName": "Jack", "familyName": "Brabham", "dateOfBirth": "1926-04-02", "nationality": "Australian"}, "Constructor": {"constructorId": "cooper", "url": "http://en.wikipedia.org/wiki/Cooper_Car_Company", "name": "Cooper", "nationality": "British"}, "grid": "5", "laps": "73", "status": "+2 Laps"}, {"number": "9", "position": "9", "positionText": "9", "points": "0", "Driver": {"driverId": "trintignant", "url": "http://en.wikipedia.org/wiki/Maurice_Trintignant", "givenName": "Maurice", "familyName": "Trintignant", "dateOfBirth": "1917-10-30", "nationality": "French"}, "Constructor": {"constructorId": "cooper", "url": "http://en.wikipedia.org/wiki/Cooper_Car_Company", "name": "Cooper", "nationality": "British"}, "grid": "8", "laps": "72", "status": "+3 Laps"}, {"number": "11", "position": "10", "positionText": "10", "points": "0", "Driver": {"driverId": "bonnier", "url": "http://en.wikipedia.org/wiki/Joakim_Bonnier", "givenName": "Jo", "familyName": "Bonnier", "dateOfBirth": "1930-01-31", "nationality": "Swedish"}, "Constructor": {"constructorId": "maserati", "url": "http://en.wikipedia.org/wiki/Maserati", "name": "Maserati", "nationality": "Italian"}, "grid": "15", "laps": "71", "status": "+4 Laps"}, {"number": "18", "position": "11", "positionText": "11", "points": "0", "Driver": {"driverId": "beaufort", "url": "http://en.wikipedia.org/wiki/Carel_Godin_de_Beaufort", "givenName": "Carel Godin", "familyName": "de Beaufort", "dateOfBirth": "1934-04-10", "nationality": "Dutch"}, "Constructor": {"constructorId": "porsche", "url": "http://en.wikipedia.org/wiki/Porsche_in_Formula_One", "name": "Porsche", "nationality": "German"}, "grid": "17", "laps": "69", "status": "+6 Laps"}, {"number": "10", "position": "12", "positionText": "R", "points": "0", "Driver": {"driverId": "scarlatti", "url": "http://en.wikipedia.org/wiki/Giorgio_Scarlatti", "givenName": "Giorgio", "familyName": "Scarlatti", "dateOfBirth": "1921-10-02", "nationality": "Italian"}, "Constructor": {"constructorId": "maserati", "url": "http://en.wikipedia.org/wiki/Maserati", "name": "Maserati", "nationality": "Italian"}, "grid": "16", "laps": "52", "status": "Halfshaft"}, {"number": "3", "position": "13", "positionText": "R", "points": "0", "Driver": {"driverId": "lewis-evans", "url": "http://en.wikipedia.org/wiki/Stuart_Lewis-Evans", "givenName": "Stuart", "familyName": "Lewis-Evans", "dateOfBirth": "1930-04-20", "nationality": "British"}, "Constructor": {"constructorId": "vanwall", "url": "http://en.wikipedia.org/wiki/Vanwall", "name": "Vanwall", "nationality": "British"}, "grid": "1", "laps": "46", "status": "Engine"}, {"number": "16", "position": "14", "positionText": "R", "points": "0", "Driver": {"driverId": "hill", "url": "http://en.wikipedia.org/wiki/Graham_Hill", "givenName": "Graham", "familyName": "Hill", "dateOfBirth": "1929-02-15", "nationality": "British"}, "Constructor": {"constructorId": "team_lotus", "url": "http://en.wikipedia.org/wiki/Team_Lotus", "name": "Team Lotus", "nationality": "British"}, "grid": "13", "laps": "40", "status": "Overheating"}, {"number": "4", "position": "15", "positionText": "R", "points": "0", "Driver": {"driverId": "collins", "url": "http://en.wikipedia.org/wiki/Peter_Collins_(racing_driver)", "givenName": "Peter", "familyName": "Collins", "dateOfBirth": "1931-11-06", "nationality": "British"}, "Constructor": {"constructorId": "ferrari", "url": "http://en.wikipedia.org/wiki/Scuderia_Ferrari", "name": "Ferrari", "nationality": "Italian"}, "grid": "10", "laps": "32", "status": "Gearbox"}, {"number": "12", "position": "16", "positionText": "R", "points": "0", "Driver": {"driverId": "gregory", "url": "http://en.wikipedia.org/wiki/Masten_Gregory", "givenName": "Masten", "familyName": "Gregory", "dateOfBirth": "1932-02-29", "nationality": "American"}, "Constructor": {"constructorId": "maserati", "url": "http://en.wikipedia.org/wiki/Maserati", "name": "Maserati", "nationality": "Italian"}, "grid": "14", "laps": "16", "status": "Fuel pump"}, {"number": "2", "position": "17", "positionText": "R", "points": "0", "Driver": {"driverId": "brooks", "url": "http://en.wikipedia.org/wiki/Tony_Brooks", "givenName": "Tony", "familyName": "Brooks", "dateOfBirth": "1932-02-25", "nationality": "British"}, "Constructor": {"constructorId": "vanwall", "url": "http://en.wikipedia.org/wiki/Vanwall", "name": "Vanwall", "nationality": "British"}, "grid": "3", "laps": "13", "status": "Halfshaft"}, {"number": "12", "position": "18", "positionText": "W", "points": "0", "Driver": {"driverId": "gould", "url": "http://en.wikipedia.org/wiki/Horace_Gould", "givenName": "Horace", "familyName": "Gould", "dateOfBirth": "1918-09-20", "nationality": "British"}, "Constructor": {"constructorId": "maserati", "url": "http://en.wikipedia.org/wiki/Maserati", "name": "Maserati", "nationality": "Italian"}, "grid": "0", "laps": "0", "status": "Withdrew"}]}]}}}