{"MRData": {"xmlns": "http://ergast.com/mrd/1.5", "series": "f1", "url": "http://ergast.com/api/f1/1950/1/driverstandings.json", "limit": "30", "offset": "0", "total": "23", "StandingsTable": {"season": "1950", "round": "1", "StandingsLists": [{"season": "1950", "round": "1", "DriverStandings": [{"position": "1", "positionText": "1", "points": "9", "wins": "1", "Driver": {"driverId": "farina", "url": "http://en.wikipedia.org/wiki/Nino_Farina", "givenName": "Nino", "familyName": "Farina", "dateOfBirth": "1906-10-30", "nationality": "Italian"}, "Constructors": [{"constructorId": "alfa", "url": "http://en.wikipedia.org/wiki/Alfa_Romeo_in_Formula_One", "name": "Alfa Romeo", "nationality": "Swiss"}]}, {"position": "2", "positionText": "2", "points": "6", "wins": "0", "Driver": {"driverId": "fagioli", "url": "http://en.wikipedia.org/wiki/Luigi_Fagioli", "givenName": "Luigi", "familyName": "Fagioli", "dateOfBirth": "1898-06-09", "nationality": "Italian"}, "Constructors": [{"constructorId": "alfa", "url": "http://en.wikipedia.org/wiki/Alfa_Romeo_in_Formula_One", "name": "Alfa Romeo", "nationality": "Swiss"}]}, {"position": "3", "positionText": "3", "points": "4", "wins": "0", "Driver": {"driverId": "reg_parnell", "url": "http://en.wikipedia.org/wiki/Reg_Parnell", "givenName": "Reg", "familyName": "Parnell", "dateOfBirth": "1911-07-02", "nationality": "British"}, "Constructors": [{"constructorId": "alfa", "url": "http://en.wikipedia.org/wiki/Alfa_Romeo_in_Formula_One", "name": "Alfa Romeo", "nationality": "Swiss"}]}, {"position": "4", "positionText": "4", "points": "3", "wins": "0", "Driver": {"driverId": "cabantous", "url": "http://en.wikipedia.org/wiki/Yves_Giraud_Cabantous", "givenName": "Yves", "familyName": "Cabantous", "dateOfBirth": "1904-10-08", "nationality": "French"}, "Constructors": [{"constructorId": "lago", "url": "http://en.wikipedia.org/wiki/Talbot-Lago", "name": "Talbot-Lago", "nationality": "French"}]}, {"position": "5", "positionText": "5", "points": "2", "wins": "0", "Driver": {"driverId": "rosier", "url": "http://en.wikipedia.org/wiki/Louis_Rosier", "givenName": "Louis", "familyName": "Rosier", "dateOfBirth": "1905-11-05", "nationality": "French"}, "Constructors": [{"constructorId": "lago", "url": "http://en.wikipedia.org/wiki/Talbot-Lago", "name": "Talbot-Lago", "nationality": "French"}]}, {"position": "6", "positionText": "6", "points": "0", "wins": "0", "Driver": {"driverId": "gerard", "url": "http://en.wikipedia.org/wiki/Bob_Gerard", "givenName": "Bob", "familyName": "Gerard", "dateOfBirth": "1914-01-19", "nationality": "British"}, "Constructors": [{"constructorId": "era", "url": "http://en.wikipedia.org/wiki/English_Racing_Automobiles", "name": "ERA", "nationality": "British"}]}, {"position": "7", "positionText": "7", "points": "0", "wins": "0", "Driver": {"driverId": "harrison", "url": "http://en.wikipedia.org/wiki/Cuth_Harrison", "givenName": "Cuth", "familyName": "Harrison", "dateOfBirth": "1906-07-06", "nationality": "British"}, "Constructors": [{"constructorId": "era", "url": "http://en.wikipedia.org/wiki/English_Racing_Automobiles", "name": "ERA", "nationality": "British"}]}, {"position": "8", "positionText": "8", "points": "0", "wins": "0", "Driver": {"driverId": "etancelin", "url": "http://en.wikipedia.org/wiki/Philippe_%C3%89tancelin", "givenName": "Philippe", "familyName": "\u00c9tancelin", "dateOfBirth": "1896-12-28", "nationality": "French"}, "Constructors": [{"constructorId": "lago", "url": "http://en.wikipedia.org/wiki/Talbot-Lago", "name": "Talbot-Lago", "nationality": "French"}]}, {"position": "9", "positionText": "9", "points": "0", "wins": "0", "Driver": {"driverId": "hampshire", "url": "http://en.wikipedia.org/wiki/David_Hampshire", "givenName": "David", "familyName": "Hampshire", "dateOfBirth": "1917-12-29", "nationality": "British"}, "Constructors": [{"constructorId": "maserati", "url": "http://en.wikipedia.org/wiki/Maserati", "name": "Maserati", "nationality": "Italian"}]}, {"position": "10", "positionText": "10", "points": "0", "wins": "0", "Driver": {"driverId": "fry", "url": "http://en.wikipedia.org/wiki/Joe_Fry", "givenName": "Joe", "familyName": "Fry", "dateOfBirth": "1915-10-26", "nationality": "British"}, "Constructors": [{"constructorId": "maserati", "url": "http://en.wikipedia.org/wiki/Maserati", "name": "Maserati", "nationality": "Italian"}]}, {"position": "11", "positionText": "11", "points": "0", "wins": "0", "Driver": {"driverId": "shawe_taylor", "url": "http://en.wikipedia.org/wiki/Brian_Shawe_Taylor", "givenName": "Brian", "familyName": "Shawe Taylor", "dateOfBirth": "1915-01-28", "nationality": "British"}, "Constructors": [{"constructorId": "maserati", "url": "http://en.wikipedia.org/wiki/Maserati", "name": "Maserati", "nationality": "Italian"}]}, {"position": "12", "positionText": "12", "points": "0", "wins": "0", "Driver": {"driverId": "claes", "url": "http://en.wikipedia.org/wiki/Johnny_Claes", "givenName": "Johnny", "familyName": "Claes", "dateOfBirth": "1916-08-11", "nationality": "Belgian"}, "Constructors": [{"constructorId": "lago", "url": "http://en.wikipedia.org/wiki/Talbot-Lago", "name": "Talbot-Lago", "nationality": "French"}]}, {"position": "13", "positionText": "13", "points": "0", "wins": "0", "Driver": {"driverId": "fangio", "url": "http://en.wikipedia.org/wiki/Juan_Manuel_Fangio", "givenName": "Juan", "familyName": "Fangio", "dateOfBirth": "1911-06-24", "nationality": "Argentine"}, "Constructors": [{"constructorId": "alfa", "url": "http://en.wikipedia.org/wiki/Alfa_Romeo_in_Formula_One", "name": "Alfa Romeo", "nationality": "Swiss"}]}, {"position": "14", "positionText": "14", "points": "0", "wins": "0", "Driver": {"driverId": "kelly", "url": "http://en.wikipedia.org/wiki/Joe_Kelly_(Formula_One)", "givenName": "Joe", "familyName": "Kelly", "dateOfBirth": "1913-03-13", "nationality": "Irish"}, "Constructors": [{"constructorId": "alta", "url": "http://en.wikipedia.org/wiki/Alta_auto_racing_team", "name": "Alta", "nationality": "British"}]}, {"position": "15", "positionText": "15", "points": "0", "wins": "0", "Driver": {"driverId": "bira", "url": "http://en.wikipedia.org/wiki/Prince_Bira", "givenName": "Prince", "familyName": "Bira", "dateOfBirth": "1914-07-15", "nationality": "Thai"}, "Constructors": [{"constructorId": "maserati", "url": "http://en.wikipedia.org/wiki/Maserati", "name": "Maserati", "nationality": "Italian"}]}, {"position": "16", "positionText": "16", "points": "0", "wins": "0", "Driver": {"driverId": "murray", "url": "http://en.wikipedia.org/wiki/David_Murray_(driver)", "givenName": "David", "familyName": "Murray", "dateOfBirth": "1909-12-28", "nationality": "British"}, "Constructors": [{"constructorId": "maserati", "url": "http://en.wikipedia.org/wiki/Maserati", "name": "Maserati", "nationality": "Italian"}]}, {"position": "17", "positionText": "17", "points": "0", "wins": "0", "Driver": {"driverId": "crossley", "url": "http://en.wikipedia.org/wiki/Geoff_Crossley", "givenName": "Geoff", "familyName": "Crossley", "dateOfBirth": "1921-05-11", "nationality": "British"}, "Constructors": [{"constructorId": "alta", "url": "http://en.wikipedia.org/wiki/Alta_auto_racing_team", "name": "Alta", "nationality": "British"}]}, {"position": "18", "positionText": "18", "points": "0", "wins": "0", "Driver": {"driverId": "graffenried", "url": "http://en.wikipedia.org/wiki/Toulo_de_Graffenried", "givenName": "Toulo", "familyName": "de Graffenried", "dateOfBirth": "1914-05-18", "nationality": "Swiss"}, "Constructors": [{"constructorId": "maserati", "url": "http://en.wikipedia.org/wiki/Maserati", "name": "Maserati", "nationality": "Italian"}]}, {"position": "19", "positionText": "19", "points": "0", "wins": "0", "Driver": {"driverId": "chiron", "url": "http://en.wikipedia.org/wiki/Louis_Chiron", "givenName": "Louis", "familyName": "Chiron", "dateOfBirth": "1899-08-03", "nationality": "Monegasque"}, "Constructors": [{"constructorId": "maserati", "url": "http://en.wikipedia.org/wiki/Maserati", "name": "Maserati", "nationality": "Italian"}]}, {"position": "20", "positionText": "20", "points": "0", "wins": "0", "Driver": {"driverId": "martin", "url": "http://en.wikipedia.org/wiki/Eug%C3%A8ne_Martin", "givenName": "Eug\u00e8ne", "familyName": "Martin", "dateOfBirth": "1915-03-24", "nationality": "French"}, "Constructors": [{"constructorId": "lago", "url": "http://en.wikipedia.org/wiki/Talbot-Lago", "name": "Talbot-Lago", "nationality": "French"}]}, {"position": "21", "positionText": "21", "points": "0", "wins": "0", "Driver": {"driverId": "rolt", "url": "http://en.wikipedia.org/wiki/Tony_Rolt", "givenName": "Tony", "familyName": "Rolt", "dateOfBirth": "1918-10-16", "nationality": "British"}, "Constructors": [{"constructorId": "era", "url": "http://en.wikipedia.org/wiki/English_Racing_Automobiles", "name": "ERA", "nationality": "British"}]}, {"position": "22", "positionText": "22", "points": "0", "wins": "0", "Driver": {"driverId": "peter_walker", "url": "http://en.wikipedia.org/wiki/Peter_Walker_(driver)", "givenName": "Peter", "familyName": "Walker", "dateOfBirth": "1912-10-07", "nationality": "British"}, "Constructors": [{"constructorId": "era", "url": "http://en.wikipedia.org/wiki/English_Racing_Automobiles", "name": "ERA", "nationality": "British"}]}, {"position": "23", "positionText": "23", "points": "0", "wins": "0", "Driver": {"driverId": "leslie_johnson", "url": "http://en.wikipedia.org/wiki/Leslie_Johnson_(racing_driver)", "givenName": "Leslie", "familyName": "Johnson", "dateOfBirth": "1912-03-22", "nationality": "British"}, "Constructors": [{"constructorId": "era", "url": "http://en.wikipedia.org/wiki/English_Racing_Automobiles", "name": "ERA", "nationality": "British"}]}]}]}}}