{"MRData": {"xmlns": "http://ergast.com/mrd/1.5", "series": "f1", "url": "http://ergast.com/api/f1/1950/5/results.json", "limit": "30", "offset": "0", "total": "14", "RaceTable": {"season": "1950", "round": "5", "Races": [{"season": "1950", "round": "5", "url": "http://en.wikipedia.org/wiki/1950_Belgian_Grand_Prix", "raceName": "Belgian Grand Prix", "Circuit": {"circuitId": "spa", "url": "http://en.wikipedia.org/wiki/Circuit_de_Spa-Francorchamps", "circuitName": "Circuit de Spa-Francorchamps", "Location": {"lat": "50.4372", "long": "5.97139", "locality": "Spa", "country": "Belgium"}}, "date": "1950-06-18", "Results": [{"number": "10", "position": "1", "positionText": "1", "points": "8", "Driver": {"driverId": "fangio", "url": "http://en.wikipedia.org/wiki/Juan_Manuel_Fangio", "givenName": "Juan", "familyName": "Fangio", "dateOfBirth": "1911-06-24", "nationality": "Argentine"}, "Constructor": {"constructorId": "alfa", "url": "http://en.wikipedia.org/wiki/Alfa_Romeo_in_Formula_One", "name": "Alfa Romeo", "nationality": "Swiss"}, "grid": "2", "laps": "35", "status": "Finished", "Time": {"millis": "10046000", "time": "2:47:26.0"}}, {"number": "12", "position": "2", "positionText": "2", "points": "6", "Driver": {"driverId": "fagioli", "url": "http://en.wikipedia.org/wiki/Luigi_Fagioli", "givenName": "Luigi", "familyName": "Fagioli", "dateOfBirth": "1898-06-09", "nationality": "Italian"}, "Constructor": {"constructorId": "alfa", "url": "http://en.wikipedia.org/wiki/Alfa_Romeo_in_Formula_One", "name": "Alfa Romeo", "nationality": "Swiss"}, "grid": "3", "laps": "35", "status": "Finished", "Time": {"millis": "10060000", "time": "+14.0"}}, {"number": "14", "position": "3", "positionText": "3", "points": "4", "Driver": {"driverId": "rosier", "url": "http://en.wikipedia.org/wiki/Louis_Rosier", "givenName": "Louis", "familyName": "Rosier", "dateOfBirth": "1905-11-05", "nationality": "French"}, "Constructor": {"constructorId": "lago", "url": "http://en.wikipedia.org/wiki/Talbot-Lago", "name": "Talbot-Lago", "nationality": "French"}, "grid": "8", "laps": "35", "status": "Finished", "Time": {"millis": "10185000", "time": "+2:19.0"}}, {"number": "8", "position": "4", "positionText": "4", "points": "4", "Driver": {"driverId": "farina", "url": "http://en.wikipedia.org/wiki/Nino_Farina", "givenName": "Nino", "familyName": "Farina", "dateOfBirth": "1906-10-30", "nationality": "Italian"}, "Constructor": {"constructorId": "alfa", "url": "http://en.wikipedia.org/wiki/Alfa_Romeo_in_Formula_One", "name": "Alfa Romeo", "nationality": "Swiss"}, "grid": "1", "laps": "35", "status": "Finished", "Time": {"millis": "10291000", "time": "+4:05.0"}}, {"number": "4", "position": "5", "positionText": "5", "points": "2", "Driver": {"driverId": "ascari", "url": "http://en.wikipedia.org/wiki/Alberto_Ascari", "givenName": "Alberto", "familyName": "Ascari", "dateOfBirth": "1918-07-13", "nationality": "Italian"}, "Constructor": {"constructorId": "ferrari", "url": "http://en.wikipedia.org/wiki/Scuderia_Ferrari", "name": "Ferrari", "nationality": "Italian"}, "grid": "7", "laps": "34", "status": "+1 Lap"}, {"number": "2", "position": "6", "positionText": "6", "points": "0", "Driver": {"driverId": "villoresi", "url": "http://en.wikipedia.org/wiki/Luigi_Villoresi", "givenName": "Luigi", "familyName": "Villoresi", "dateOfBirth": "1909-05-16", "nationality": "Italian"}, "Constructor": {"constructorId": "ferrari", "url": "http://en.wikipedia.org/wiki/Scuderia_Ferrari", "name": "Ferrari", "nationality": "Italian"}, "grid": "4", "laps": "33", "status": "+2 Laps"}, {"number": "22", "position": "7", "positionText": "7", "points": "0", "Driver": {"driverId": "levegh", "url": "http://en.wikipedia.org/wiki/Pierre_Levegh", "givenName": "Pierre", "familyName": "Levegh", "dateOfBirth": "1905-12-22", "nationality": "French"}, "Constructor": {"constructorId": "lago", "url": "http://en.wikipedia.org/wiki/Talbot-Lago", "name": "Talbot-Lago", "nationality": "French"}, "grid": "10", "laps": "33", "status": "+2 Laps"}, {"number": "24", "position": "8", "positionText": "8", "points": "0", "Driver": {"driverId": "claes", "url": "http://en.wikipedia.org/wiki/Johnny_Claes", "givenName": "Johnny", "familyName": "Claes", "dateOfBirth": "1916-08-11", "nationality": "Belgian"}, "Constructor": {"constructorId": "lago", "url": "http://en.wikipedia.org/wiki/Talbot-Lago", "name": "Talbot-Lago", "nationality": "French"}, "grid": "14", "laps": "22", "status": "+3 Laps"}, {"number": "26", "position": "9", "positionText": "9", "points": "0", "Driver": {"driverId": "crossley", "url": "http://en.wikipedia.org/wiki/Geoff_Crossley", "givenName": "Geoff", "familyName": "Crossley", "dateOfBirth": "1921-05-11", "nationality": "British"}, "Constructor": {"constructorId": "alta", "url": "http://en.wikipedia.org/wiki/Alta_auto_racing_team", "name": "Alta", "nationality": "British"}, "grid": "12", "laps": "30", "status": "+5 Laps"}, {"number": "30", "position": "10", "positionText": "10", "points": "0", "Driver": {"driverId": "branca", "url": "http://en.wikipedia.org/wiki/Toni_Branca", "givenName": "Toni", "familyName": "Branca", "dateOfBirth": "1916-09-15", "nationality": "Swiss"}, "Constructor": {"constructorId": "maserati", "url": "http://en.wikipedia.org/wiki/Maserati", "name": "Maserati", "nationality": "Italian"}, "grid": "11", "laps": "29", "status": "+6 Laps"}, {"number": "20", "position": "11", "positionText": "R", "points": "0", "Driver": {"driverId": "chaboud", "url": "http://en.wikipedia.org/wiki/Eug%C3%A8ne_Chaboud", "givenName": "Eug\u00e8ne", "familyName": "Chaboud", "dateOfBirth": "1907-04-12", "nationality": "French"}, "Constructor": {"constructorId": "lago", "url": "http://en.wikipedia.org/wiki/Talbot-Lago", "name": "Talbot-Lago", "nationality": "French"}, "grid": "13", "laps": "22", "status": "Oil pipe"}, {"number": "6", "position": "12", "positionText": "R", "points": "0", "Driver": {"driverId": "sommer", "url": "http://en.wikipedia.org/wiki/Raymond_Sommer", "givenName": "Raymond", "familyName": "Sommer", "dateOfBirth": "1906-08-31", "nationality": "French"}, "Constructor": {"constructorId": "lago", "url": "http://en.wikipedia.org/wiki/Talbot-Lago", "name": "Talbot-Lago", "nationality": "French"}, "grid": "5", "laps": "20", "status": "Oil pressure"}, {"number": "16", "position": "13", "positionText": "R", "points": "0", "Driver": {"driverId": "etancelin", "url": "http://en.wikipedia.org/wiki/Philippe_%C3%89tancelin", "givenName": "Philippe", "familyName": "\u00c9tancelin", "dateOfBirth": "1896-12-28", "nationality": "French"}, "Constructor": {"constructorId": "lago", "url": "http://en.wikipedia.org/wiki/Talbot-Lago", "name": "Talbot-Lago", "nationality": "French"}, "grid": "6", "laps": "15", "status": "Overheating"}, {"number": "18", "position": "14", "positionText": "R", "points": "0", "Driver": {"driverId": "cabantous", "url": "http://en.wikipedia.org/wiki/Yves_Giraud_Cabantous", "givenName": "Yves", "familyName": "Cabantous", "dateOfBirth": "1904-10-08", "nationality": "French"}, "Constructor": {"constructorId": "lago", "url": "http://en.wikipedia.org/wiki/Talbot-Lago", "name": "Talbot-Lago", "nationality": "French"}, "grid": "9", "laps": "2", "status": "Oil pipe"}]}]}}}