{"MRData": {"xmlns": "http://ergast.com/mrd/1.5", "series": "f1", "url": "http://ergast.com/api/f1/1950/6/results.json", "limit": "30", "offset": "0", "total": "20", "RaceTable": {"season": "1950", "round": "6", "Races": [{"season": "1950", "round": "6", "url": "http://en.wikipedia.org/wiki/1950_French_Grand_Prix", "raceName": "French Grand Prix", "Circuit": {"circuitId": "reims", "url": "http://en.wikipedia.org/wiki/Reims-Gueux", "circuitName": "Reims-Gueux", "Location": {"lat": "49.2542", "long": "3.93083", "locality": "Reims", "country": "France"}}, "date": "1950-07-02", "Results": [{"number": "6", "position": "1", "positionText": "1", "points": "9", "Driver": {"driverId": "fangio", "url": "http://en.wikipedia.org/wiki/Juan_Manuel_Fangio", "givenName": "Juan", "familyName": "Fangio", "dateOfBirth": "1911-06-24", "nationality": "Argentine"}, "Constructor": {"constructorId": "alfa", "url": "http://en.wikipedia.org/wiki/Alfa_Romeo_in_Formula_One", "name": "Alfa Romeo", "nationality": "Swiss"}, "grid": "1", "laps": "64", "status": "Finished", "Time": {"millis": "10672800", "time": "2:57:52.8"}}, {"number": "4", "position": "2", "positionText": "2", "points": "6", "Driver": {"driverId": "fagioli", "url": "http://en.wikipedia.org/wiki/Luigi_Fagioli", "givenName": "Luigi", "familyName": "Fagioli", "dateOfBirth": "1898-06-09", "nationality": "Italian"}, "Constructor": {"constructorId": "alfa", "url": "http://en.wikipedia.org/wiki/Alfa_Romeo_in_Formula_One", "name": "Alfa Romeo", "nationality": "Swiss"}, "grid": "3", "laps": "64", "status": "Finished", "Time": {"millis": "10698500", "time": "+25.7"}}, {"number": "14", "position": "3", "positionText": "3", "points": "4", "Driver": {"driverId": "whitehead", "url": "http://en.wikipedia.org/wiki/Peter_Whitehead_(racing_driver)", "givenName": "Peter", "familyName": "Whitehead", "dateOfBirth": "1914-11-12", "nationality": "British"}, "Constructor": {"constructorId": "ferrari", "url": "http://en.wikipedia.org/wiki/Scuderia_Ferrari", "name": "Ferrari", "nationality": "Italian"}, "grid": "18", "laps": "61", "status": "+3 Laps"}, {"number": "44", "position": "4", "positionText": "4", "points": "3", "Driver": {"driverId": "manzon", "url": "http://en.wikipedia.org/wiki/Robert_Manzon", "givenName": "Robert", "familyName": "Manzon", "dateOfBirth": "1917-04-12", "nationality": "French"}, "Constructor": {"constructorId": "simca", "url": "http://en.wikipedia.org/wiki/Simca", "name": "Simca", "nationality": "French"}, "grid": "12", "laps": "61", "status": "+3 Laps"}, {"number": "16", "position": "5", "positionText": "5", "points": "1", "Driver": {"driverId": "etancelin", "url": "http://en.wikipedia.org/wiki/Philippe_%C3%89tancelin", "givenName": "Philippe", "familyName": "\u00c9tancelin", "dateOfBirth": "1896-12-28", "nationality": "French"}, "Constructor": {"constructorId": "lago", "url": "http://en.wikipedia.org/wiki/Talbot-Lago", "name": "Talbot-Lago", "nationality": "French"}, "grid": "4", "laps": "59", "status": "+5 Laps"}, {"number": "16", "position": "5", "positionText": "5", "points": "1", "Driver": {"driverId": "chaboud", "url": "http://en.wikipedia.org/wiki/Eug%C3%A8ne_Chaboud", "givenName": "Eug\u00e8ne", "familyName": "Chaboud", "dateOfBirth": "1907-04-12", "nationality": "French"}, "Constructor": {"constructorId": "lago", "url": "http://en.wikipedia.org/wiki/Talbot-Lago", "name": "Talbot-Lago", "nationality": "French"}, "grid": "4", "laps": "59", "status": "+5 Laps"}, {"number": "26", "position": "6", "positionText": "6", "points": "0", "Driver": {"driverId": "pozzi", "url": "http://en.wikipedia.org/wiki/Charles_Pozzi", "givenName": "Charles", "familyName": "Pozzi", "dateOfBirth": "1909-08-27", "nationality": "French"}, "Constructor": {"constructorId": "lago", "url": "http://en.wikipedia.org/wiki/Talbot-Lago", "name": "Talbot-Lago", "nationality": "French"}, "grid": "15", "laps": "56", "status": "+8 Laps"}, {"number": "26", "position": "6", "positionText": "6", "points": "0", "Driver": {"driverId": "rosier", "url": "http://en.wikipedia.org/wiki/Louis_Rosier", "givenName": "Louis", "familyName": "Rosier", "dateOfBirth": "1905-11-05", "nationality": "French"}, "Constructor": {"constructorId": "lago", "url": "http://en.wikipedia.org/wiki/Talbot-Lago", "name": "Talbot-Lago", "nationality": "French"}, "grid": "15", "laps": "56", "status": "+8 Laps"}, {"number": "2", "position": "7", "positionText": "7", "points": "0", "Driver": {"driverId": "farina", "url": "http://en.wikipedia.org/wiki/Nino_Farina", "givenName": "Nino", "familyName": "Farina", "dateOfBirth": "1906-10-30", "nationality": "Italian"}, "Constructor": {"constructorId": "alfa", "url": "http://en.wikipedia.org/wiki/Alfa_Romeo_in_Formula_One", "name": "Alfa Romeo", "nationality": "Swiss"}, "grid": "2", "laps": "55", "status": "Fuel pump"}, {"number": "18", "position": "8", "positionText": "8", "points": "0", "Driver": {"driverId": "cabantous", "url": "http://en.wikipedia.org/wiki/Yves_Giraud_Cabantous", "givenName": "Yves", "familyName": "Cabantous", "dateOfBirth": "1904-10-08", "nationality": "French"}, "Constructor": {"constructorId": "lago", "url": "http://en.wikipedia.org/wiki/Talbot-Lago", "name": "Talbot-Lago", "nationality": "French"}, "grid": "5", "laps": "52", "status": "+12 Laps"}, {"number": "22", "position": "9", "positionText": "R", "points": "0", "Driver": {"driverId": "levegh", "url": "http://en.wikipedia.org/wiki/Pierre_Levegh", "givenName": "Pierre", "familyName": "Levegh", "dateOfBirth": "1905-12-22", "nationality": "French"}, "Constructor": {"constructorId": "lago", "url": "http://en.wikipedia.org/wiki/Talbot-Lago", "name": "Talbot-Lago", "nationality": "French"}, "grid": "9", "laps": "36", "status": "Engine"}, {"number": "40", "position": "10", "positionText": "R", "points": "0", "Driver": {"driverId": "bonetto", "url": "http://en.wikipedia.org/wiki/Felice_Bonetto", "givenName": "Felice", "familyName": "Bonetto", "dateOfBirth": "1903-06-09", "nationality": "Italian"}, "Constructor": {"constructorId": "maserati", "url": "http://en.wikipedia.org/wiki/Maserati", "name": "Maserati", "nationality": "Italian"}, "grid": "10", "laps": "14", "status": "Engine"}, {"number": "42", "position": "11", "positionText": "R", "points": "0", "Driver": {"driverId": "claes", "url": "http://en.wikipedia.org/wiki/Johnny_Claes", "givenName": "Johnny", "familyName": "Claes", "dateOfBirth": "1916-08-11", "nationality": "Belgian"}, "Constructor": {"constructorId": "lago", "url": "http://en.wikipedia.org/wiki/Talbot-Lago", "name": "Talbot-Lago", "nationality": "French"}, "grid": "14", "laps": "11", "status": "Overheating"}, {"number": "20", "position": "12", "positionText": "R", "points": "0", "Driver": {"driverId": "rosier", "url": "http://en.wikipedia.org/wiki/Louis_Rosier", "givenName": "Louis", "familyName": "Rosier", "dateOfBirth": "1905-11-05", "nationality": "French"}, "Constructor": {"constructorId": "lago", "url": "http://en.wikipedia.org/wiki/Talbot-Lago", "name": "Talbot-Lago", "nationality": "French"}, "grid": "6", "laps": "10", "status": "Overheating"}, {"number": "32", "position": "13", "positionText": "R", "points": "0", "Driver": {"driverId": "reg_parnell", "url": "http://en.wikipedia.org/wiki/Reg_Parnell", "givenName": "Reg", "familyName": "Parnell", "dateOfBirth": "1911-07-02", "nationality": "British"}, "Constructor": {"constructorId": "maserati", "url": "http://en.wikipedia.org/wiki/Maserati", "name": "Maserati", "nationality": "Italian"}, "grid": "11", "laps": "9", "status": "Engine"}, {"number": "28", "position": "14", "positionText": "R", "points": "0", "Driver": {"driverId": "rol", "url": "http://en.wikipedia.org/wiki/Franco_Rol", "givenName": "Franco", "familyName": "Rol", "dateOfBirth": "1908-06-05", "nationality": "Italian"}, "Constructor": {"constructorId": "maserati", "url": "http://en.wikipedia.org/wiki/Maserati", "name": "Maserati", "nationality": "Italian"}, "grid": "7", "laps": "6", "status": "Engine"}, {"number": "30", "position": "15", "positionText": "R", "points": "0", "Driver": {"driverId": "chiron", "url": "http://en.wikipedia.org/wiki/Louis_Chiron", "givenName": "Louis", "familyName": "Chiron", "dateOfBirth": "1899-08-03", "nationality": "Monegasque"}, "Constructor": {"constructorId": "maserati", "url": "http://en.wikipedia.org/wiki/Maserati", "name": "Maserati", "nationality": "Italian"}, "grid": "13", "laps": "6", "status": "Engine"}, {"number": "34", "position": "16", "positionText": "R", "points": "0", "Driver": {"driverId": "hampshire", "url": "http://en.wikipedia.org/wiki/David_Hampshire", "givenName": "David", "familyName": "Hampshire", "dateOfBirth": "1917-12-29", "nationality": "British"}, "Constructor": {"constructorId": "maserati", "url": "http://en.wikipedia.org/wiki/Maserati", "name": "Maserati", "nationality": "Italian"}, "grid": "17", "laps": "5", "status": "Engine"}, {"number": "12", "position": "17", "positionText": "R", "points": "0", "Driver": {"driverId": "sommer", "url": "http://en.wikipedia.org/wiki/Raymond_Sommer", "givenName": "Raymond", "familyName": "Sommer", "dateOfBirth": "1906-08-31", "nationality": "French"}, "Constructor": {"constructorId": "lago", "url": "http://en.wikipedia.org/wiki/Talbot-Lago", "name": "Talbot-Lago", "nationality": "French"}, "grid": "16", "laps": "4", "status": "Overheating"}, {"number": "36", "position": "18", "positionText": "R", "points": "0", "Driver": {"driverId": "gonzalez", "url": "http://en.wikipedia.org/wiki/Jos%C3%A9_Froil%C3%A1n_Gonz%C3%A1lez", "givenName": "Jos\u00e9 Froil\u00e1n", "familyName": "Gonz\u00e1lez", "dateOfBirth": "1922-10-05", "nationality": "Argentine"}, "Constructor": {"constructorId": "maserati", "url": "http://en.wikipedia.org/wiki/Maserati", "name": "Maserati", "nationality": "Italian"}, "grid": "8", "laps": "3", "status": "Engine"}]}]}}}