{"MRData": {"xmlns": "http://ergast.com/mrd/1.5", "series": "f1", "url": "http://ergast.com/api/f1/1950/1/results.json", "limit": "30", "offset": "0", "total": "23", "RaceTable": {"season": "1950", "round": "1", "Races": [{"season": "1950", "round": "1", "url": "http://en.wikipedia.org/wiki/1950_British_Grand_Prix", "raceName": "British Grand Prix", "Circuit": {"circuitId": "silverstone", "url": "http://en.wikipedia.org/wiki/Silverstone_Circuit", "circuitName": "Silverstone Circuit", "Location": {"lat": "52.0786", "long": "-1.01694", "locality": "Silverstone", "country": "UK"}}, "date": "1950-05-13", "Results": [{"number": "2", "position": "1", "positionText": "1", "points": "9", "Driver": {"driverId": "farina", "url": "http://en.wikipedia.org/wiki/Nino_Farina", "givenName": "Nino", "familyName": "Farina", "dateOfBirth": "1906-10-30", "nationality": "Italian"}, "Constructor": {"constructorId": "alfa", "url": "http://en.wikipedia.org/wiki/Alfa_Romeo_in_Formula_One", "name": "Alfa Romeo", "nationality": "Swiss"}, "grid": "1", "laps": "70", "status": "Finished", "Time": {"millis": "8003600", "time": "2:13:23.6"}}, {"number": "3", "position": "2", "positionText": "2", "points": "6", "Driver": {"driverId": "fagioli", "url": "http://en.wikipedia.org/wiki/Luigi_Fagioli", "givenName": "Luigi", "familyName": "Fagioli", "dateOfBirth": "1898-06-09", "nationality": "Italian"}, "Constructor": {"constructorId": "alfa", "url": "http://en.wikipedia.org/wiki/Alfa_Romeo_in_Formula_One", "name": "Alfa Romeo", "nationality": "Swiss"}, "grid": "2", "laps": "70", "status": "Finished", "Time": {"millis": "8006200", "time": "+2.6"}}, {"number": "4", "position": "3", "positionText": "3", "points": "4", "Driver": {"driverId": "reg_parnell", "url": "http://en.wikipedia.org/wiki/Reg_Parnell", "givenName": "Reg", "familyName": "Parnell", "dateOfBirth": "1911-07-02", "nationality": "British"}, "Constructor": {"constructorId": "alfa", "url": "http://en.wikipedia.org/wiki/Alfa_Romeo_in_Formula_One", "name": "Alfa Romeo", "nationality": "Swiss"}, "grid": "4", "laps": "70", "status": "Finished", "Time": {"millis": "8055600", "time": "+52.0"}}, {"number": "14", "position": "4", "positionText": "4", "points": "3", "Driver": {"driverId": "cabantous", "url": "http://en.wikipedia.org/wiki/Yves_Giraud_Cabantous", "givenName": "Yves", "familyName": "Cabantous", "dateOfBirth": "1904-10-08", "nationality": "French"}, "Constructor": {"constructorId": "lago", "url": "http://en.wikipedia.org/wiki/Talbot-Lago", "name": "Talbot-Lago", "nationality": "French"}, "grid": "6", "laps": "68", "status": "+2 Laps"}, {"number": "15", "position": "5", "positionText": "5", "points": "2", "Driver": {"driverId": "rosier", "url": "http://en.wikipedia.org/wiki/Louis_Rosier", "givenName": "Louis", "familyName": "Rosier", "dateOfBirth": "1905-11-05", "nationality": "French"}, "Constructor": {"constructorId": "lago", "url": "http://en.wikipedia.org/wiki/Talbot-Lago", "name": "Talbot-Lago", "nationality": "French"}, "grid": "9", "laps": "68", "status": "+2 Laps"}, {"number": "12", "position": "6", "positionText": "6", "points": "0", "Driver": {"driverId": "gerard", "url": "http://en.wikipedia.org/wiki/Bob_Gerard", "givenName": "Bob", "familyName": "Gerard", "dateOfBirth": "1914-01-19", "nationality": "British"}, "Constructor": {"constructorId": "era", "url": "http://en.wikipedia.org/wiki/English_Racing_Automobiles", "name": "ERA", "nationality": "British"}, "grid": "13", "laps": "67", "status": "+3 Laps"}, {"number": "11", "position": "7", "positionText": "7", "points": "0", "Driver": {"driverId": "harrison", "url": "http://en.wikipedia.org/wiki/Cuth_Harrison", "givenName": "Cuth", "familyName": "Harrison", "dateOfBirth": "1906-07-06", "nationality": "British"}, "Constructor": {"constructorId": "era", "url": "http://en.wikipedia.org/wiki/English_Racing_Automobiles", "name": "ERA", "nationality": "British"}, "grid": "15", "laps": "67", "status": "+3 Laps"}, {"number": "16", "position": "8", "positionText": "8", "points": "0", "Driver": {"driverId": "etancelin", "url": "http://en.wikipedia.org/wiki/Philippe_%C3%89tancelin", "givenName": "Philippe", "familyName": "\u00c9tancelin", "dateOfBirth": "1896-12-28", "nationality": "French"}, "Constructor": {"constructorId": "lago", "url": "http://en.wikipedia.org/wiki/Talbot-Lago", "name": "Talbot-Lago", "nationality": "French"}, "grid": "14", "laps": "65", "status": "+5 Laps"}, {"number": "6", "position": "9", "positionText": "9", "points": "0", "Driver": {"driverId": "hampshire", "url": "http://en.wikipedia.org/wiki/David_Hampshire", "givenName": "David", "familyName": "Hampshire", "dateOfBirth": "1917-12-29", "nationality": "British"}, "Constructor": {"constructorId": "maserati", "url": "http://en.wikipedia.org/wiki/Maserati", "name": "Maserati", "nationality": "Italian"}, "grid": "16", "laps": "64", "status": "+6 Laps"}, {"number": "10", "position": "10", "positionText": "10", "points": "0", "Driver": {"driverId": "shawe_taylor", "url": "http://en.wikipedia.org/wiki/Brian_Shawe_Taylor", "givenName": "Brian", "familyName": "Shawe Taylor", "dateOfBirth": "1915-01-28", "nationality": "British"}, "Constructor": {"constructorId": "maserati", "url": "http://en.wikipedia.org/wiki/Maserati", "name": "Maserati", "nationality": "Italian"}, "grid": "20", "laps": "64", "status": "+6 Laps"}, {"number": "10", "position": "10", "positionText": "10", "points": "0", "Driver": {"driverId": "fry", "url": "http://en.wikipedia.org/wiki/Joe_Fry", "givenName": "Joe", "familyName": "Fry", "dateOfBirth": "1915-10-26", "nationality": "British"}, "Constructor": {"constructorId": "maserati", "url": "http://en.wikipedia.org/wiki/Maserati", "name": "Maserati", "nationality": "Italian"}, "grid": "20", "laps": "64", "status": "+6 Laps"}, {"number": "18", "position": "11", "positionText": "11", "points": "0", "Driver": {"driverId": "claes", "url": "http://en.wikipedia.org/wiki/Johnny_Claes", "givenName": "Johnny", "familyName": "Claes", "dateOfBirth": "1916-08-11", "nationality": "Belgian"}, "Constructor": {"constructorId": "lago", "url": "http://en.wikipedia.org/wiki/Talbot-Lago", "name": "Talbot-Lago", "nationality": "French"}, "grid": "21", "laps": "64", "status": "+6 Laps"}, {"number": "1", "position": "12", "positionText": "R", "points": "0", "Driver": {"driverId": "fangio", "url": "http://en.wikipedia.org/wiki/Juan_Manuel_Fangio", "givenName": "Juan", "familyName": "Fangio", "dateOfBirth": "1911-06-24", "nationality": "Argentine"}, "Constructor": {"constructorId": "alfa", "url": "http://en.wikipedia.org/wiki/Alfa_Romeo_in_Formula_One", "name": "Alfa Romeo", "nationality": "Swiss"}, "grid": "3", "laps": "62", "status": "Oil leak"}, {"number": "23", "position": "13", "positionText": "N", "points": "0", "Driver": {"driverId": "kelly", "url": "http://en.wikipedia.org/wiki/Joe_Kelly_(Formula_One)", "givenName": "Joe", "familyName": "Kelly", "dateOfBirth": "1913-03-13", "nationality": "Irish"}, "Constructor": {"constructorId": "alta", "url": "http://en.wikipedia.org/wiki/Alta_auto_racing_team", "name": "Alta", "nationality": "British"}, "grid": "19", "laps": "57", "status": "Not classified"}, {"number": "21", "position": "14", "positionText": "R", "points": "0", "Driver": {"driverId": "bira", "url": "http://en.wikipedia.org/wiki/Prince_Bira", "givenName": "Prince", "familyName": "Bira", "dateOfBirth": "1914-07-15", "nationality": "Thai"}, "Constructor": {"constructorId": "maserati", "url": "http://en.wikipedia.org/wiki/Maserati", "name": "Maserati", "nationality": "Italian"}, "grid": "5", "laps": "49", "status": "Out of fuel"}, {"number": "5", "position": "15", "positionText": "R", "points": "0", "Driver": {"driverId": "murray", "url": "http://en.wikipedia.org/wiki/David_Murray_(driver)", "givenName": "David", "familyName": "Murray", "dateOfBirth": "1909-12-28", "nationality": "British"}, "Constructor": {"constructorId": "maserati", "url": "http://en.wikipedia.org/wiki/Maserati", "name": "Maserati", "nationality": "Italian"}, "grid": "18", "laps": "44", "status": "Engine"}, {"number": "24", "position": "16", "positionText": "R", "points": "0", "Driver": {"driverId": "crossley", "url": "http://en.wikipedia.org/wiki/Geoff_Crossley", "givenName": "Geoff", "familyName": "Crossley", "dateOfBirth": "1921-05-11", "nationality": "British"}, "Constructor": {"constructorId": "alta", "url": "http://en.wikipedia.org/wiki/Alta_auto_racing_team", "name": "Alta", "nationality": "British"}, "grid": "17", "laps": "43", "status": "Transmission"}, {"number": "20", "position": "17", "positionText": "R", "points": "0", "Driver": {"driverId": "graffenried", "url": "http://en.wikipedia.org/wiki/Toulo_de_Graffenried", "givenName": "Toulo", "familyName": "de Graffenried", "dateOfBirth": "1914-05-18", "nationality": "Swiss"}, "Constructor": {"constructorId": "maserati", "url": "http://en.wikipedia.org/wiki/Maserati", "name": "Maserati", "nationality": "Italian"}, "grid": "8", "laps": "36", "status": "Engine"}, {"number": "19", "position": "18", "positionText": "R", "points": "0", "Driver": {"driverId": "chiron", "url": "http://en.wikipedia.org/wiki/Louis_Chiron", "givenName": "Louis", "familyName": "Chiron", "dateOfBirth": "1899-08-03", "nationality": "Monegasque"}, "Constructor": {"constructorId": "maserati", "url": "http://en.wikipedia.org/wiki/Maserati", "name": "Maserati", "nationality": "Italian"}, "grid": "11", "laps": "26", "status": "Clutch"}, {"number": "17", "position": "19", "positionText": "R", "points": "0", "Driver": {"driverId": "martin", "url": "http://en.wikipedia.org/wiki/Eug%C3%A8ne_Martin", "givenName": "Eug\u00e8ne", "familyName": "Martin", "dateOfBirth": "1915-03-24", "nationality": "French"}, "Constructor": {"constructorId": "lago", "url": "http://en.wikipedia.org/wiki/Talbot-Lago", "name": "Talbot-Lago", "nationality": "French"}, "grid": "7", "laps": "8", "status": "Oil pressure"}, {"number": "9", "position": "20", "positionText": "R", "points": "0", "Driver": {"driverId": "peter_walker", "url": "http://en.wikipedia.org/wiki/Peter_Walker_(driver)", "givenName": "Peter", "familyName": "Walker", "dateOfBirth": "1912-10-07", "nationality": "British"}, "Constructor": {"constructorId": "era", "url": "http://en.wikipedia.org/wiki/English_Racing_Automobiles", "name": "ERA", "nationality": "British"}, "grid": "10", "laps": "5", "status": "Gearbox"}, {"number": "9", "position": "20", "positionText": "R", "points": "0", "Driver": {"driverId": "rolt", "url": "http://en.wikipedia.org/wiki/Tony_Rolt", "givenName": "Tony", "familyName": "Rolt", "dateOfBirth": "1918-10-16", "nationality": "British"}, "Constructor": {"constructorId": "era", "url": "http://en.wikipedia.org/wiki/English_Racing_Automobiles", "name": "ERA", "nationality": "British"}, "grid": "10", "laps": "5", "status": "Gearbox"}, {"number": "8", "position": "21", "positionText": "R", "points": "0", "Driver": {"driverId": "leslie_johnson", "url": "http://en.wikipedia.org/wiki/Leslie_Johnson_(racing_driver)", "givenName": "Leslie", "familyName": "Johnson", "dateOfBirth": "1912-03-22", "nationality": "British"}, "Constructor": {"constructorId": "era", "url": "http://en.wikipedia.org/wiki/English_Racing_Automobiles", "name": "ERA", "nationality": "British"}, "grid": "12", "laps": "2", "status": "Supercharger"}]}]}}}