{"MRData": {"xmlns": "http://ergast.com/mrd/1.5", "series": "f1", "url": "http://ergast.com/api/f1/1960/1/constructorstandings.json", "limit": "30", "offset": "0", "total": "7", "StandingsTable": {"season": "1960", "round": "1", "StandingsLists": [{"season": "1960", "round": "1", "ConstructorStandings": [{"position": "1", "positionText": "1", "points": "8", "wins": "1", "Constructor": {"constructorId": "cooper-climax", "url": "http://en.wikipedia.org/wiki/Cooper_Car_Company", "name": "Cooper-Climax", "nationality": "British"}}, {"position": "2", "positionText": "2", "points": "6", "wins": "0", "Constructor": {"constructorId": "ferrari", "url": "http://en.wikipedia.org/wiki/Scuderia_Ferrari", "name": "Ferrari", "nationality": "Italian"}}, {"position": "3", "positionText": "3", "points": "3", "wins": "0", "Constructor": {"constructorId": "cooper-maserati", "url": "http://en.wikipedia.org/wiki/Cooper_Car_Company", "name": "Cooper-Maserati", "nationality": "British"}}, {"position": "4", "positionText": "4", "points": "1", "wins": "0", "Constructor": {"constructorId": "team_lotus", "url": "http://en.wikipedia.org/wiki/Team_Lotus", "name": "Team Lotus", "nationality": "British"}}, {"position": "5", "positionText": "5", "points": "0", "wins": "0", "Constructor": {"constructorId": "brm", "url": "http://en.wikipedia.org/wiki/BRM", "name": "BRM", "nationality": "British"}}, {"position": "6", "positionText": "6", "points": "0", "wins": "0", "Constructor": {"constructorId": "behra-porsche", "url": "http://en.wikipedia.org/wiki/Behra-Porsche", "name": "Behra-Porsche", "nationality": "Italian"}}, {"position": "7", "positionText": "7", "points": "0", "wins": "0", "Constructor": {"constructorId": "maserati", "url": "http://en.wikipedia.org/wiki/Maserati", "name": "Maserati", "nationality": "Italian"}}]}]}}}