{"MRData": {"xmlns": "http://ergast.com/mrd/1.5", "series": "f1", "url": "http://ergast.com/api/f1/1960/7/constructorstandings.json", "limit": "30", "offset": "0", "total": "12", "StandingsTable": {"season": "1960", "round": "7", "StandingsLists": [{"season": "1960", "round": "7", "ConstructorStandings": [{"position": "1", "positionText": "1", "points": "46", "wins": "5", "Constructor": {"constructorId": "cooper-climax", "url": "http://en.wikipedia.org/wiki/Cooper_Car_Company", "name": "Cooper-Climax", "nationality": "British"}}, {"position": "2", "positionText": "2", "points": "25", "wins": "1", "Constructor": {"constructorId": "team_lotus", "url": "http://en.wikipedia.org/wiki/Team_Lotus", "name": "Team Lotus", "nationality": "British"}}, {"position": "3", "positionText": "3", "points": "16", "wins": "0", "Constructor": {"constructorId": "ferrari", "url": "http://en.wikipedia.org/wiki/Scuderia_Ferrari", "name": "Ferrari", "nationality": "Italian"}}, {"position": "4", "positionText": "4", "points": "6", "wins": "0", "Constructor": {"constructorId": "brm", "url": "http://en.wikipedia.org/wiki/BRM", "name": "BRM", "nationality": "British"}}, {"position": "5", "positionText": "5", "points": "3", "wins": "0", "Constructor": {"constructorId": "cooper-maserati", "url": "http://en.wikipedia.org/wiki/Cooper_Car_Company", "name": "Cooper-Maserati", "nationality": "British"}}, {"position": "6", "positionText": "6", "points": "0", "wins": "0", "Constructor": {"constructorId": "aston_martin", "url": "http://en.wikipedia.org/wiki/Aston_Martin_in_Formula_One", "name": "Aston Martin", "nationality": "British"}}, {"position": "7", "positionText": "7", "points": "0", "wins": "0", "Constructor": {"constructorId": "behra-porsche", "url": "http://en.wikipedia.org/wiki/Behra-Porsche", "name": "Behra-Porsche", "nationality": "Italian"}}, {"position": "8", "positionText": "8", "points": "0", "wins": "0", "Constructor": {"constructorId": "maserati", "url": "http://en.wikipedia.org/wiki/Maserati", "name": "Maserati", "nationality": "Italian"}}, {"position": "9", "positionText": "9", "points": "0", "wins": "0", "Constructor": {"constructorId": "jbw", "url": "http://en.wikipedia.org/wiki/JBW", "name": "JBW", "nationality": "British"}}, {"position": "10", "positionText": "10", "points": "0", "wins": "0", "Constructor": {"constructorId": "cooper-castellotti", "url": "http://en.wikipedia.org/wiki/Cooper_Car_Company", "name": "Cooper-Castellotti", "nationality": "British"}}, {"position": "11", "positionText": "11", "points": "0", "wins": "0", "Constructor": {"constructorId": "scarab", "url": "http://en.wikipedia.org/wiki/Scarab_(constructor)", "name": "Scarab", "nationality": "American"}}, {"position": "12", "positionText": "12", "points": "0", "wins": "0", "Constructor": {"constructorId": "vanwall", "url": "http://en.wikipedia.org/wiki/Vanwall", "name": "Vanwall", "nationality": "British"}}]}]}}}