{"MRData": {"xmlns": "http://ergast.com/mrd/1.5", "series": "f1", "url": "http://ergast.com/api/f1/1960/8/driverstandings.json", "limit": "30", "offset": "0", "total": "78", "StandingsTable": {"season": "1960", "round": "8", "StandingsLists": [{"season": "1960", "round": "8", "DriverStandings": [{"position": "1", "positionText": "1", "points": "40", "wins": "5", "Driver": {"driverId": "jack_brabham", "url": "http://en.wikipedia.org/wiki/Jack_Brabham", "givenName": "Jack", "familyName": "Brabham", "dateOfBirth": "1926-04-02", "nationality": "Australian"}, "Constructors": [{"constructorId": "cooper-climax", "url": "http://en.wikipedia.org/wiki/Cooper_Car_Company", "name": "Cooper-Climax", "nationality": "British"}]}, {"position": "2", "positionText": "2", "points": "33", "wins": "1", "Driver": {"driverId": "mclaren", "url": "http://en.wikipedia.org/wiki/Bruce_McLaren", "givenName": "Bruce", "familyName": "McLaren", "dateOfBirth": "1937-08-30", "nationality": "New Zealander"}, "Constructors": [{"constructorId": "cooper-climax", "url": "http://en.wikipedia.org/wiki/Cooper_Car_Company", "name": "Cooper-Climax", "nationality": "British"}]}, {"position": "3", "positionText": "3", "points": "12", "wins": "0", "Driver": {"driverId": "ireland", "url": "http://en.wikipedia.org/wiki/Innes_Ireland", "givenName": "Innes", "familyName": "Ireland", "dateOfBirth": "1930-06-12", "nationality": "British"}, "Constructors": [{"constructorId": "team_lotus", "url": "http://en.wikipedia.org/wiki/Team_Lotus", "name": "Team Lotus", "nationality": "British"}]}, {"position": "4", "positionText": "4", "points": "11", "wins": "1", "Driver": {"driverId": "moss", "url": "http://en.wikipedia.org/wiki/Stirling_Moss", "givenName": "Stirling", "familyName": "Moss", "dateOfBirth": "1929-09-17", "nationality": "British"}, "Constructors": [{"constructorId": "cooper-climax", "url": "http://en.wikipedia.org/wiki/Cooper_Car_Company", "name": "Cooper-Climax", "nationality": "British"}, {"constructorId": "team_lotus", "url": "http://en.wikipedia.org/wiki/Team_Lotus", "name": "Team Lotus", "nationality": "British"}]}, {"position": "5", "positionText": "5", "points": "10", "wins": "0", "Driver": {"driverId": "gendebien", "url": "http://en.wikipedia.org/wiki/Olivier_Gendebien", "givenName": "Olivier", "familyName": "Gendebien", "dateOfBirth": "1924-01-12", "nationality": "Belgian"}, "Constructors": [{"constructorId": "cooper-climax", "url": "http://en.wikipedia.org/wiki/Cooper_Car_Company", "name": "Cooper-Climax", "nationality": "British"}]}, {"position": "6", "positionText": "6", "points": "8", "wins": "1", "Driver": {"driverId": "rathmann", "url": "http://en.wikipedia.org/wiki/Jim_Rathmann", "givenName": "Jim", "familyName": "Rathmann", "dateOfBirth": "1928-07-16", "nationality": "American"}, "Constructors": [{"constructorId": "watson", "url": "http://en.wikipedia.org/wiki/A.J._Watson", "name": "Watson", "nationality": "American"}]}, {"position": "7", "positionText": "7", "points": "8", "wins": "0", "Driver": {"driverId": "clark", "url": "http://en.wikipedia.org/wiki/Jim_Clark", "givenName": "Jim", "familyName": "Clark", "dateOfBirth": "1936-03-04", "nationality": "British"}, "Constructors": [{"constructorId": "team_lotus", "url": "http://en.wikipedia.org/wiki/Team_Lotus", "name": "Team Lotus", "nationality": "British"}]}, {"position": "8", "positionText": "8", "points": "8", "wins": "0", "Driver": {"driverId": "trips", "url": "http://en.wikipedia.org/wiki/Wolfgang_Graf_Berghe_von_Trips", "givenName": "Wolfgang", "familyName": "von Trips", "dateOfBirth": "1928-05-04", "nationality": "German"}, "Constructors": [{"constructorId": "ferrari", "url": "http://en.wikipedia.org/wiki/Scuderia_Ferrari", "name": "Ferrari", "nationality": "Italian"}]}, {"position": "9", "positionText": "9", "points": "7", "wins": "0", "Driver": {"driverId": "phil_hill", "url": "http://en.wikipedia.org/wiki/Phil_Hill", "givenName": "Phil", "familyName": "Hill", "dateOfBirth": "1927-04-20", "nationality": "American"}, "Constructors": [{"constructorId": "ferrari", "url": "http://en.wikipedia.org/wiki/Scuderia_Ferrari", "name": "Ferrari", "nationality": "Italian"}]}, {"position": "10", "positionText": "10", "points": "7", "wins": "0", "Driver": {"driverId": "brooks", "url": "http://en.wikipedia.org/wiki/Tony_Brooks", "givenName": "Tony", "familyName": "Brooks", "dateOfBirth": "1932-02-25", "nationality": "British"}, "Constructors": [{"constructorId": "cooper-climax", "url": "http://en.wikipedia.org/wiki/Cooper_Car_Company", "name": "Cooper-Climax", "nationality": "British"}, {"constructorId": "vanwall", "url": "http://en.wikipedia.org/wiki/Vanwall", "name": "Vanwall", "nationality": "British"}]}, {"position": "11", "positionText": "11", "points": "6", "wins": "0", "Driver": {"driverId": "surtees", "url": "http://en.wikipedia.org/wiki/John_Surtees", "givenName": "John", "familyName": "Surtees", "dateOfBirth": "1934-02-11", "nationality": "British"}, "Constructors": [{"constructorId": "team_lotus", "url": "http://en.wikipedia.org/wiki/Team_Lotus", "name": "Team Lotus", "nationality": "British"}]}, {"position": "12", "positionText": "12", "points": "6", "wins": "0", "Driver": {"driverId": "allison", "url": "http://en.wikipedia.org/wiki/Cliff_Allison", "givenName": "Cliff", "familyName": "Allison", "dateOfBirth": "1932-02-08", "nationality": "British"}, "Constructors": [{"constructorId": "ferrari", "url": "http://en.wikipedia.org/wiki/Scuderia_Ferrari", "name": "Ferrari", "nationality": "Italian"}]}, {"position": "13", "positionText": "13", "points": "6", "wins": "0", "Driver": {"driverId": "ward", "url": "http://en.wikipedia.org/wiki/Rodger_Ward", "givenName": "Rodger", "familyName": "Ward", "dateOfBirth": "1921-01-10", "nationality": "American"}, "Constructors": [{"constructorId": "watson", "url": "http://en.wikipedia.org/wiki/A.J._Watson", "name": "Watson", "nationality": "American"}]}, {"position": "14", "positionText": "14", "points": "4", "wins": "0", "Driver": {"driverId": "hill", "url": "http://en.wikipedia.org/wiki/Graham_Hill", "givenName": "Graham", "familyName": "Hill", "dateOfBirth": "1929-02-15", "nationality": "British"}, "Constructors": [{"constructorId": "brm", "url": "http://en.wikipedia.org/wiki/BRM", "name": "BRM", "nationality": "British"}]}, {"position": "15", "positionText": "15", "points": "4", "wins": "0", "Driver": {"driverId": "goldsmith", "url": "http://en.wikipedia.org/wiki/Paul_Goldsmith", "givenName": "Paul", "familyName": "Goldsmith", "dateOfBirth": "1925-10-02", "nationality": "American"}, "Constructors": [{"constructorId": "epperly", "url": "http://en.wikipedia.org/wiki/Epperly", "name": "Epperly", "nationality": "American"}]}, {"position": "16", "positionText": "16", "points": "3", "wins": "0", "Driver": {"driverId": "henry_taylor", "url": "http://en.wikipedia.org/wiki/Henry_Taylor_(racing_driver)", "givenName": "Henry", "familyName": "Taylor", "dateOfBirth": "1932-12-16", "nationality": "British"}, "Constructors": [{"constructorId": "cooper-climax", "url": "http://en.wikipedia.org/wiki/Cooper_Car_Company", "name": "Cooper-Climax", "nationality": "British"}]}, {"position": "17", "positionText": "17", "points": "3", "wins": "0", "Driver": {"driverId": "branson", "url": "http://en.wikipedia.org/wiki/Don_Branson", "givenName": "Don", "familyName": "Branson", "dateOfBirth": "1920-06-02", "nationality": "American"}, "Constructors": [{"constructorId": "phillips", "url": "http://en.wikipedia.org/wiki/Phillips_(constructor)", "name": "Phillips", "nationality": "American"}]}, {"position": "18", "positionText": "18", "points": "3", "wins": "0", "Driver": {"driverId": "menditeguy", "url": "http://en.wikipedia.org/wiki/Carlos_Menditeguy", "givenName": "Carlos", "familyName": "Menditeguy", "dateOfBirth": "1914-08-10", "nationality": "Argentine"}, "Constructors": [{"constructorId": "cooper-maserati", "url": "http://en.wikipedia.org/wiki/Cooper_Car_Company", "name": "Cooper-Maserati", "nationality": "British"}]}, {"position": "19", "positionText": "19", "points": "2", "wins": "0", "Driver": {"driverId": "bonnier", "url": "http://en.wikipedia.org/wiki/Joakim_Bonnier", "givenName": "Jo", "familyName": "Bonnier", "dateOfBirth": "1930-01-31", "nationality": "Swedish"}, "Constructors": [{"constructorId": "brm", "url": "http://en.wikipedia.org/wiki/BRM", "name": "BRM", "nationality": "British"}]}, {"position": "20", "positionText": "20", "points": "2", "wins": "0", "Driver": {"driverId": "thomson", "url": "http://en.wikipedia.org/wiki/Johnny_Thomson", "givenName": "Johnny", "familyName": "Thomson", "dateOfBirth": "1922-04-09", "nationality": "American"}, "Constructors": [{"constructorId": "lesovsky", "url": "http://en.wikipedia.org/wiki/Lesovsky", "name": "Lesovsky", "nationality": "American"}]}, {"position": "21", "positionText": "21", "points": "2", "wins": "0", "Driver": {"driverId": "ginther", "url": "http://en.wikipedia.org/wiki/Richie_Ginther", "givenName": "Richie", "familyName": "Ginther", "dateOfBirth": "1930-08-05", "nationality": "American"}, "Constructors": [{"constructorId": "ferrari", "url": "http://en.wikipedia.org/wiki/Scuderia_Ferrari", "name": "Ferrari", "nationality": "Italian"}, {"constructorId": "scarab", "url": "http://en.wikipedia.org/wiki/Scarab_(constructor)", "name": "Scarab", "nationality": "American"}]}, {"position": "22", "positionText": "22", "points": "1", "wins": "0", "Driver": {"driverId": "bianchi", "code": "BIA", "url": "http://en.wikipedia.org/wiki/Lucien_Bianchi", "givenName": "Lucien", "familyName": "Bianchi", "dateOfBirth": "1934-11-10", "nationality": "Belgian"}, "Constructors": [{"constructorId": "cooper-climax", "url": "http://en.wikipedia.org/wiki/Cooper_Car_Company", "name": "Cooper-Climax", "nationality": "British"}]}, {"position": "23", "positionText": "23", "points": "1", "wins": "0", "Driver": {"driverId": "flockhart", "url": "http://en.wikipedia.org/wiki/Ron_Flockhart_(auto_racing)", "givenName": "Ron", "familyName": "Flockhart", "dateOfBirth": "1923-06-16", "nationality": "British"}, "Constructors": [{"constructorId": "team_lotus", "url": "http://en.wikipedia.org/wiki/Team_Lotus", "name": "Team Lotus", "nationality": "British"}]}, {"position": "24", "positionText": "24", "points": "1", "wins": "0", "Driver": {"driverId": "johnson", "url": "http://en.wikipedia.org/wiki/Eddie_Johnson_(auto_racer)", "givenName": "Eddie", "familyName": "Johnson", "dateOfBirth": "1919-02-10", "nationality": "American"}, "Constructors": [{"constructorId": "trevis", "url": "http://en.wikipedia.org/wiki/Trevis", "name": "Trevis", "nationality": "American"}]}, {"position": "25", "positionText": "25", "points": "0", "wins": "0", "Driver": {"driverId": "trintignant", "url": "http://en.wikipedia.org/wiki/Maurice_Trintignant", "givenName": "Maurice", "familyName": "Trintignant", "dateOfBirth": "1917-10-30", "nationality": "French"}, "Constructors": [{"constructorId": "cooper-climax", "url": "http://en.wikipedia.org/wiki/Cooper_Car_Company", "name": "Cooper-Climax", "nationality": "British"}, {"constructorId": "cooper-maserati", "url": "http://en.wikipedia.org/wiki/Cooper_Car_Company", "name": "Cooper-Maserati", "nationality": "British"}, {"constructorId": "aston_martin", "url": "http://en.wikipedia.org/wiki/Aston_Martin_in_Formula_One", "name": "Aston Martin", "nationality": "British"}]}, {"position": "26", "positionText": "26", "points": "0", "wins": "0", "Driver": {"driverId": "ruby", "url": "http://en.wikipedia.org/wiki/Lloyd_Ruby", "givenName": "Lloyd", "familyName": "Ruby", "dateOfBirth": "1928-01-12", "nationality": "American"}, "Constructors": [{"constructorId": "watson", "url": "http://en.wikipedia.org/wiki/A.J._Watson", "name": "Watson", "nationality": "American"}]}, {"position": "27", "positionText": "27", "points": "0", "wins": "0", "Driver": {"driverId": "halford", "url": "http://en.wikipedia.org/wiki/Bruce_Halford", "givenName": "Bruce", "familyName": "Halford", "dateOfBirth": "1931-05-18", "nationality": "British"}, "Constructors": [{"constructorId": "cooper-climax", "url": "http://en.wikipedia.org/wiki/Cooper_Car_Company", "name": "Cooper-Climax", "nationality": "British"}]}, {"position": "28", "positionText": "28", "points": "0", "wins": "0", "Driver": {"driverId": "beaufort", "url": "http://en.wikipedia.org/wiki/Carel_Godin_de_Beaufort", "givenName": "Carel Godin", "familyName": "de Beaufort", "dateOfBirth": "1934-04-10", "nationality": "Dutch"}, "Constructors": [{"constructorId": "cooper-climax", "url": "http://en.wikipedia.org/wiki/Cooper_Car_Company", "name": "Cooper-Climax", "nationality": "British"}]}, {"position": "29", "positionText": "29", "points": "0", "wins": "0", "Driver": {"driverId": "veith", "url": "http://en.wikipedia.org/wiki/Bob_Veith", "givenName": "Bob", "familyName": "Veith", "dateOfBirth": "1926-11-01", "nationality": "American"}, "Constructors": [{"constructorId": "meskowski", "url": "http://en.wikipedia.org/wiki/Meskowski", "name": "Meskowski", "nationality": "American"}]}, {"position": "30", "positionText": "30", "points": "0", "wins": "0", "Driver": {"driverId": "gregory", "url": "http://en.wikipedia.org/wiki/Masten_Gregory", "givenName": "Masten", "familyName": "Gregory", "dateOfBirth": "1932-02-29", "nationality": "American"}, "Constructors": [{"constructorId": "behra-porsche", "url": "http://en.wikipedia.org/wiki/Behra-Porsche", "name": "Behra-Porsche", "nationality": "Italian"}, {"constructorId": "cooper-maserati", "url": "http://en.wikipedia.org/wiki/Cooper_Car_Company", "name": "Cooper-Maserati", "nationality": "British"}]}]}]}}}