{"MRData": {"xmlns": "http://ergast.com/mrd/1.5", "series": "f1", "url": "http://ergast.com/api/f1/1960/3/driverstandings.json", "limit": "30", "offset": "0", "total": "66", "StandingsTable": {"season": "1960", "round": "3", "StandingsLists": [{"season": "1960", "round": "3", "DriverStandings": [{"position": "1", "positionText": "1", "points": "14", "wins": "1", "Driver": {"driverId": "mclaren", "url": "http://en.wikipedia.org/wiki/Bruce_McLaren", "givenName": "Bruce", "familyName": "McLaren", "dateOfBirth": "1937-08-30", "nationality": "New Zealander"}, "Constructors": [{"constructorId": "cooper-climax", "url": "http://en.wikipedia.org/wiki/Cooper_Car_Company", "name": "Cooper-Climax", "nationality": "British"}]}, {"position": "2", "positionText": "2", "points": "8", "wins": "1", "Driver": {"driverId": "moss", "url": "http://en.wikipedia.org/wiki/Stirling_Moss", "givenName": "Stirling", "familyName": "Moss", "dateOfBirth": "1929-09-17", "nationality": "British"}, "Constructors": [{"constructorId": "cooper-climax", "url": "http://en.wikipedia.org/wiki/Cooper_Car_Company", "name": "Cooper-Climax", "nationality": "British"}, {"constructorId": "team_lotus", "url": "http://en.wikipedia.org/wiki/Team_Lotus", "name": "Team Lotus", "nationality": "British"}]}, {"position": "3", "positionText": "3", "points": "8", "wins": "1", "Driver": {"driverId": "rathmann", "url": "http://en.wikipedia.org/wiki/Jim_Rathmann", "givenName": "Jim", "familyName": "Rathmann", "dateOfBirth": "1928-07-16", "nationality": "American"}, "Constructors": [{"constructorId": "watson", "url": "http://en.wikipedia.org/wiki/A.J._Watson", "name": "Watson", "nationality": "American"}]}, {"position": "4", "positionText": "4", "points": "6", "wins": "0", "Driver": {"driverId": "allison", "url": "http://en.wikipedia.org/wiki/Cliff_Allison", "givenName": "Cliff", "familyName": "Allison", "dateOfBirth": "1932-02-08", "nationality": "British"}, "Constructors": [{"constructorId": "ferrari", "url": "http://en.wikipedia.org/wiki/Scuderia_Ferrari", "name": "Ferrari", "nationality": "Italian"}]}, {"position": "5", "positionText": "5", "points": "6", "wins": "0", "Driver": {"driverId": "ward", "url": "http://en.wikipedia.org/wiki/Rodger_Ward", "givenName": "Rodger", "familyName": "Ward", "dateOfBirth": "1921-01-10", "nationality": "American"}, "Constructors": [{"constructorId": "watson", "url": "http://en.wikipedia.org/wiki/A.J._Watson", "name": "Watson", "nationality": "American"}]}, {"position": "6", "positionText": "6", "points": "4", "wins": "0", "Driver": {"driverId": "phil_hill", "url": "http://en.wikipedia.org/wiki/Phil_Hill", "givenName": "Phil", "familyName": "Hill", "dateOfBirth": "1927-04-20", "nationality": "American"}, "Constructors": [{"constructorId": "ferrari", "url": "http://en.wikipedia.org/wiki/Scuderia_Ferrari", "name": "Ferrari", "nationality": "Italian"}]}, {"position": "7", "positionText": "7", "points": "4", "wins": "0", "Driver": {"driverId": "goldsmith", "url": "http://en.wikipedia.org/wiki/Paul_Goldsmith", "givenName": "Paul", "familyName": "Goldsmith", "dateOfBirth": "1925-10-02", "nationality": "American"}, "Constructors": [{"constructorId": "epperly", "url": "http://en.wikipedia.org/wiki/Epperly", "name": "Epperly", "nationality": "American"}]}, {"position": "8", "positionText": "8", "points": "3", "wins": "0", "Driver": {"driverId": "branson", "url": "http://en.wikipedia.org/wiki/Don_Branson", "givenName": "Don", "familyName": "Branson", "dateOfBirth": "1920-06-02", "nationality": "American"}, "Constructors": [{"constructorId": "phillips", "url": "http://en.wikipedia.org/wiki/Phillips_(constructor)", "name": "Phillips", "nationality": "American"}]}, {"position": "9", "positionText": "9", "points": "3", "wins": "0", "Driver": {"driverId": "brooks", "url": "http://en.wikipedia.org/wiki/Tony_Brooks", "givenName": "Tony", "familyName": "Brooks", "dateOfBirth": "1932-02-25", "nationality": "British"}, "Constructors": [{"constructorId": "cooper-climax", "url": "http://en.wikipedia.org/wiki/Cooper_Car_Company", "name": "Cooper-Climax", "nationality": "British"}]}, {"position": "10", "positionText": "10", "points": "3", "wins": "0", "Driver": {"driverId": "menditeguy", "url": "http://en.wikipedia.org/wiki/Carlos_Menditeguy", "givenName": "Carlos", "familyName": "Menditeguy", "dateOfBirth": "1914-08-10", "nationality": "Argentine"}, "Constructors": [{"constructorId": "cooper-maserati", "url": "http://en.wikipedia.org/wiki/Cooper_Car_Company", "name": "Cooper-Maserati", "nationality": "British"}]}, {"position": "11", "positionText": "11", "points": "2", "wins": "0", "Driver": {"driverId": "bonnier", "url": "http://en.wikipedia.org/wiki/Joakim_Bonnier", "givenName": "Jo", "familyName": "Bonnier", "dateOfBirth": "1930-01-31", "nationality": "Swedish"}, "Constructors": [{"constructorId": "brm", "url": "http://en.wikipedia.org/wiki/BRM", "name": "BRM", "nationality": "British"}]}, {"position": "12", "positionText": "12", "points": "2", "wins": "0", "Driver": {"driverId": "trips", "url": "http://en.wikipedia.org/wiki/Wolfgang_Graf_Berghe_von_Trips", "givenName": "Wolfgang", "familyName": "von Trips", "dateOfBirth": "1928-05-04", "nationality": "German"}, "Constructors": [{"constructorId": "ferrari", "url": "http://en.wikipedia.org/wiki/Scuderia_Ferrari", "name": "Ferrari", "nationality": "Italian"}]}, {"position": "13", "positionText": "13", "points": "2", "wins": "0", "Driver": {"driverId": "thomson", "url": "http://en.wikipedia.org/wiki/Johnny_Thomson", "givenName": "Johnny", "familyName": "Thomson", "dateOfBirth": "1922-04-09", "nationality": "American"}, "Constructors": [{"constructorId": "lesovsky", "url": "http://en.wikipedia.org/wiki/Lesovsky", "name": "Lesovsky", "nationality": "American"}]}, {"position": "14", "positionText": "14", "points": "1", "wins": "0", "Driver": {"driverId": "ireland", "url": "http://en.wikipedia.org/wiki/Innes_Ireland", "givenName": "Innes", "familyName": "Ireland", "dateOfBirth": "1930-06-12", "nationality": "British"}, "Constructors": [{"constructorId": "team_lotus", "url": "http://en.wikipedia.org/wiki/Team_Lotus", "name": "Team Lotus", "nationality": "British"}]}, {"position": "15", "positionText": "15", "points": "1", "wins": "0", "Driver": {"driverId": "ginther", "url": "http://en.wikipedia.org/wiki/Richie_Ginther", "givenName": "Richie", "familyName": "Ginther", "dateOfBirth": "1930-08-05", "nationality": "American"}, "Constructors": [{"constructorId": "ferrari", "url": "http://en.wikipedia.org/wiki/Scuderia_Ferrari", "name": "Ferrari", "nationality": "Italian"}]}, {"position": "16", "positionText": "16", "points": "1", "wins": "0", "Driver": {"driverId": "johnson", "url": "http://en.wikipedia.org/wiki/Eddie_Johnson_(auto_racer)", "givenName": "Eddie", "familyName": "Johnson", "dateOfBirth": "1919-02-10", "nationality": "American"}, "Constructors": [{"constructorId": "trevis", "url": "http://en.wikipedia.org/wiki/Trevis", "name": "Trevis", "nationality": "American"}]}, {"position": "17", "positionText": "17", "points": "0", "wins": "0", "Driver": {"driverId": "trintignant", "url": "http://en.wikipedia.org/wiki/Maurice_Trintignant", "givenName": "Maurice", "familyName": "Trintignant", "dateOfBirth": "1917-10-30", "nationality": "French"}, "Constructors": [{"constructorId": "cooper-climax", "url": "http://en.wikipedia.org/wiki/Cooper_Car_Company", "name": "Cooper-Climax", "nationality": "British"}, {"constructorId": "cooper-maserati", "url": "http://en.wikipedia.org/wiki/Cooper_Car_Company", "name": "Cooper-Maserati", "nationality": "British"}]}, {"position": "18", "positionText": "18", "points": "0", "wins": "0", "Driver": {"driverId": "hill", "url": "http://en.wikipedia.org/wiki/Graham_Hill", "givenName": "Graham", "familyName": "Hill", "dateOfBirth": "1929-02-15", "nationality": "British"}, "Constructors": [{"constructorId": "brm", "url": "http://en.wikipedia.org/wiki/BRM", "name": "BRM", "nationality": "British"}]}, {"position": "19", "positionText": "19", "points": "0", "wins": "0", "Driver": {"driverId": "ruby", "url": "http://en.wikipedia.org/wiki/Lloyd_Ruby", "givenName": "Lloyd", "familyName": "Ruby", "dateOfBirth": "1928-01-12", "nationality": "American"}, "Constructors": [{"constructorId": "watson", "url": "http://en.wikipedia.org/wiki/A.J._Watson", "name": "Watson", "nationality": "American"}]}, {"position": "20", "positionText": "20", "points": "0", "wins": "0", "Driver": {"driverId": "veith", "url": "http://en.wikipedia.org/wiki/Bob_Veith", "givenName": "Bob", "familyName": "Veith", "dateOfBirth": "1926-11-01", "nationality": "American"}, "Constructors": [{"constructorId": "meskowski", "url": "http://en.wikipedia.org/wiki/Meskowski", "name": "Meskowski", "nationality": "American"}]}, {"position": "21", "positionText": "21", "points": "0", "wins": "0", "Driver": {"driverId": "larreta", "url": "http://en.wikipedia.org/wiki/Alberto_Rodriguez_Larreta", "givenName": "Alberto Rodriguez", "familyName": "Larreta", "dateOfBirth": "1934-01-14", "nationality": "Argentine"}, "Constructors": [{"constructorId": "team_lotus", "url": "http://en.wikipedia.org/wiki/Team_Lotus", "name": "Team Lotus", "nationality": "British"}]}, {"position": "22", "positionText": "22", "points": "0", "wins": "0", "Driver": {"driverId": "tingelstad", "url": "http://en.wikipedia.org/wiki/Bud_Tingelstad", "givenName": "Bud", "familyName": "Tingelstad", "dateOfBirth": "1928-04-04", "nationality": "American"}, "Constructors": [{"constructorId": "trevis", "url": "http://en.wikipedia.org/wiki/Trevis", "name": "Trevis", "nationality": "American"}]}, {"position": "23", "positionText": "23", "points": "0", "wins": "0", "Driver": {"driverId": "christie", "url": "http://en.wikipedia.org/wiki/Bob_Christie_(racing_driver)", "givenName": "Bob", "familyName": "Christie", "dateOfBirth": "1924-04-04", "nationality": "American"}, "Constructors": [{"constructorId": "kurtis_kraft", "url": "http://en.wikipedia.org/wiki/Kurtis_Kraft", "name": "Kurtis Kraft", "nationality": "American"}]}, {"position": "24", "positionText": "24", "points": "0", "wins": "0", "Driver": {"driverId": "gonzalez", "url": "http://en.wikipedia.org/wiki/Jos%C3%A9_Froil%C3%A1n_Gonz%C3%A1lez", "givenName": "Jos\u00e9 Froil\u00e1n", "familyName": "Gonz\u00e1lez", "dateOfBirth": "1922-10-05", "nationality": "Argentine"}, "Constructors": [{"constructorId": "ferrari", "url": "http://en.wikipedia.org/wiki/Scuderia_Ferrari", "name": "Ferrari", "nationality": "Italian"}]}, {"position": "25", "positionText": "25", "points": "0", "wins": "0", "Driver": {"driverId": "amick", "url": "http://en.wikipedia.org/wiki/Red_Amick", "givenName": "Red", "familyName": "Amick", "dateOfBirth": "1929-01-19", "nationality": "American"}, "Constructors": [{"constructorId": "epperly", "url": "http://en.wikipedia.org/wiki/Epperly", "name": "Epperly", "nationality": "American"}]}, {"position": "26", "positionText": "26", "points": "0", "wins": "0", "Driver": {"driverId": "bonomi", "url": "http://en.wikipedia.org/wiki/Roberto_Bonomi", "givenName": "Roberto", "familyName": "Bonomi", "dateOfBirth": "1919-09-30", "nationality": "Argentine"}, "Constructors": [{"constructorId": "cooper-maserati", "url": "http://en.wikipedia.org/wiki/Cooper_Car_Company", "name": "Cooper-Maserati", "nationality": "British"}]}, {"position": "27", "positionText": "27", "points": "0", "wins": "0", "Driver": {"driverId": "gregory", "url": "http://en.wikipedia.org/wiki/Masten_Gregory", "givenName": "Masten", "familyName": "Gregory", "dateOfBirth": "1932-02-29", "nationality": "American"}, "Constructors": [{"constructorId": "behra-porsche", "url": "http://en.wikipedia.org/wiki/Behra-Porsche", "name": "Behra-Porsche", "nationality": "Italian"}, {"constructorId": "cooper-maserati", "url": "http://en.wikipedia.org/wiki/Cooper_Car_Company", "name": "Cooper-Maserati", "nationality": "British"}]}, {"position": "28", "positionText": "28", "points": "0", "wins": "0", "Driver": {"driverId": "darter", "url": "http://en.wikipedia.org/wiki/Duane_Carter", "givenName": "Duane", "familyName": "Carter", "dateOfBirth": "1913-05-05", "nationality": "American"}, "Constructors": [{"constructorId": "kuzma", "url": "http://en.wikipedia.org/wiki/Kuzma_(constructor)", "name": "Kuzma", "nationality": "American"}]}, {"position": "29", "positionText": "29", "points": "0", "wins": "0", "Driver": {"driverId": "homeier", "url": "http://en.wikipedia.org/wiki/Bill_Homeier", "givenName": "Bill", "familyName": "Homeier", "dateOfBirth": "1918-08-31", "nationality": "American"}, "Constructors": [{"constructorId": "kuzma", "url": "http://en.wikipedia.org/wiki/Kuzma_(constructor)", "name": "Kuzma", "nationality": "American"}]}, {"position": "30", "positionText": "30", "points": "0", "wins": "0", "Driver": {"driverId": "munaron", "url": "http://en.wikipedia.org/wiki/Gino_Munaron", "givenName": "Gino", "familyName": "Munaron", "dateOfBirth": "1928-04-02", "nationality": "Italian"}, "Constructors": [{"constructorId": "maserati", "url": "http://en.wikipedia.org/wiki/Maserati", "name": "Maserati", "nationality": "Italian"}]}]}]}}}