{"MRData": {"xmlns": "http://ergast.com/mrd/1.5", "series": "f1", "url": "http://ergast.com/api/f1/1960/4/results.json", "limit": "30", "offset": "0", "total": "21", "RaceTable": {"season": "1960", "round": "4", "Races": [{"season": "1960", "round": "4", "url": "http://en.wikipedia.org/wiki/1960_Dutch_Grand_Prix", "raceName": "Dutch Grand Prix", "Circuit": {"circuitId": "zandvoort", "url": "http://en.wikipedia.org/wiki/Circuit_Zandvoort", "circuitName": "Circuit Park Zandvoort", "Location": {"lat": "52.3888", "long": "4.54092", "locality": "Zandvoort", "country": "Netherlands"}}, "date": "1960-06-06", "Results": [{"number": "11", "position": "1", "positionText": "1", "points": "8", "Driver": {"driverId": "jack_brabham", "url": "http://en.wikipedia.org/wiki/Jack_Brabham", "givenName": "Jack", "familyName": "Brabham", "dateOfBirth": "1926-04-02", "nationality": "Australian"}, "Constructor": {"constructorId": "cooper-climax", "url": "http://en.wikipedia.org/wiki/Cooper_Car_Company", "name": "Cooper-Climax", "nationality": "British"}, "grid": "2", "laps": "75", "status": "Finished", "Time": {"millis": "7307200", "time": "2:01:47.2"}}, {"number": "4", "position": "2", "positionText": "2", "points": "6", "Driver": {"driverId": "ireland", "url": "http://en.wikipedia.org/wiki/Innes_Ireland", "givenName": "Innes", "familyName": "Ireland", "dateOfBirth": "1930-06-12", "nationality": "British"}, "Constructor": {"constructorId": "team_lotus", "url": "http://en.wikipedia.org/wiki/Team_Lotus", "name": "Team Lotus", "nationality": "British"}, "grid": "3", "laps": "75", "status": "Finished", "Time": {"millis": "7331200", "time": "+24.0"}}, {"number": "16", "position": "3", "positionText": "3", "points": "4", "Driver": {"driverId": "hill", "url": "http://en.wikipedia.org/wiki/Graham_Hill", "givenName": "Graham", "familyName": "Hill", "dateOfBirth": "1929-02-15", "nationality": "British"}, "Constructor": {"constructorId": "brm", "url": "http://en.wikipedia.org/wiki/BRM", "name": "BRM", "nationality": "British"}, "grid": "5", "laps": "75", "status": "Finished", "Time": {"millis": "7363800", "time": "+56.6"}}, {"number": "7", "position": "4", "positionText": "4", "points": "3", "Driver": {"driverId": "moss", "url": "http://en.wikipedia.org/wiki/Stirling_Moss", "givenName": "Stirling", "familyName": "Moss", "dateOfBirth": "1929-09-17", "nationality": "British"}, "Constructor": {"constructorId": "team_lotus", "url": "http://en.wikipedia.org/wiki/Team_Lotus", "name": "Team Lotus", "nationality": "British"}, "grid": "1", "laps": "75", "status": "Finished", "Time": {"millis": "7364900", "time": "+57.7"}}, {"number": "2", "position": "5", "positionText": "5", "points": "2", "Driver": {"driverId": "trips", "url": "http://en.wikipedia.org/wiki/Wolfgang_Graf_Berghe_von_Trips", "givenName": "Wolfgang", "familyName": "von Trips", "dateOfBirth": "1928-05-04", "nationality": "German"}, "Constructor": {"constructorId": "ferrari", "url": "http://en.wikipedia.org/wiki/Scuderia_Ferrari", "name": "Ferrari", "nationality": "Italian"}, "grid": "15", "laps": "74", "status": "+1 Lap"}, {"number": "3", "position": "6", "positionText": "6", "points": "1", "Driver": {"driverId": "ginther", "url": "http://en.wikipedia.org/wiki/Richie_Ginther", "givenName": "Richie", "familyName": "Ginther", "dateOfBirth": "1930-08-05", "nationality": "American"}, "Constructor": {"constructorId": "ferrari", "url": "http://en.wikipedia.org/wiki/Scuderia_Ferrari", "name": "Ferrari", "nationality": "Italian"}, "grid": "12", "laps": "74", "status": "+1 Lap"}, {"number": "10", "position": "7", "positionText": "7", "points": "0", "Driver": {"driverId": "henry_taylor", "url": "http://en.wikipedia.org/wiki/Henry_Taylor_(racing_driver)", "givenName": "Henry", "familyName": "Taylor", "dateOfBirth": "1932-12-16", "nationality": "British"}, "Constructor": {"constructorId": "cooper-climax", "url": "http://en.wikipedia.org/wiki/Cooper_Car_Company", "name": "Cooper-Climax", "nationality": "British"}, "grid": "14", "laps": "78", "status": "+5 Laps"}, {"number": "20", "position": "8", "positionText": "8", "points": "0", "Driver": {"driverId": "beaufort", "url": "http://en.wikipedia.org/wiki/Carel_Godin_de_Beaufort", "givenName": "Carel Godin", "familyName": "de Beaufort", "dateOfBirth": "1934-04-10", "nationality": "Dutch"}, "Constructor": {"constructorId": "cooper-climax", "url": "http://en.wikipedia.org/wiki/Cooper_Car_Company", "name": "Cooper-Climax", "nationality": "British"}, "grid": "18", "laps": "69", "status": "+6 Laps"}, {"number": "5", "position": "9", "positionText": "R", "points": "0", "Driver": {"driverId": "stacey", "url": "http://en.wikipedia.org/wiki/Alan_Stacey", "givenName": "Alan", "familyName": "Stacey", "dateOfBirth": "1933-08-29", "nationality": "British"}, "Constructor": {"constructorId": "team_lotus", "url": "http://en.wikipedia.org/wiki/Team_Lotus", "name": "Team Lotus", "nationality": "British"}, "grid": "8", "laps": "57", "status": "Transmission"}, {"number": "14", "position": "10", "positionText": "R", "points": "0", "Driver": {"driverId": "bonnier", "url": "http://en.wikipedia.org/wiki/Joakim_Bonnier", "givenName": "Jo", "familyName": "Bonnier", "dateOfBirth": "1930-01-31", "nationality": "Swedish"}, "Constructor": {"constructorId": "brm", "url": "http://en.wikipedia.org/wiki/BRM", "name": "BRM", "nationality": "British"}, "grid": "4", "laps": "54", "status": "Engine"}, {"number": "1", "position": "11", "positionText": "R", "points": "0", "Driver": {"driverId": "phil_hill", "url": "http://en.wikipedia.org/wiki/Phil_Hill", "givenName": "Phil", "familyName": "Hill", "dateOfBirth": "1927-04-20", "nationality": "American"}, "Constructor": {"constructorId": "ferrari", "url": "http://en.wikipedia.org/wiki/Scuderia_Ferrari", "name": "Ferrari", "nationality": "Italian"}, "grid": "13", "laps": "54", "status": "Engine"}, {"number": "6", "position": "12", "positionText": "R", "points": "0", "Driver": {"driverId": "clark", "url": "http://en.wikipedia.org/wiki/Jim_Clark", "givenName": "Jim", "familyName": "Clark", "dateOfBirth": "1936-03-04", "nationality": "British"}, "Constructor": {"constructorId": "team_lotus", "url": "http://en.wikipedia.org/wiki/Team_Lotus", "name": "Team Lotus", "nationality": "British"}, "grid": "11", "laps": "42", "status": "Transmission"}, {"number": "18", "position": "13", "positionText": "R", "points": "0", "Driver": {"driverId": "trintignant", "url": "http://en.wikipedia.org/wiki/Maurice_Trintignant", "givenName": "Maurice", "familyName": "Trintignant", "dateOfBirth": "1917-10-30", "nationality": "French"}, "Constructor": {"constructorId": "cooper-maserati", "url": "http://en.wikipedia.org/wiki/Cooper_Car_Company", "name": "Cooper-Maserati", "nationality": "British"}, "grid": "17", "laps": "39", "status": "Gearbox"}, {"number": "15", "position": "14", "positionText": "R", "points": "0", "Driver": {"driverId": "gurney", "url": "http://en.wikipedia.org/wiki/Dan_Gurney", "givenName": "Dan", "familyName": "Gurney", "dateOfBirth": "1931-04-13", "nationality": "American"}, "Constructor": {"constructorId": "brm", "url": "http://en.wikipedia.org/wiki/BRM", "name": "BRM", "nationality": "British"}, "grid": "6", "laps": "11", "status": "Accident"}, {"number": "8", "position": "15", "positionText": "R", "points": "0", "Driver": {"driverId": "bristow", "url": "http://en.wikipedia.org/wiki/Chris_Bristow", "givenName": "Chris", "familyName": "Bristow", "dateOfBirth": "1937-12-02", "nationality": "British"}, "Constructor": {"constructorId": "cooper-climax", "url": "http://en.wikipedia.org/wiki/Cooper_Car_Company", "name": "Cooper-Climax", "nationality": "British"}, "grid": "7", "laps": "9", "status": "Engine"}, {"number": "12", "position": "16", "positionText": "R", "points": "0", "Driver": {"driverId": "mclaren", "url": "http://en.wikipedia.org/wiki/Bruce_McLaren", "givenName": "Bruce", "familyName": "McLaren", "dateOfBirth": "1937-08-30", "nationality": "New Zealander"}, "Constructor": {"constructorId": "cooper-climax", "url": "http://en.wikipedia.org/wiki/Cooper_Car_Company", "name": "Cooper-Climax", "nationality": "British"}, "grid": "9", "laps": "8", "status": "Transmission"}, {"number": "9", "position": "17", "positionText": "R", "points": "0", "Driver": {"driverId": "brooks", "url": "http://en.wikipedia.org/wiki/Tony_Brooks", "givenName": "Tony", "familyName": "Brooks", "dateOfBirth": "1932-02-25", "nationality": "British"}, "Constructor": {"constructorId": "cooper-climax", "url": "http://en.wikipedia.org/wiki/Cooper_Car_Company", "name": "Cooper-Climax", "nationality": "British"}, "grid": "10", "laps": "4", "status": "Gearbox"}, {"number": "17", "position": "18", "positionText": "W", "points": "0", "Driver": {"driverId": "salvadori", "url": "http://en.wikipedia.org/wiki/Roy_Salvadori", "givenName": "Roy", "familyName": "Salvadori", "dateOfBirth": "1922-05-12", "nationality": "British"}, "Constructor": {"constructorId": "aston_martin", "url": "http://en.wikipedia.org/wiki/Aston_Martin_in_Formula_One", "name": "Aston Martin", "nationality": "British"}, "grid": "0", "laps": "0", "status": "Withdrew"}, {"number": "19", "position": "19", "positionText": "W", "points": "0", "Driver": {"driverId": "gregory", "url": "http://en.wikipedia.org/wiki/Masten_Gregory", "givenName": "Masten", "familyName": "Gregory", "dateOfBirth": "1932-02-29", "nationality": "American"}, "Constructor": {"constructorId": "cooper-maserati", "url": "http://en.wikipedia.org/wiki/Cooper_Car_Company", "name": "Cooper-Maserati", "nationality": "British"}, "grid": "0", "laps": "0", "status": "Withdrew"}, {"number": "21", "position": "20", "positionText": "W", "points": "0", "Driver": {"driverId": "reventlow", "url": "http://en.wikipedia.org/wiki/Lance_Reventlow", "givenName": "Lance", "familyName": "Reventlow", "dateOfBirth": "1936-02-24", "nationality": "American"}, "Constructor": {"constructorId": "scarab", "url": "http://en.wikipedia.org/wiki/Scarab_(constructor)", "name": "Scarab", "nationality": "American"}, "grid": "0", "laps": "0", "status": "Withdrew"}, {"number": "22", "position": "21", "positionText": "W", "points": "0", "Driver": {"driverId": "daigh", "url": "http://en.wikipedia.org/wiki/Chuck_Daigh", "givenName": "Chuck", "familyName": "Daigh", "dateOfBirth": "1923-11-29", "nationality": "American"}, "Constructor": {"constructorId": "scarab", "url": "http://en.wikipedia.org/wiki/Scarab_(constructor)", "name": "Scarab", "nationality": "American"}, "grid": "0", "laps": "0", "status": "Withdrew"}]}]}}}