{"MRData": {"xmlns": "http://ergast.com/mrd/1.5", "series": "f1", "url": "http://ergast.com/api/f1/1960/10/results.json", "limit": "30", "offset": "0", "total": "23", "RaceTable": {"season": "1960", "round": "10", "Races": [{"season": "1960", "round": "10", "url": "http://en.wikipedia.org/wiki/1960_United_States_Grand_Prix", "raceName": "United States Grand Prix", "Circuit": {"circuitId": "riverside", "url": "http://en.wikipedia.org/wiki/Riverside_International_Raceway", "circuitName": "Riverside International Raceway", "Location": {"lat": "33.937", "long": "-117.273", "locality": "California", "country": "USA"}}, "date": "1960-11-20", "Results": [{"number": "5", "position": "1", "positionText": "1", "points": "8", "Driver": {"driverId": "moss", "url": "http://en.wikipedia.org/wiki/Stirling_Moss", "givenName": "Stirling", "familyName": "Moss", "dateOfBirth": "1929-09-17", "nationality": "British"}, "Constructor": {"constructorId": "team_lotus", "url": "http://en.wikipedia.org/wiki/Team_Lotus", "name": "Team Lotus", "nationality": "British"}, "grid": "1", "laps": "75", "status": "Finished", "Time": {"millis": "8932200", "time": "2:28:52.2"}}, {"number": "10", "position": "2", "positionText": "2", "points": "6", "Driver": {"driverId": "ireland", "url": "http://en.wikipedia.org/wiki/Innes_Ireland", "givenName": "Innes", "familyName": "Ireland", "dateOfBirth": "1930-06-12", "nationality": "British"}, "Constructor": {"constructorId": "team_lotus", "url": "http://en.wikipedia.org/wiki/Team_Lotus", "name": "Team Lotus", "nationality": "British"}, "grid": "7", "laps": "75", "status": "Finished", "Time": {"millis": "8970200", "time": "+38.0"}}, {"number": "3", "position": "3", "positionText": "3", "points": "4", "Driver": {"driverId": "mclaren", "url": "http://en.wikipedia.org/wiki/Bruce_McLaren", "givenName": "Bruce", "familyName": "McLaren", "dateOfBirth": "1937-08-30", "nationality": "New Zealander"}, "Constructor": {"constructorId": "cooper-climax", "url": "http://en.wikipedia.org/wiki/Cooper_Car_Company", "name": "Cooper-Climax", "nationality": "British"}, "grid": "10", "laps": "75", "status": "Finished", "Time": {"millis": "8984200", "time": "+52.0"}}, {"number": "2", "position": "4", "positionText": "4", "points": "3", "Driver": {"driverId": "jack_brabham", "url": "http://en.wikipedia.org/wiki/Jack_Brabham", "givenName": "Jack", "familyName": "Brabham", "dateOfBirth": "1926-04-02", "nationality": "Australian"}, "Constructor": {"constructorId": "cooper-climax", "url": "http://en.wikipedia.org/wiki/Cooper_Car_Company", "name": "Cooper-Climax", "nationality": "British"}, "grid": "2", "laps": "74", "status": "+1 Lap"}, {"number": "15", "position": "5", "positionText": "5", "points": "2", "Driver": {"driverId": "bonnier", "url": "http://en.wikipedia.org/wiki/Joakim_Bonnier", "givenName": "Jo", "familyName": "Bonnier", "dateOfBirth": "1930-01-31", "nationality": "Swedish"}, "Constructor": {"constructorId": "brm", "url": "http://en.wikipedia.org/wiki/BRM", "name": "BRM", "nationality": "British"}, "grid": "4", "laps": "74", "status": "+1 Lap"}, {"number": "9", "position": "6", "positionText": "6", "points": "1", "Driver": {"driverId": "phil_hill", "url": "http://en.wikipedia.org/wiki/Phil_Hill", "givenName": "Phil", "familyName": "Hill", "dateOfBirth": "1927-04-20", "nationality": "American"}, "Constructor": {"constructorId": "cooper-climax", "url": "http://en.wikipedia.org/wiki/Cooper_Car_Company", "name": "Cooper-Climax", "nationality": "British"}, "grid": "13", "laps": "74", "status": "+1 Lap"}, {"number": "24", "position": "7", "positionText": "7", "points": "0", "Driver": {"driverId": "hall", "url": "http://en.wikipedia.org/wiki/Jim_Hall_(race_car_driver)", "givenName": "Jim", "familyName": "Hall", "dateOfBirth": "1935-07-23", "nationality": "American"}, "Constructor": {"constructorId": "team_lotus", "url": "http://en.wikipedia.org/wiki/Team_Lotus", "name": "Team Lotus", "nationality": "British"}, "grid": "12", "laps": "73", "status": "+1 Lap"}, {"number": "14", "position": "8", "positionText": "8", "points": "0", "Driver": {"driverId": "salvadori", "url": "http://en.wikipedia.org/wiki/Roy_Salvadori", "givenName": "Roy", "familyName": "Salvadori", "dateOfBirth": "1922-05-12", "nationality": "British"}, "Constructor": {"constructorId": "cooper-climax", "url": "http://en.wikipedia.org/wiki/Cooper_Car_Company", "name": "Cooper-Climax", "nationality": "British"}, "grid": "15", "laps": "73", "status": "+2 Laps"}, {"number": "26", "position": "9", "positionText": "9", "points": "0", "Driver": {"driverId": "trips", "url": "http://en.wikipedia.org/wiki/Wolfgang_Graf_Berghe_von_Trips", "givenName": "Wolfgang", "familyName": "von Trips", "dateOfBirth": "1928-05-04", "nationality": "German"}, "Constructor": {"constructorId": "cooper-maserati", "url": "http://en.wikipedia.org/wiki/Cooper_Car_Company", "name": "Cooper-Maserati", "nationality": "British"}, "grid": "16", "laps": "72", "status": "+3 Laps"}, {"number": "23", "position": "10", "positionText": "10", "points": "0", "Driver": {"driverId": "daigh", "url": "http://en.wikipedia.org/wiki/Chuck_Daigh", "givenName": "Chuck", "familyName": "Daigh", "dateOfBirth": "1923-11-29", "nationality": "American"}, "Constructor": {"constructorId": "scarab", "url": "http://en.wikipedia.org/wiki/Scarab_(constructor)", "name": "Scarab", "nationality": "American"}, "grid": "18", "laps": "70", "status": "+5 Laps"}, {"number": "25", "position": "11", "positionText": "11", "points": "0", "Driver": {"driverId": "lovely", "url": "http://en.wikipedia.org/wiki/Pete_Lovely", "givenName": "Pete", "familyName": "Lovely", "dateOfBirth": "1926-04-11", "nationality": "American"}, "Constructor": {"constructorId": "cooper-castellotti", "url": "http://en.wikipedia.org/wiki/Cooper_Car_Company", "name": "Cooper-Castellotti", "nationality": "British"}, "grid": "20", "laps": "69", "status": "+6 Laps"}, {"number": "7", "position": "12", "positionText": "12", "points": "0", "Driver": {"driverId": "gendebien", "url": "http://en.wikipedia.org/wiki/Olivier_Gendebien", "givenName": "Olivier", "familyName": "Gendebien", "dateOfBirth": "1924-01-12", "nationality": "Belgian"}, "Constructor": {"constructorId": "cooper-climax", "url": "http://en.wikipedia.org/wiki/Cooper_Car_Company", "name": "Cooper-Climax", "nationality": "British"}, "grid": "8", "laps": "69", "status": "+6 Laps"}, {"number": "20", "position": "13", "positionText": "13", "points": "0", "Driver": {"driverId": "drake", "url": "http://en.wikipedia.org/wiki/Bob_Drake_(Formula_One)", "givenName": "Bob", "familyName": "Drake", "dateOfBirth": "1919-12-14", "nationality": "American"}, "Constructor": {"constructorId": "maserati", "url": "http://en.wikipedia.org/wiki/Maserati", "name": "Maserati", "nationality": "Italian"}, "grid": "22", "laps": "68", "status": "+7 Laps"}, {"number": "8", "position": "14", "positionText": "14", "points": "0", "Driver": {"driverId": "henry_taylor", "url": "http://en.wikipedia.org/wiki/Henry_Taylor_(racing_driver)", "givenName": "Henry", "familyName": "Taylor", "dateOfBirth": "1932-12-16", "nationality": "British"}, "Constructor": {"constructorId": "cooper-climax", "url": "http://en.wikipedia.org/wiki/Cooper_Car_Company", "name": "Cooper-Climax", "nationality": "British"}, "grid": "14", "laps": "68", "status": "+7 Laps"}, {"number": "18", "position": "15", "positionText": "15", "points": "0", "Driver": {"driverId": "trintignant", "url": "http://en.wikipedia.org/wiki/Maurice_Trintignant", "givenName": "Maurice", "familyName": "Trintignant", "dateOfBirth": "1917-10-30", "nationality": "French"}, "Constructor": {"constructorId": "cooper-maserati", "url": "http://en.wikipedia.org/wiki/Cooper_Car_Company", "name": "Cooper-Maserati", "nationality": "British"}, "grid": "19", "laps": "66", "status": "+9 Laps"}, {"number": "12", "position": "16", "positionText": "16", "points": "0", "Driver": {"driverId": "clark", "url": "http://en.wikipedia.org/wiki/Jim_Clark", "givenName": "Jim", "familyName": "Clark", "dateOfBirth": "1936-03-04", "nationality": "British"}, "Constructor": {"constructorId": "team_lotus", "url": "http://en.wikipedia.org/wiki/Team_Lotus", "name": "Team Lotus", "nationality": "British"}, "grid": "5", "laps": "61", "status": "+14 Laps"}, {"number": "17", "position": "17", "positionText": "R", "points": "0", "Driver": {"driverId": "hill", "url": "http://en.wikipedia.org/wiki/Graham_Hill", "givenName": "Graham", "familyName": "Hill", "dateOfBirth": "1929-02-15", "nationality": "British"}, "Constructor": {"constructorId": "brm", "url": "http://en.wikipedia.org/wiki/BRM", "name": "BRM", "nationality": "British"}, "grid": "11", "laps": "34", "status": "Gearbox"}, {"number": "19", "position": "18", "positionText": "R", "points": "0", "Driver": {"driverId": "burgess", "url": "http://en.wikipedia.org/wiki/Ian_Burgess", "givenName": "Ian", "familyName": "Burgess", "dateOfBirth": "1930-07-06", "nationality": "British"}, "Constructor": {"constructorId": "cooper-maserati", "url": "http://en.wikipedia.org/wiki/Cooper_Car_Company", "name": "Cooper-Maserati", "nationality": "British"}, "grid": "23", "laps": "29", "status": "Ignition"}, {"number": "21", "position": "19", "positionText": "R", "points": "0", "Driver": {"driverId": "naylor", "url": "http://en.wikipedia.org/wiki/Brian_Naylor", "givenName": "Brian", "familyName": "Naylor", "dateOfBirth": "1923-03-24", "nationality": "British"}, "Constructor": {"constructorId": "cooper-maserati", "url": "http://en.wikipedia.org/wiki/Cooper_Car_Company", "name": "Cooper-Maserati", "nationality": "British"}, "grid": "17", "laps": "20", "status": "Engine"}, {"number": "16", "position": "20", "positionText": "R", "points": "0", "Driver": {"driverId": "gurney", "url": "http://en.wikipedia.org/wiki/Dan_Gurney", "givenName": "Dan", "familyName": "Gurney", "dateOfBirth": "1931-04-13", "nationality": "American"}, "Constructor": {"constructorId": "brm", "url": "http://en.wikipedia.org/wiki/BRM", "name": "BRM", "nationality": "British"}, "grid": "3", "laps": "18", "status": "Engine"}, {"number": "4", "position": "21", "positionText": "R", "points": "0", "Driver": {"driverId": "flockhart", "url": "http://en.wikipedia.org/wiki/Ron_Flockhart_(auto_racing)", "givenName": "Ron", "familyName": "Flockhart", "dateOfBirth": "1923-06-16", "nationality": "British"}, "Constructor": {"constructorId": "cooper-climax", "url": "http://en.wikipedia.org/wiki/Cooper_Car_Company", "name": "Cooper-Climax", "nationality": "British"}, "grid": "21", "laps": "11", "status": "Transmission"}, {"number": "6", "position": "22", "positionText": "R", "points": "0", "Driver": {"driverId": "brooks", "url": "http://en.wikipedia.org/wiki/Tony_Brooks", "givenName": "Tony", "familyName": "Brooks", "dateOfBirth": "1932-02-25", "nationality": "British"}, "Constructor": {"constructorId": "cooper-climax", "url": "http://en.wikipedia.org/wiki/Cooper_Car_Company", "name": "Cooper-Climax", "nationality": "British"}, "grid": "9", "laps": "6", "status": "Spun off"}, {"number": "11", "position": "23", "positionText": "R", "points": "0", "Driver": {"driverId": "surtees", "url": "http://en.wikipedia.org/wiki/John_Surtees", "givenName": "John", "familyName": "Surtees", "dateOfBirth": "1934-02-11", "nationality": "British"}, "Constructor": {"constructorId": "team_lotus", "url": "http://en.wikipedia.org/wiki/Team_Lotus", "name": "Team Lotus", "nationality": "British"}, "grid": "6", "laps": "3", "status": "Accident"}]}]}}}