{"MRData": {"xmlns": "http://ergast.com/mrd/1.5", "series": "f1", "url": "http://ergast.com/api/f1/1960/5/results.json", "limit": "30", "offset": "0", "total": "19", "RaceTable": {"season": "1960", "round": "5", "Races": [{"season": "1960", "round": "5", "url": "http://en.wikipedia.org/wiki/1960_Belgian_Grand_Prix", "raceName": "Belgian Grand Prix", "Circuit": {"circuitId": "spa", "url": "http://en.wikipedia.org/wiki/Circuit_de_Spa-Francorchamps", "circuitName": "Circuit de Spa-Francorchamps", "Location": {"lat": "50.4372", "long": "5.97139", "locality": "Spa", "country": "Belgium"}}, "date": "1960-06-19", "Results": [{"number": "2", "position": "1", "positionText": "1", "points": "8", "Driver": {"driverId": "jack_brabham", "url": "http://en.wikipedia.org/wiki/Jack_Brabham", "givenName": "Jack", "familyName": "Brabham", "dateOfBirth": "1926-04-02", "nationality": "Australian"}, "Constructor": {"constructorId": "cooper-climax", "url": "http://en.wikipedia.org/wiki/Cooper_Car_Company", "name": "Cooper-Climax", "nationality": "British"}, "grid": "1", "laps": "36", "status": "Finished", "Time": {"millis": "8497300", "time": "2:21:37.3"}}, {"number": "4", "position": "2", "positionText": "2", "points": "6", "Driver": {"driverId": "mclaren", "url": "http://en.wikipedia.org/wiki/Bruce_McLaren", "givenName": "Bruce", "familyName": "McLaren", "dateOfBirth": "1937-08-30", "nationality": "New Zealander"}, "Constructor": {"constructorId": "cooper-climax", "url": "http://en.wikipedia.org/wiki/Cooper_Car_Company", "name": "Cooper-Climax", "nationality": "British"}, "grid": "14", "laps": "36", "status": "Finished", "Time": {"millis": "8560600", "time": "+1:03.3"}}, {"number": "34", "position": "3", "positionText": "3", "points": "4", "Driver": {"driverId": "gendebien", "url": "http://en.wikipedia.org/wiki/Olivier_Gendebien", "givenName": "Olivier", "familyName": "Gendebien", "dateOfBirth": "1924-01-12", "nationality": "Belgian"}, "Constructor": {"constructorId": "cooper-climax", "url": "http://en.wikipedia.org/wiki/Cooper_Car_Company", "name": "Cooper-Climax", "nationality": "British"}, "grid": "5", "laps": "35", "status": "+1 Lap"}, {"number": "24", "position": "4", "positionText": "4", "points": "3", "Driver": {"driverId": "phil_hill", "url": "http://en.wikipedia.org/wiki/Phil_Hill", "givenName": "Phil", "familyName": "Hill", "dateOfBirth": "1927-04-20", "nationality": "American"}, "Constructor": {"constructorId": "ferrari", "url": "http://en.wikipedia.org/wiki/Scuderia_Ferrari", "name": "Ferrari", "nationality": "Italian"}, "grid": "4", "laps": "35", "status": "+1 Lap"}, {"number": "18", "position": "5", "positionText": "5", "points": "2", "Driver": {"driverId": "clark", "url": "http://en.wikipedia.org/wiki/Jim_Clark", "givenName": "Jim", "familyName": "Clark", "dateOfBirth": "1936-03-04", "nationality": "British"}, "Constructor": {"constructorId": "team_lotus", "url": "http://en.wikipedia.org/wiki/Team_Lotus", "name": "Team Lotus", "nationality": "British"}, "grid": "10", "laps": "34", "status": "+2 Laps"}, {"number": "32", "position": "6", "positionText": "6", "points": "1", "Driver": {"driverId": "bianchi", "code": "BIA", "url": "http://en.wikipedia.org/wiki/Lucien_Bianchi", "givenName": "Lucien", "familyName": "Bianchi", "dateOfBirth": "1934-11-10", "nationality": "Belgian"}, "Constructor": {"constructorId": "cooper-climax", "url": "http://en.wikipedia.org/wiki/Cooper_Car_Company", "name": "Cooper-Climax", "nationality": "British"}, "grid": "15", "laps": "28", "status": "+8 Laps"}, {"number": "10", "position": "7", "positionText": "R", "points": "0", "Driver": {"driverId": "hill", "url": "http://en.wikipedia.org/wiki/Graham_Hill", "givenName": "Graham", "familyName": "Hill", "dateOfBirth": "1929-02-15", "nationality": "British"}, "Constructor": {"constructorId": "brm", "url": "http://en.wikipedia.org/wiki/BRM", "name": "BRM", "nationality": "British"}, "grid": "6", "laps": "35", "status": "Engine"}, {"number": "16", "position": "8", "positionText": "R", "points": "0", "Driver": {"driverId": "stacey", "url": "http://en.wikipedia.org/wiki/Alan_Stacey", "givenName": "Alan", "familyName": "Stacey", "dateOfBirth": "1933-08-29", "nationality": "British"}, "Constructor": {"constructorId": "team_lotus", "url": "http://en.wikipedia.org/wiki/Team_Lotus", "name": "Team Lotus", "nationality": "British"}, "grid": "17", "laps": "24", "status": "Accident"}, {"number": "22", "position": "9", "positionText": "R", "points": "0", "Driver": {"driverId": "mairesse", "url": "http://en.wikipedia.org/wiki/Willy_Mairesse", "givenName": "Willy", "familyName": "Mairesse", "dateOfBirth": "1928-10-01", "nationality": "Belgian"}, "Constructor": {"constructorId": "ferrari", "url": "http://en.wikipedia.org/wiki/Scuderia_Ferrari", "name": "Ferrari", "nationality": "Italian"}, "grid": "13", "laps": "23", "status": "Transmission"}, {"number": "26", "position": "10", "positionText": "R", "points": "0", "Driver": {"driverId": "trips", "url": "http://en.wikipedia.org/wiki/Wolfgang_Graf_Berghe_von_Trips", "givenName": "Wolfgang", "familyName": "von Trips", "dateOfBirth": "1928-05-04", "nationality": "German"}, "Constructor": {"constructorId": "ferrari", "url": "http://en.wikipedia.org/wiki/Scuderia_Ferrari", "name": "Ferrari", "nationality": "Italian"}, "grid": "11", "laps": "22", "status": "Transmission"}, {"number": "36", "position": "11", "positionText": "R", "points": "0", "Driver": {"driverId": "bristow", "url": "http://en.wikipedia.org/wiki/Chris_Bristow", "givenName": "Chris", "familyName": "Bristow", "dateOfBirth": "1937-12-02", "nationality": "British"}, "Constructor": {"constructorId": "cooper-climax", "url": "http://en.wikipedia.org/wiki/Cooper_Car_Company", "name": "Cooper-Climax", "nationality": "British"}, "grid": "9", "laps": "19", "status": "Accident"}, {"number": "30", "position": "12", "positionText": "R", "points": "0", "Driver": {"driverId": "daigh", "url": "http://en.wikipedia.org/wiki/Chuck_Daigh", "givenName": "Chuck", "familyName": "Daigh", "dateOfBirth": "1923-11-29", "nationality": "American"}, "Constructor": {"constructorId": "scarab", "url": "http://en.wikipedia.org/wiki/Scarab_(constructor)", "name": "Scarab", "nationality": "American"}, "grid": "18", "laps": "16", "status": "Engine"}, {"number": "6", "position": "13", "positionText": "R", "points": "0", "Driver": {"driverId": "bonnier", "url": "http://en.wikipedia.org/wiki/Joakim_Bonnier", "givenName": "Jo", "familyName": "Bonnier", "dateOfBirth": "1930-01-31", "nationality": "Swedish"}, "Constructor": {"constructorId": "brm", "url": "http://en.wikipedia.org/wiki/BRM", "name": "BRM", "nationality": "British"}, "grid": "7", "laps": "14", "status": "Engine"}, {"number": "14", "position": "14", "positionText": "R", "points": "0", "Driver": {"driverId": "ireland", "url": "http://en.wikipedia.org/wiki/Innes_Ireland", "givenName": "Innes", "familyName": "Ireland", "dateOfBirth": "1930-06-12", "nationality": "British"}, "Constructor": {"constructorId": "team_lotus", "url": "http://en.wikipedia.org/wiki/Team_Lotus", "name": "Team Lotus", "nationality": "British"}, "grid": "8", "laps": "13", "status": "Accident"}, {"number": "8", "position": "15", "positionText": "R", "points": "0", "Driver": {"driverId": "gurney", "url": "http://en.wikipedia.org/wiki/Dan_Gurney", "givenName": "Dan", "familyName": "Gurney", "dateOfBirth": "1931-04-13", "nationality": "American"}, "Constructor": {"constructorId": "brm", "url": "http://en.wikipedia.org/wiki/BRM", "name": "BRM", "nationality": "British"}, "grid": "12", "laps": "4", "status": "Engine"}, {"number": "38", "position": "16", "positionText": "R", "points": "0", "Driver": {"driverId": "brooks", "url": "http://en.wikipedia.org/wiki/Tony_Brooks", "givenName": "Tony", "familyName": "Brooks", "dateOfBirth": "1932-02-25", "nationality": "British"}, "Constructor": {"constructorId": "cooper-climax", "url": "http://en.wikipedia.org/wiki/Cooper_Car_Company", "name": "Cooper-Climax", "nationality": "British"}, "grid": "2", "laps": "2", "status": "Gearbox"}, {"number": "28", "position": "17", "positionText": "R", "points": "0", "Driver": {"driverId": "reventlow", "url": "http://en.wikipedia.org/wiki/Lance_Reventlow", "givenName": "Lance", "familyName": "Reventlow", "dateOfBirth": "1936-02-24", "nationality": "American"}, "Constructor": {"constructorId": "scarab", "url": "http://en.wikipedia.org/wiki/Scarab_(constructor)", "name": "Scarab", "nationality": "American"}, "grid": "16", "laps": "1", "status": "Engine"}, {"number": "12", "position": "18", "positionText": "W", "points": "0", "Driver": {"driverId": "moss", "url": "http://en.wikipedia.org/wiki/Stirling_Moss", "givenName": "Stirling", "familyName": "Moss", "dateOfBirth": "1929-09-17", "nationality": "British"}, "Constructor": {"constructorId": "team_lotus", "url": "http://en.wikipedia.org/wiki/Team_Lotus", "name": "Team Lotus", "nationality": "British"}, "grid": "3", "laps": "0", "status": "Accident"}, {"number": "20", "position": "19", "positionText": "W", "points": "0", "Driver": {"driverId": "mike_taylor", "url": "http://en.wikipedia.org/wiki/Mike_Taylor_(driver)", "givenName": "Mike", "familyName": "Taylor", "dateOfBirth": "1934-04-24", "nationality": "British"}, "Constructor": {"constructorId": "team_lotus", "url": "http://en.wikipedia.org/wiki/Team_Lotus", "name": "Team Lotus", "nationality": "British"}, "grid": "19", "laps": "0", "status": "Accident"}]}]}}}