{"MRData": {"xmlns": "http://ergast.com/mrd/1.5", "series": "f1", "url": "http://ergast.com/api/f1/1960/3/results.json", "limit": "30", "offset": "0", "total": "33", "RaceTable": {"season": "1960", "round": "3", "Races": [{"season": "1960", "round": "3", "url": "http://en.wikipedia.org/wiki/1960_Indianapolis_500", "raceName": "Indianapolis 500", "Circuit": {"circuitId": "indianapolis", "url": "http://en.wikipedia.org/wiki/Indianapolis_Motor_Speedway", "circuitName": "Indianapolis Motor Speedway", "Location": {"lat": "39.795", "long": "-86.2347", "locality": "Indianapolis", "country": "USA"}}, "date": "1960-05-30", "Results": [{"number": "4", "position": "1", "positionText": "1", "points": "8", "Driver": {"driverId": "rathmann", "url": "http://en.wikipedia.org/wiki/Jim_Rathmann", "givenName": "Jim", "familyName": "Rathmann", "dateOfBirth": "1928-07-16", "nationality": "American"}, "Constructor": {"constructorId": "watson", "url": "http://en.wikipedia.org/wiki/A.J._Watson", "name": "Watson", "nationality": "American"}, "grid": "2", "laps": "200", "status": "Finished", "Time": {"millis": "12971360", "time": "3:36:11.36"}}, {"number": "1", "position": "2", "positionText": "2", "points": "6", "Driver": {"driverId": "ward", "url": "http://en.wikipedia.org/wiki/Rodger_Ward", "givenName": "Rodger", "familyName": "Ward", "dateOfBirth": "1921-01-10", "nationality": "American"}, "Constructor": {"constructorId": "watson", "url": "http://en.wikipedia.org/wiki/A.J._Watson", "name": "Watson", "nationality": "American"}, "grid": "3", "laps": "200", "status": "Finished", "Time": {"millis": "12984110", "time": "+0:12.75"}}, {"number": "99", "position": "3", "positionText": "3", "points": "4", "Driver": {"driverId": "goldsmith", "url": "http://en.wikipedia.org/wiki/Paul_Goldsmith", "givenName": "Paul", "familyName": "Goldsmith", "dateOfBirth": "1925-10-02", "nationality": "American"}, "Constructor": {"constructorId": "epperly", "url": "http://en.wikipedia.org/wiki/Epperly", "name": "Epperly", "nationality": "American"}, "grid": "26", "laps": "200", "status": "Finished", "Time": {"millis": "13158660", "time": "+3:07.30"}}, {"number": "7", "position": "4", "positionText": "4", "points": "3", "Driver": {"driverId": "branson", "url": "http://en.wikipedia.org/wiki/Don_Branson", "givenName": "Don", "familyName": "Branson", "dateOfBirth": "1920-06-02", "nationality": "American"}, "Constructor": {"constructorId": "phillips", "url": "http://en.wikipedia.org/wiki/Phillips_(constructor)", "name": "Phillips", "nationality": "American"}, "grid": "8", "laps": "200", "status": "Finished", "Time": {"millis": "13159340", "time": "+3:07.98"}}, {"number": "3", "position": "5", "positionText": "5", "points": "2", "Driver": {"driverId": "thomson", "url": "http://en.wikipedia.org/wiki/Johnny_Thomson", "givenName": "Johnny", "familyName": "Thomson", "dateOfBirth": "1922-04-09", "nationality": "American"}, "Constructor": {"constructorId": "lesovsky", "url": "http://en.wikipedia.org/wiki/Lesovsky", "name": "Lesovsky", "nationality": "American"}, "grid": "17", "laps": "200", "status": "Finished", "Time": {"millis": "13162710", "time": "+3:11.35"}}, {"number": "22", "position": "6", "positionText": "6", "points": "1", "Driver": {"driverId": "johnson", "url": "http://en.wikipedia.org/wiki/Eddie_Johnson_(auto_racer)", "givenName": "Eddie", "familyName": "Johnson", "dateOfBirth": "1919-02-10", "nationality": "American"}, "Constructor": {"constructorId": "trevis", "url": "http://en.wikipedia.org/wiki/Trevis", "name": "Trevis", "nationality": "American"}, "grid": "7", "laps": "200", "status": "Finished", "Time": {"millis": "13221970", "time": "+4:10.61"}}, {"number": "98", "position": "7", "positionText": "7", "points": "0", "Driver": {"driverId": "ruby", "url": "http://en.wikipedia.org/wiki/Lloyd_Ruby", "givenName": "Lloyd", "familyName": "Ruby", "dateOfBirth": "1928-01-12", "nationality": "American"}, "Constructor": {"constructorId": "watson", "url": "http://en.wikipedia.org/wiki/A.J._Watson", "name": "Watson", "nationality": "American"}, "grid": "12", "laps": "200", "status": "Finished", "Time": {"millis": "13236950", "time": "+4:25.59"}}, {"number": "44", "position": "8", "positionText": "8", "points": "0", "Driver": {"driverId": "veith", "url": "http://en.wikipedia.org/wiki/Bob_Veith", "givenName": "Bob", "familyName": "Veith", "dateOfBirth": "1926-11-01", "nationality": "American"}, "Constructor": {"constructorId": "meskowski", "url": "http://en.wikipedia.org/wiki/Meskowski", "name": "Meskowski", "nationality": "American"}, "grid": "25", "laps": "200", "status": "Finished", "Time": {"millis": "13288840", "time": "+5:17.48"}}, {"number": "18", "position": "9", "positionText": "9", "points": "0", "Driver": {"driverId": "tingelstad", "url": "http://en.wikipedia.org/wiki/Bud_Tingelstad", "givenName": "Bud", "familyName": "Tingelstad", "dateOfBirth": "1928-04-04", "nationality": "American"}, "Constructor": {"constructorId": "trevis", "url": "http://en.wikipedia.org/wiki/Trevis", "name": "Trevis", "nationality": "American"}, "grid": "28", "laps": "200", "status": "Finished", "Time": {"millis": "13471270", "time": "+8:19.91"}}, {"number": "38", "position": "10", "positionText": "10", "points": "0", "Driver": {"driverId": "christie", "url": "http://en.wikipedia.org/wiki/Bob_Christie_(racing_driver)", "givenName": "Bob", "familyName": "Christie", "dateOfBirth": "1924-04-04", "nationality": "American"}, "Constructor": {"constructorId": "kurtis_kraft", "url": "http://en.wikipedia.org/wiki/Kurtis_Kraft", "name": "Kurtis Kraft", "nationality": "American"}, "grid": "14", "laps": "200", "status": "Finished", "Time": {"millis": "13491640", "time": "+8:40.28"}}, {"number": "27", "position": "11", "positionText": "11", "points": "0", "Driver": {"driverId": "amick", "url": "http://en.wikipedia.org/wiki/Red_Amick", "givenName": "Red", "familyName": "Amick", "dateOfBirth": "1929-01-19", "nationality": "American"}, "Constructor": {"constructorId": "epperly", "url": "http://en.wikipedia.org/wiki/Epperly", "name": "Epperly", "nationality": "American"}, "grid": "22", "laps": "200", "status": "Finished", "Time": {"millis": "13641940", "time": "+11:10.58"}}, {"number": "17", "position": "12", "positionText": "12", "points": "0", "Driver": {"driverId": "darter", "url": "http://en.wikipedia.org/wiki/Duane_Carter", "givenName": "Duane", "familyName": "Carter", "dateOfBirth": "1913-05-05", "nationality": "American"}, "Constructor": {"constructorId": "kuzma", "url": "http://en.wikipedia.org/wiki/Kuzma_(constructor)", "name": "Kuzma", "nationality": "American"}, "grid": "27", "laps": "200", "status": "Finished", "Time": {"millis": "13648560", "time": "+11:17.20"}}, {"number": "39", "position": "13", "positionText": "13", "points": "0", "Driver": {"driverId": "homeier", "url": "http://en.wikipedia.org/wiki/Bill_Homeier", "givenName": "Bill", "familyName": "Homeier", "dateOfBirth": "1918-08-31", "nationality": "American"}, "Constructor": {"constructorId": "kuzma", "url": "http://en.wikipedia.org/wiki/Kuzma_(constructor)", "name": "Kuzma", "nationality": "American"}, "grid": "31", "laps": "200", "status": "Finished", "Time": {"millis": "13702070", "time": "+12:10.71"}}, {"number": "48", "position": "14", "positionText": "14", "points": "0", "Driver": {"driverId": "hartley", "url": "http://en.wikipedia.org/wiki/Gene_Hartley", "givenName": "Gene", "familyName": "Hartley", "dateOfBirth": "1926-01-28", "nationality": "American"}, "Constructor": {"constructorId": "kurtis_kraft", "url": "http://en.wikipedia.org/wiki/Kurtis_Kraft", "name": "Kurtis Kraft", "nationality": "American"}, "grid": "24", "laps": "196", "status": "+4 Laps"}, {"number": "65", "position": "15", "positionText": "15", "points": "0", "Driver": {"driverId": "stevenson", "url": "http://en.wikipedia.org/wiki/Chuck_Stevenson", "givenName": "Chuck", "familyName": "Stevenson", "dateOfBirth": "1919-10-15", "nationality": "American"}, "Constructor": {"constructorId": "watson", "url": "http://en.wikipedia.org/wiki/A.J._Watson", "name": "Watson", "nationality": "American"}, "grid": "9", "laps": "196", "status": "+4 Laps"}, {"number": "14", "position": "16", "positionText": "16", "points": "0", "Driver": {"driverId": "grim", "url": "http://en.wikipedia.org/wiki/Bobby_Grim", "givenName": "Bobby", "familyName": "Grim", "dateOfBirth": "1924-09-04", "nationality": "American"}, "Constructor": {"constructorId": "meskowski", "url": "http://en.wikipedia.org/wiki/Meskowski", "name": "Meskowski", "nationality": "American"}, "grid": "21", "laps": "194", "status": "+6 Laps"}, {"number": "26", "position": "17", "positionText": "17", "points": "0", "Driver": {"driverId": "templeman", "url": "http://en.wikipedia.org/wiki/Shorty_Templeman", "givenName": "Shorty", "familyName": "Templeman", "dateOfBirth": "1919-08-12", "nationality": "American"}, "Constructor": {"constructorId": "kurtis_kraft", "url": "http://en.wikipedia.org/wiki/Kurtis_Kraft", "name": "Kurtis Kraft", "nationality": "American"}, "grid": "19", "laps": "191", "status": "Clutch"}, {"number": "56", "position": "18", "positionText": "18", "points": "0", "Driver": {"driverId": "hurtubise", "url": "http://en.wikipedia.org/wiki/Jim_Hurtubise", "givenName": "Jim", "familyName": "Hurtubise", "dateOfBirth": "1932-12-05", "nationality": "American"}, "Constructor": {"constructorId": "vhristensen", "url": "http://en.wikipedia.org/wiki/Christensen_(constructor)", "name": "Christensen", "nationality": "American"}, "grid": "23", "laps": "185", "status": "Engine"}, {"number": "10", "position": "19", "positionText": "19", "points": "0", "Driver": {"driverId": "bryan", "url": "http://en.wikipedia.org/wiki/Jimmy_Bryan", "givenName": "Jimmy", "familyName": "Bryan", "dateOfBirth": "1926-01-28", "nationality": "American"}, "Constructor": {"constructorId": "epperly", "url": "http://en.wikipedia.org/wiki/Epperly", "name": "Epperly", "nationality": "American"}, "grid": "10", "laps": "152", "status": "Fuel system"}, {"number": "28", "position": "20", "positionText": "20", "points": "0", "Driver": {"driverId": "ruttman", "url": "http://en.wikipedia.org/wiki/Troy_Ruttman", "givenName": "Troy", "familyName": "Ruttman", "dateOfBirth": "1930-03-11", "nationality": "American"}, "Constructor": {"constructorId": "watson", "url": "http://en.wikipedia.org/wiki/A.J._Watson", "name": "Watson", "nationality": "American"}, "grid": "6", "laps": "134", "status": "Axle"}, {"number": "6", "position": "21", "positionText": "21", "points": "0", "Driver": {"driverId": "sachs", "url": "http://en.wikipedia.org/wiki/Eddie_Sachs", "givenName": "Eddie", "familyName": "Sachs", "dateOfBirth": "1927-05-28", "nationality": "American"}, "Constructor": {"constructorId": "ewing", "url": "http://en.wikipedia.org/wiki/Ewing_(constructor)", "name": "Ewing", "nationality": "American"}, "grid": "1", "laps": "132", "status": "Magneto"}, {"number": "73", "position": "22", "positionText": "22", "points": "0", "Driver": {"driverId": "freeland", "url": "http://en.wikipedia.org/wiki/Don_Freeland", "givenName": "Don", "familyName": "Freeland", "dateOfBirth": "1925-03-25", "nationality": "American"}, "Constructor": {"constructorId": "kurtis_kraft", "url": "http://en.wikipedia.org/wiki/Kurtis_Kraft", "name": "Kurtis Kraft", "nationality": "American"}, "grid": "11", "laps": "129", "status": "Magneto"}, {"number": "2", "position": "23", "positionText": "23", "points": "0", "Driver": {"driverId": "bettenhausen", "url": "http://en.wikipedia.org/wiki/Tony_Bettenhausen", "givenName": "Tony", "familyName": "Bettenhausen", "dateOfBirth": "1916-09-12", "nationality": "American"}, "Constructor": {"constructorId": "watson", "url": "http://en.wikipedia.org/wiki/A.J._Watson", "name": "Watson", "nationality": "American"}, "grid": "18", "laps": "125", "status": "Engine"}, {"number": "32", "position": "24", "positionText": "24", "points": "0", "Driver": {"driverId": "weiler", "url": "http://en.wikipedia.org/wiki/Wayne_Weiler", "givenName": "Wayne", "familyName": "Weiler", "dateOfBirth": "1934-12-09", "nationality": "American"}, "Constructor": {"constructorId": "epperly", "url": "http://en.wikipedia.org/wiki/Epperly", "name": "Epperly", "nationality": "American"}, "grid": "15", "laps": "103", "status": "Accident"}, {"number": "5", "position": "25", "positionText": "25", "points": "0", "Driver": {"driverId": "foyt", "url": "http://en.wikipedia.org/wiki/A.J._Foyt", "givenName": "Anthony", "familyName": "Foyt", "dateOfBirth": "1935-01-16", "nationality": "American"}, "Constructor": {"constructorId": "kurtis_kraft", "url": "http://en.wikipedia.org/wiki/Kurtis_Kraft", "name": "Kurtis Kraft", "nationality": "American"}, "grid": "16", "laps": "90", "status": "Clutch"}, {"number": "46", "position": "26", "positionText": "26", "points": "0", "Driver": {"driverId": "russo", "url": "http://en.wikipedia.org/wiki/Eddie_Russo", "givenName": "Eddie", "familyName": "Russo", "dateOfBirth": "1925-11-19", "nationality": "American"}, "Constructor": {"constructorId": "kurtis_kraft", "url": "http://en.wikipedia.org/wiki/Kurtis_Kraft", "name": "Kurtis Kraft", "nationality": "American"}, "grid": "29", "laps": "90", "status": "Accident"}, {"number": "8", "position": "27", "positionText": "27", "points": "0", "Driver": {"driverId": "boyd", "url": "http://en.wikipedia.org/wiki/Johnny_Boyd", "givenName": "Johnny", "familyName": "Boyd", "dateOfBirth": "1926-08-19", "nationality": "American"}, "Constructor": {"constructorId": "epperly", "url": "http://en.wikipedia.org/wiki/Epperly", "name": "Epperly", "nationality": "American"}, "grid": "13", "laps": "77", "status": "Engine"}, {"number": "37", "position": "28", "positionText": "28", "points": "0", "Driver": {"driverId": "force", "url": "http://en.wikipedia.org/wiki/Gene_Force", "givenName": "Gene", "familyName": "Force", "dateOfBirth": "1916-06-15", "nationality": "American"}, "Constructor": {"constructorId": "kurtis_kraft", "url": "http://en.wikipedia.org/wiki/Kurtis_Kraft", "name": "Kurtis Kraft", "nationality": "American"}, "grid": "20", "laps": "74", "status": "Brakes"}, {"number": "16", "position": "29", "positionText": "29", "points": "0", "Driver": {"driverId": "mcwithey", "url": "http://en.wikipedia.org/wiki/Jim_McWithey", "givenName": "Jim", "familyName": "McWithey", "dateOfBirth": "1927-07-04", "nationality": "American"}, "Constructor": {"constructorId": "epperly", "url": "http://en.wikipedia.org/wiki/Epperly", "name": "Epperly", "nationality": "American"}, "grid": "32", "laps": "60", "status": "Brakes"}, {"number": "9", "position": "30", "positionText": "30", "points": "0", "Driver": {"driverId": "sutton", "url": "http://en.wikipedia.org/wiki/Len_Sutton", "givenName": "Len", "familyName": "Sutton", "dateOfBirth": "1925-08-09", "nationality": "American"}, "Constructor": {"constructorId": "watson", "url": "http://en.wikipedia.org/wiki/A.J._Watson", "name": "Watson", "nationality": "American"}, "grid": "5", "laps": "47", "status": "Engine"}]}]}}}