{"MRData": {"xmlns": "http://ergast.com/mrd/1.5", "series": "f1", "url": "http://ergast.com/api/f1/1957/4/results.json", "limit": "30", "offset": "0", "total": "16", "RaceTable": {"season": "1957", "round": "4", "Races": [{"season": "1957", "round": "4", "url": "http://en.wikipedia.org/wiki/1957_French_Grand_Prix", "raceName": "French Grand Prix", "Circuit": {"circuitId": "essarts", "url": "http://en.wikipedia.org/wiki/Rouen-Les-Essarts", "circuitName": "Rouen-Les-Essarts", "Location": {"lat": "49.3306", "long": "1.00458", "locality": "Rouen", "country": "France"}}, "date": "1957-07-07", "Results": [{"number": "2", "position": "1", "positionText": "1", "points": "8", "Driver": {"driverId": "fangio", "url": "http://en.wikipedia.org/wiki/Juan_Manuel_Fangio", "givenName": "Juan", "familyName": "Fangio", "dateOfBirth": "1911-06-24", "nationality": "Argentine"}, "Constructor": {"constructorId": "maserati", "url": "http://en.wikipedia.org/wiki/Maserati", "name": "Maserati", "nationality": "Italian"}, "grid": "1", "laps": "77", "status": "Finished", "Time": {"millis": "11266400", "time": "3:07:46.4"}}, {"number": "10", "position": "2", "positionText": "2", "points": "7", "Driver": {"driverId": "musso", "url": "http://en.wikipedia.org/wiki/Luigi_Musso", "givenName": "Luigi", "familyName": "Musso", "dateOfBirth": "1924-07-28", "nationality": "Italian"}, "Constructor": {"constructorId": "ferrari", "url": "http://en.wikipedia.org/wiki/Scuderia_Ferrari", "name": "Ferrari", "nationality": "Italian"}, "grid": "3", "laps": "77", "status": "Finished", "Time": {"millis": "11317200", "time": "+50.8"}}, {"number": "12", "position": "3", "positionText": "3", "points": "4", "Driver": {"driverId": "collins", "url": "http://en.wikipedia.org/wiki/Peter_Collins_(racing_driver)", "givenName": "Peter", "familyName": "Collins", "dateOfBirth": "1931-11-06", "nationality": "British"}, "Constructor": {"constructorId": "ferrari", "url": "http://en.wikipedia.org/wiki/Scuderia_Ferrari", "name": "Ferrari", "nationality": "Italian"}, "grid": "5", "laps": "77", "status": "Finished", "Time": {"millis": "11392400", "time": "+2:06.0"}}, {"number": "14", "position": "4", "positionText": "4", "points": "3", "Driver": {"driverId": "hawthorn", "url": "http://en.wikipedia.org/wiki/Mike_Hawthorn", "givenName": "Mike", "familyName": "Hawthorn", "dateOfBirth": "1929-04-10", "nationality": "British"}, "Constructor": {"constructorId": "ferrari", "url": "http://en.wikipedia.org/wiki/Scuderia_Ferrari", "name": "Ferrari", "nationality": "Italian"}, "grid": "7", "laps": "76", "status": "+1 Lap"}, {"number": "6", "position": "5", "positionText": "5", "points": "2", "Driver": {"driverId": "schell", "url": "http://en.wikipedia.org/wiki/Harry_Schell", "givenName": "Harry", "familyName": "Schell", "dateOfBirth": "1921-06-29", "nationality": "American"}, "Constructor": {"constructorId": "maserati", "url": "http://en.wikipedia.org/wiki/Maserati", "name": "Maserati", "nationality": "Italian"}, "grid": "4", "laps": "70", "status": "+7 Laps"}, {"number": "4", "position": "6", "positionText": "6", "points": "0", "Driver": {"driverId": "behra", "url": "http://en.wikipedia.org/wiki/Jean_Behra", "givenName": "Jean", "familyName": "Behra", "dateOfBirth": "1921-02-16", "nationality": "French"}, "Constructor": {"constructorId": "maserati", "url": "http://en.wikipedia.org/wiki/Maserati", "name": "Maserati", "nationality": "Italian"}, "grid": "2", "laps": "69", "status": "+8 Laps"}, {"number": "24", "position": "7", "positionText": "7", "points": "0", "Driver": {"driverId": "jack_brabham", "url": "http://en.wikipedia.org/wiki/Jack_Brabham", "givenName": "Jack", "familyName": "Brabham", "dateOfBirth": "1926-04-02", "nationality": "Australian"}, "Constructor": {"constructorId": "cooper", "url": "http://en.wikipedia.org/wiki/Cooper_Car_Company", "name": "Cooper", "nationality": "British"}, "grid": "15", "laps": "68", "status": "+9 Laps"}, {"number": "24", "position": "7", "positionText": "7", "points": "0", "Driver": {"driverId": "macdowel", "url": "http://en.wikipedia.org/wiki/Mike_MacDowel", "givenName": "Mike", "familyName": "MacDowel", "dateOfBirth": "1932-09-13", "nationality": "British"}, "Constructor": {"constructorId": "cooper", "url": "http://en.wikipedia.org/wiki/Cooper_Car_Company", "name": "Cooper", "nationality": "British"}, "grid": "15", "laps": "68", "status": "+9 Laps"}, {"number": "8", "position": "8", "positionText": "R", "points": "0", "Driver": {"driverId": "menditeguy", "url": "http://en.wikipedia.org/wiki/Carlos_Menditeguy", "givenName": "Carlos", "familyName": "Menditeguy", "dateOfBirth": "1914-08-10", "nationality": "Argentine"}, "Constructor": {"constructorId": "maserati", "url": "http://en.wikipedia.org/wiki/Maserati", "name": "Maserati", "nationality": "Italian"}, "grid": "9", "laps": "30", "status": "Engine"}, {"number": "18", "position": "9", "positionText": "R", "points": "0", "Driver": {"driverId": "lewis-evans", "url": "http://en.wikipedia.org/wiki/Stuart_Lewis-Evans", "givenName": "Stuart", "familyName": "Lewis-Evans", "dateOfBirth": "1930-04-20", "nationality": "British"}, "Constructor": {"constructorId": "vanwall", "url": "http://en.wikipedia.org/wiki/Vanwall", "name": "Vanwall", "nationality": "British"}, "grid": "10", "laps": "30", "status": "Steering"}, {"number": "20", "position": "10", "positionText": "R", "points": "0", "Driver": {"driverId": "salvadori", "url": "http://en.wikipedia.org/wiki/Roy_Salvadori", "givenName": "Roy", "familyName": "Salvadori", "dateOfBirth": "1922-05-12", "nationality": "British"}, "Constructor": {"constructorId": "vanwall", "url": "http://en.wikipedia.org/wiki/Vanwall", "name": "Vanwall", "nationality": "British"}, "grid": "6", "laps": "25", "status": "Engine"}, {"number": "28", "position": "11", "positionText": "R", "points": "0", "Driver": {"driverId": "mackay-fraser", "url": "http://en.wikipedia.org/wiki/Herbert_MacKay-Fraser", "givenName": "Herbert", "familyName": "MacKay-Fraser", "dateOfBirth": "1927-06-23", "nationality": "American"}, "Constructor": {"constructorId": "brm", "url": "http://en.wikipedia.org/wiki/BRM", "name": "BRM", "nationality": "British"}, "grid": "12", "laps": "24", "status": "Transmission"}, {"number": "16", "position": "12", "positionText": "R", "points": "0", "Driver": {"driverId": "trintignant", "url": "http://en.wikipedia.org/wiki/Maurice_Trintignant", "givenName": "Maurice", "familyName": "Trintignant", "dateOfBirth": "1917-10-30", "nationality": "French"}, "Constructor": {"constructorId": "ferrari", "url": "http://en.wikipedia.org/wiki/Scuderia_Ferrari", "name": "Ferrari", "nationality": "Italian"}, "grid": "8", "laps": "23", "status": "Electrical"}, {"number": "22", "position": "13", "positionText": "R", "points": "0", "Driver": {"driverId": "jack_brabham", "url": "http://en.wikipedia.org/wiki/Jack_Brabham", "givenName": "Jack", "familyName": "Brabham", "dateOfBirth": "1926-04-02", "nationality": "Australian"}, "Constructor": {"constructorId": "cooper", "url": "http://en.wikipedia.org/wiki/Cooper_Car_Company", "name": "Cooper", "nationality": "British"}, "grid": "13", "laps": "4", "status": "Accident"}, {"number": "30", "position": "14", "positionText": "R", "points": "0", "Driver": {"driverId": "gould", "url": "http://en.wikipedia.org/wiki/Horace_Gould", "givenName": "Horace", "familyName": "Gould", "dateOfBirth": "1918-09-20", "nationality": "British"}, "Constructor": {"constructorId": "maserati", "url": "http://en.wikipedia.org/wiki/Maserati", "name": "Maserati", "nationality": "Italian"}, "grid": "14", "laps": "4", "status": "Halfshaft"}, {"number": "26", "position": "15", "positionText": "R", "points": "0", "Driver": {"driverId": "flockhart", "url": "http://en.wikipedia.org/wiki/Ron_Flockhart_(auto_racing)", "givenName": "Ron", "familyName": "Flockhart", "dateOfBirth": "1923-06-16", "nationality": "British"}, "Constructor": {"constructorId": "brm", "url": "http://en.wikipedia.org/wiki/BRM", "name": "BRM", "nationality": "British"}, "grid": "11", "laps": "2", "status": "Accident"}]}]}}}