{"MRData": {"xmlns": "http://ergast.com/mrd/1.5", "series": "f1", "url": "http://ergast.com/api/f1/1957/6/results.json", "limit": "30", "offset": "0", "total": "24", "RaceTable": {"season": "1957", "round": "6", "Races": [{"season": "1957", "round": "6", "url": "http://en.wikipedia.org/wiki/1957_German_Grand_Prix", "raceName": "German Grand Prix", "Circuit": {"circuitId": "nurburgring", "url": "http://en.wikipedia.org/wiki/N%C3%BCrburgring", "circuitName": "N\u00fcrburgring", "Location": {"lat": "50.3356", "long": "6.9475", "locality": "N\u00fcrburg", "country": "Germany"}}, "date": "1957-08-04", "Results": [{"number": "1", "position": "1", "positionText": "1", "points": "9", "Driver": {"driverId": "fangio", "url": "http://en.wikipedia.org/wiki/Juan_Manuel_Fangio", "givenName": "Juan", "familyName": "Fangio", "dateOfBirth": "1911-06-24", "nationality": "Argentine"}, "Constructor": {"constructorId": "maserati", "url": "http://en.wikipedia.org/wiki/Maserati", "name": "Maserati", "nationality": "Italian"}, "grid": "1", "laps": "22", "status": "Finished", "Time": {"millis": "12638300", "time": "3:30:38.3"}}, {"number": "8", "position": "2", "positionText": "2", "points": "6", "Driver": {"driverId": "hawthorn", "url": "http://en.wikipedia.org/wiki/Mike_Hawthorn", "givenName": "Mike", "familyName": "Hawthorn", "dateOfBirth": "1929-04-10", "nationality": "British"}, "Constructor": {"constructorId": "ferrari", "url": "http://en.wikipedia.org/wiki/Scuderia_Ferrari", "name": "Ferrari", "nationality": "Italian"}, "grid": "2", "laps": "22", "status": "Finished", "Time": {"millis": "12641900", "time": "+3.6"}}, {"number": "7", "position": "3", "positionText": "3", "points": "4", "Driver": {"driverId": "collins", "url": "http://en.wikipedia.org/wiki/Peter_Collins_(racing_driver)", "givenName": "Peter", "familyName": "Collins", "dateOfBirth": "1931-11-06", "nationality": "British"}, "Constructor": {"constructorId": "ferrari", "url": "http://en.wikipedia.org/wiki/Scuderia_Ferrari", "name": "Ferrari", "nationality": "Italian"}, "grid": "4", "laps": "22", "status": "Finished", "Time": {"millis": "12673900", "time": "+35.6"}}, {"number": "6", "position": "4", "positionText": "4", "points": "3", "Driver": {"driverId": "musso", "url": "http://en.wikipedia.org/wiki/Luigi_Musso", "givenName": "Luigi", "familyName": "Musso", "dateOfBirth": "1924-07-28", "nationality": "Italian"}, "Constructor": {"constructorId": "ferrari", "url": "http://en.wikipedia.org/wiki/Scuderia_Ferrari", "name": "Ferrari", "nationality": "Italian"}, "grid": "8", "laps": "22", "status": "Finished", "Time": {"millis": "12855900", "time": "+3:37.6"}}, {"number": "10", "position": "5", "positionText": "5", "points": "2", "Driver": {"driverId": "moss", "url": "http://en.wikipedia.org/wiki/Stirling_Moss", "givenName": "Stirling", "familyName": "Moss", "dateOfBirth": "1929-09-17", "nationality": "British"}, "Constructor": {"constructorId": "vanwall", "url": "http://en.wikipedia.org/wiki/Vanwall", "name": "Vanwall", "nationality": "British"}, "grid": "7", "laps": "22", "status": "Finished", "Time": {"millis": "12915500", "time": "+4:37.2"}}, {"number": "2", "position": "6", "positionText": "6", "points": "0", "Driver": {"driverId": "behra", "url": "http://en.wikipedia.org/wiki/Jean_Behra", "givenName": "Jean", "familyName": "Behra", "dateOfBirth": "1921-02-16", "nationality": "French"}, "Constructor": {"constructorId": "maserati", "url": "http://en.wikipedia.org/wiki/Maserati", "name": "Maserati", "nationality": "Italian"}, "grid": "3", "laps": "22", "status": "Finished", "Time": {"millis": "12916800", "time": "+4:38.5"}}, {"number": "3", "position": "7", "positionText": "7", "points": "0", "Driver": {"driverId": "schell", "url": "http://en.wikipedia.org/wiki/Harry_Schell", "givenName": "Harry", "familyName": "Schell", "dateOfBirth": "1921-06-29", "nationality": "American"}, "Constructor": {"constructorId": "maserati", "url": "http://en.wikipedia.org/wiki/Maserati", "name": "Maserati", "nationality": "Italian"}, "grid": "6", "laps": "22", "status": "Finished", "Time": {"millis": "13045800", "time": "+6:47.5"}}, {"number": "16", "position": "8", "positionText": "8", "points": "0", "Driver": {"driverId": "gregory", "url": "http://en.wikipedia.org/wiki/Masten_Gregory", "givenName": "Masten", "familyName": "Gregory", "dateOfBirth": "1932-02-29", "nationality": "American"}, "Constructor": {"constructorId": "maserati", "url": "http://en.wikipedia.org/wiki/Maserati", "name": "Maserati", "nationality": "Italian"}, "grid": "10", "laps": "21", "status": "+1 Lap"}, {"number": "11", "position": "9", "positionText": "9", "points": "0", "Driver": {"driverId": "brooks", "url": "http://en.wikipedia.org/wiki/Tony_Brooks", "givenName": "Tony", "familyName": "Brooks", "dateOfBirth": "1932-02-25", "nationality": "British"}, "Constructor": {"constructorId": "vanwall", "url": "http://en.wikipedia.org/wiki/Vanwall", "name": "Vanwall", "nationality": "British"}, "grid": "5", "laps": "21", "status": "+1 Lap"}, {"number": "4", "position": "10", "positionText": "10", "points": "0", "Driver": {"driverId": "scarlatti", "url": "http://en.wikipedia.org/wiki/Giorgio_Scarlatti", "givenName": "Giorgio", "familyName": "Scarlatti", "dateOfBirth": "1921-10-02", "nationality": "Italian"}, "Constructor": {"constructorId": "maserati", "url": "http://en.wikipedia.org/wiki/Maserati", "name": "Maserati", "nationality": "Italian"}, "grid": "13", "laps": "21", "status": "+1 Lap"}, {"number": "15", "position": "11", "positionText": "11", "points": "0", "Driver": {"driverId": "halford", "url": "http://en.wikipedia.org/wiki/Bruce_Halford", "givenName": "Bruce", "familyName": "Halford", "dateOfBirth": "1931-05-18", "nationality": "British"}, "Constructor": {"constructorId": "maserati", "url": "http://en.wikipedia.org/wiki/Maserati", "name": "Maserati", "nationality": "Italian"}, "grid": "16", "laps": "21", "status": "+1 Lap"}, {"number": "21", "position": "12", "positionText": "12", "points": "0", "Driver": {"driverId": "barth", "url": "http://en.wikipedia.org/wiki/Edgar_Barth", "givenName": "Edgar", "familyName": "Barth", "dateOfBirth": "1917-01-26", "nationality": "German"}, "Constructor": {"constructorId": "porsche", "url": "http://en.wikipedia.org/wiki/Porsche_in_Formula_One", "name": "Porsche", "nationality": "German"}, "grid": "12", "laps": "21", "status": "+1 Lap"}, {"number": "28", "position": "13", "positionText": "13", "points": "0", "Driver": {"driverId": "naylor", "url": "http://en.wikipedia.org/wiki/Brian_Naylor", "givenName": "Brian", "familyName": "Naylor", "dateOfBirth": "1923-03-24", "nationality": "British"}, "Constructor": {"constructorId": "cooper", "url": "http://en.wikipedia.org/wiki/Cooper_Car_Company", "name": "Cooper", "nationality": "British"}, "grid": "17", "laps": "20", "status": "+2 Laps"}, {"number": "27", "position": "14", "positionText": "14", "points": "0", "Driver": {"driverId": "beaufort", "url": "http://en.wikipedia.org/wiki/Carel_Godin_de_Beaufort", "givenName": "Carel Godin", "familyName": "de Beaufort", "dateOfBirth": "1934-04-10", "nationality": "Dutch"}, "Constructor": {"constructorId": "porsche", "url": "http://en.wikipedia.org/wiki/Porsche_in_Formula_One", "name": "Porsche", "nationality": "German"}, "grid": "20", "laps": "20", "status": "+2 Laps"}, {"number": "25", "position": "15", "positionText": "15", "points": "0", "Driver": {"driverId": "marsh", "url": "http://en.wikipedia.org/wiki/Tony_Marsh_(racing_driver)", "givenName": "Tony", "familyName": "Marsh", "dateOfBirth": "1931-07-20", "nationality": "British"}, "Constructor": {"constructorId": "cooper", "url": "http://en.wikipedia.org/wiki/Cooper_Car_Company", "name": "Cooper", "nationality": "British"}, "grid": "22", "laps": "17", "status": "+5 Laps"}, {"number": "17", "position": "16", "positionText": "R", "points": "0", "Driver": {"driverId": "herrmann", "url": "http://en.wikipedia.org/wiki/Hans_Herrmann", "givenName": "Hans", "familyName": "Herrmann", "dateOfBirth": "1928-02-23", "nationality": "German"}, "Constructor": {"constructorId": "maserati", "url": "http://en.wikipedia.org/wiki/Maserati", "name": "Maserati", "nationality": "Italian"}, "grid": "11", "laps": "14", "status": "Chassis"}, {"number": "20", "position": "17", "positionText": "R", "points": "0", "Driver": {"driverId": "maglioli", "url": "http://en.wikipedia.org/wiki/Umberto_Maglioli", "givenName": "Umberto", "familyName": "Maglioli", "dateOfBirth": "1928-06-05", "nationality": "Italian"}, "Constructor": {"constructorId": "porsche", "url": "http://en.wikipedia.org/wiki/Porsche_in_Formula_One", "name": "Porsche", "nationality": "German"}, "grid": "15", "laps": "13", "status": "Engine"}, {"number": "23", "position": "18", "positionText": "R", "points": "0", "Driver": {"driverId": "salvadori", "url": "http://en.wikipedia.org/wiki/Roy_Salvadori", "givenName": "Roy", "familyName": "Salvadori", "dateOfBirth": "1922-05-12", "nationality": "British"}, "Constructor": {"constructorId": "cooper", "url": "http://en.wikipedia.org/wiki/Cooper_Car_Company", "name": "Cooper", "nationality": "British"}, "grid": "14", "laps": "11", "status": "Suspension"}, {"number": "18", "position": "19", "positionText": "R", "points": "0", "Driver": {"driverId": "godia", "url": "http://en.wikipedia.org/wiki/Paco_Godia", "givenName": "Paco", "familyName": "Godia", "dateOfBirth": "1921-03-21", "nationality": "Spanish"}, "Constructor": {"constructorId": "maserati", "url": "http://en.wikipedia.org/wiki/Maserati", "name": "Maserati", "nationality": "Italian"}, "grid": "21", "laps": "11", "status": "Steering"}, {"number": "12", "position": "20", "positionText": "R", "points": "0", "Driver": {"driverId": "lewis-evans", "url": "http://en.wikipedia.org/wiki/Stuart_Lewis-Evans", "givenName": "Stuart", "familyName": "Lewis-Evans", "dateOfBirth": "1930-04-20", "nationality": "British"}, "Constructor": {"constructorId": "vanwall", "url": "http://en.wikipedia.org/wiki/Vanwall", "name": "Vanwall", "nationality": "British"}, "grid": "9", "laps": "10", "status": "Gearbox"}, {"number": "24", "position": "21", "positionText": "R", "points": "0", "Driver": {"driverId": "jack_brabham", "url": "http://en.wikipedia.org/wiki/Jack_Brabham", "givenName": "Jack", "familyName": "Brabham", "dateOfBirth": "1926-04-02", "nationality": "Australian"}, "Constructor": {"constructorId": "cooper", "url": "http://en.wikipedia.org/wiki/Cooper_Car_Company", "name": "Cooper", "nationality": "British"}, "grid": "18", "laps": "6", "status": "Transmission"}, {"number": "26", "position": "22", "positionText": "R", "points": "0", "Driver": {"driverId": "england", "url": "http://en.wikipedia.org/wiki/Paul_England", "givenName": "Paul", "familyName": "England", "dateOfBirth": "1929-03-28", "nationality": "Australian"}, "Constructor": {"constructorId": "cooper", "url": "http://en.wikipedia.org/wiki/Cooper_Car_Company", "name": "Cooper", "nationality": "British"}, "grid": "23", "laps": "4", "status": "Distributor"}, {"number": "29", "position": "23", "positionText": "R", "points": "0", "Driver": {"driverId": "gibson", "url": "http://en.wikipedia.org/wiki/Dick_Gibson", "givenName": "Dick", "familyName": "Gibson", "dateOfBirth": "1918-04-16", "nationality": "British"}, "Constructor": {"constructorId": "cooper", "url": "http://en.wikipedia.org/wiki/Cooper_Car_Company", "name": "Cooper", "nationality": "British"}, "grid": "24", "laps": "3", "status": "Steering"}, {"number": "19", "position": "24", "positionText": "R", "points": "0", "Driver": {"driverId": "gould", "url": "http://en.wikipedia.org/wiki/Horace_Gould", "givenName": "Horace", "familyName": "Gould", "dateOfBirth": "1918-09-20", "nationality": "British"}, "Constructor": {"constructorId": "maserati", "url": "http://en.wikipedia.org/wiki/Maserati", "name": "Maserati", "nationality": "Italian"}, "grid": "19", "laps": "2", "status": "Axle"}]}]}}}