{"MRData": {"xmlns": "http://ergast.com/mrd/1.5", "series": "f1", "url": "http://ergast.com/api/f1/1953/1/driverstandings.json", "limit": "30", "offset": "0", "total": "17", "StandingsTable": {"season": "1953", "round": "1", "StandingsLists": [{"season": "1953", "round": "1", "DriverStandings": [{"position": "1", "positionText": "1", "points": "9", "wins": "1", "Driver": {"driverId": "ascari", "url": "http://en.wikipedia.org/wiki/Alberto_Ascari", "givenName": "Alberto", "familyName": "Ascari", "dateOfBirth": "1918-07-13", "nationality": "Italian"}, "Constructors": [{"constructorId": "ferrari", "url": "http://en.wikipedia.org/wiki/Scuderia_Ferrari", "name": "Ferrari", "nationality": "Italian"}]}, {"position": "2", "positionText": "2", "points": "6", "wins": "0", "Driver": {"driverId": "villoresi", "url": "http://en.wikipedia.org/wiki/Luigi_Villoresi", "givenName": "Luigi", "familyName": "Villoresi", "dateOfBirth": "1909-05-16", "nationality": "Italian"}, "Constructors": [{"constructorId": "ferrari", "url": "http://en.wikipedia.org/wiki/Scuderia_Ferrari", "name": "Ferrari", "nationality": "Italian"}]}, {"position": "3", "positionText": "3", "points": "4", "wins": "0", "Driver": {"driverId": "gonzalez", "url": "http://en.wikipedia.org/wiki/Jos%C3%A9_Froil%C3%A1n_Gonz%C3%A1lez", "givenName": "Jos\u00e9 Froil\u00e1n", "familyName": "Gonz\u00e1lez", "dateOfBirth": "1922-10-05", "nationality": "Argentine"}, "Constructors": [{"constructorId": "maserati", "url": "http://en.wikipedia.org/wiki/Maserati", "name": "Maserati", "nationality": "Italian"}]}, {"position": "4", "positionText": "4", "points": "3", "wins": "0", "Driver": {"driverId": "hawthorn", "url": "http://en.wikipedia.org/wiki/Mike_Hawthorn", "givenName": "Mike", "familyName": "Hawthorn", "dateOfBirth": "1929-04-10", "nationality": "British"}, "Constructors": [{"constructorId": "ferrari", "url": "http://en.wikipedia.org/wiki/Scuderia_Ferrari", "name": "Ferrari", "nationality": "Italian"}]}, {"position": "5", "positionText": "5", "points": "2", "wins": "0", "Driver": {"driverId": "galvez", "url": "http://en.wikipedia.org/wiki/%C3%93scar_Alfredo_G%C3%A1lvez", "givenName": "Oscar", "familyName": "G\u00e1lvez", "dateOfBirth": "1913-08-17", "nationality": "Argentine"}, "Constructors": [{"constructorId": "maserati", "url": "http://en.wikipedia.org/wiki/Maserati", "name": "Maserati", "nationality": "Italian"}]}, {"position": "6", "positionText": "6", "points": "0", "wins": "0", "Driver": {"driverId": "behra", "url": "http://en.wikipedia.org/wiki/Jean_Behra", "givenName": "Jean", "familyName": "Behra", "dateOfBirth": "1921-02-16", "nationality": "French"}, "Constructors": [{"constructorId": "gordini", "url": "http://en.wikipedia.org/wiki/Gordini", "name": "Gordini", "nationality": "French"}]}, {"position": "7", "positionText": "7", "points": "0", "wins": "0", "Driver": {"driverId": "schell", "url": "http://en.wikipedia.org/wiki/Harry_Schell", "givenName": "Harry", "familyName": "Schell", "dateOfBirth": "1921-06-29", "nationality": "American"}, "Constructors": [{"constructorId": "gordini", "url": "http://en.wikipedia.org/wiki/Gordini", "name": "Gordini", "nationality": "French"}]}, {"position": "8", "positionText": "8", "points": "0", "wins": "0", "Driver": {"driverId": "trintignant", "url": "http://en.wikipedia.org/wiki/Maurice_Trintignant", "givenName": "Maurice", "familyName": "Trintignant", "dateOfBirth": "1917-10-30", "nationality": "French"}, "Constructors": [{"constructorId": "gordini", "url": "http://en.wikipedia.org/wiki/Gordini", "name": "Gordini", "nationality": "French"}]}, {"position": "9", "positionText": "9", "points": "0", "wins": "0", "Driver": {"driverId": "john_barber", "url": "http://en.wikipedia.org/wiki/John_Barber_(racing_driver)", "givenName": "John", "familyName": "Barber", "dateOfBirth": "1929-07-22", "nationality": "British"}, "Constructors": [{"constructorId": "cooper", "url": "http://en.wikipedia.org/wiki/Cooper_Car_Company", "name": "Cooper", "nationality": "British"}]}, {"position": "10", "positionText": "10", "points": "0", "wins": "0", "Driver": {"driverId": "alan_brown", "url": "http://en.wikipedia.org/wiki/Alan_Brown_(racing_driver)", "givenName": "Alan", "familyName": "Brown", "dateOfBirth": "1919-11-20", "nationality": "British"}, "Constructors": [{"constructorId": "cooper", "url": "http://en.wikipedia.org/wiki/Cooper_Car_Company", "name": "Cooper", "nationality": "British"}]}, {"position": "11", "positionText": "11", "points": "0", "wins": "0", "Driver": {"driverId": "manzon", "url": "http://en.wikipedia.org/wiki/Robert_Manzon", "givenName": "Robert", "familyName": "Manzon", "dateOfBirth": "1917-04-12", "nationality": "French"}, "Constructors": [{"constructorId": "gordini", "url": "http://en.wikipedia.org/wiki/Gordini", "name": "Gordini", "nationality": "French"}]}, {"position": "12", "positionText": "12", "points": "0", "wins": "0", "Driver": {"driverId": "fangio", "url": "http://en.wikipedia.org/wiki/Juan_Manuel_Fangio", "givenName": "Juan", "familyName": "Fangio", "dateOfBirth": "1911-06-24", "nationality": "Argentine"}, "Constructors": [{"constructorId": "maserati", "url": "http://en.wikipedia.org/wiki/Maserati", "name": "Maserati", "nationality": "Italian"}]}, {"position": "13", "positionText": "13", "points": "0", "wins": "0", "Driver": {"driverId": "bonetto", "url": "http://en.wikipedia.org/wiki/Felice_Bonetto", "givenName": "Felice", "familyName": "Bonetto", "dateOfBirth": "1903-06-09", "nationality": "Italian"}, "Constructors": [{"constructorId": "maserati", "url": "http://en.wikipedia.org/wiki/Maserati", "name": "Maserati", "nationality": "Italian"}]}, {"position": "14", "positionText": "14", "points": "0", "wins": "0", "Driver": {"driverId": "farina", "url": "http://en.wikipedia.org/wiki/Nino_Farina", "givenName": "Nino", "familyName": "Farina", "dateOfBirth": "1906-10-30", "nationality": "Italian"}, "Constructors": [{"constructorId": "ferrari", "url": "http://en.wikipedia.org/wiki/Scuderia_Ferrari", "name": "Ferrari", "nationality": "Italian"}]}, {"position": "15", "positionText": "15", "points": "0", "wins": "0", "Driver": {"driverId": "menditeguy", "url": "http://en.wikipedia.org/wiki/Carlos_Menditeguy", "givenName": "Carlos", "familyName": "Menditeguy", "dateOfBirth": "1914-08-10", "nationality": "Argentine"}, "Constructors": [{"constructorId": "gordini", "url": "http://en.wikipedia.org/wiki/Gordini", "name": "Gordini", "nationality": "French"}]}, {"position": "16", "positionText": "16", "points": "0", "wins": "0", "Driver": {"driverId": "birger", "url": "http://en.wikipedia.org/wiki/Pablo_Birger", "givenName": "Pablo", "familyName": "Birger", "dateOfBirth": "1924-01-07", "nationality": "Argentine"}, "Constructors": [{"constructorId": "simca", "url": "http://en.wikipedia.org/wiki/Simca", "name": "Simca", "nationality": "French"}]}, {"position": "17", "positionText": "17", "points": "0", "wins": "0", "Driver": {"driverId": "cruz", "url": "http://en.wikipedia.org/wiki/Adolfo_Schewelm_Cruz", "givenName": "Adolfo", "familyName": "Cruz", "dateOfBirth": "1923-06-28", "nationality": "Argentine"}, "Constructors": [{"constructorId": "cooper", "url": "http://en.wikipedia.org/wiki/Cooper_Car_Company", "name": "Cooper", "nationality": "British"}]}]}]}}}