{"MRData": {"xmlns": "http://ergast.com/mrd/1.5", "series": "f1", "url": "http://ergast.com/api/f1/1953/2/results.json", "limit": "30", "offset": "0", "total": "47", "RaceTable": {"season": "1953", "round": "2", "Races": [{"season": "1953", "round": "2", "url": "http://en.wikipedia.org/wiki/1953_Indianapolis_500", "raceName": "Indianapolis 500", "Circuit": {"circuitId": "indianapolis", "url": "http://en.wikipedia.org/wiki/Indianapolis_Motor_Speedway", "circuitName": "Indianapolis Motor Speedway", "Location": {"lat": "39.795", "long": "-86.2347", "locality": "Indianapolis", "country": "USA"}}, "date": "1953-05-30", "Results": [{"number": "14", "position": "1", "positionText": "1", "points": "9", "Driver": {"driverId": "vukovich", "url": "http://en.wikipedia.org/wiki/Bill_Vukovich", "givenName": "Bill", "familyName": "Vukovich", "dateOfBirth": "1918-12-13", "nationality": "American"}, "Constructor": {"constructorId": "kurtis_kraft", "url": "http://en.wikipedia.org/wiki/Kurtis_Kraft", "name": "Kurtis Kraft", "nationality": "American"}, "grid": "1", "laps": "200", "status": "Finished", "Time": {"millis": "13981690", "time": "3:53:01.69"}}, {"number": "16", "position": "2", "positionText": "2", "points": "6", "Driver": {"driverId": "cross", "url": "http://en.wikipedia.org/wiki/Art_Cross", "givenName": "Art", "familyName": "Cross", "dateOfBirth": "1918-01-24", "nationality": "American"}, "Constructor": {"constructorId": "kurtis_kraft", "url": "http://en.wikipedia.org/wiki/Kurtis_Kraft", "name": "Kurtis Kraft", "nationality": "American"}, "grid": "12", "laps": "200", "status": "Finished", "Time": {"millis": "14192560", "time": "+3:30.87"}}, {"number": "3", "position": "3", "positionText": "3", "points": "2", "Driver": {"driverId": "hanks", "url": "http://en.wikipedia.org/wiki/Sam_Hanks", "givenName": "Sam", "familyName": "Hanks", "dateOfBirth": "1914-07-13", "nationality": "American"}, "Constructor": {"constructorId": "kurtis_kraft", "url": "http://en.wikipedia.org/wiki/Kurtis_Kraft", "name": "Kurtis Kraft", "nationality": "American"}, "grid": "9", "laps": "200", "status": "Finished", "Time": {"millis": "14233190", "time": "+4:11.50"}}, {"number": "3", "position": "3", "positionText": "3", "points": "2", "Driver": {"driverId": "darter", "url": "http://en.wikipedia.org/wiki/Duane_Carter", "givenName": "Duane", "familyName": "Carter", "dateOfBirth": "1913-05-05", "nationality": "American"}, "Constructor": {"constructorId": "kurtis_kraft", "url": "http://en.wikipedia.org/wiki/Kurtis_Kraft", "name": "Kurtis Kraft", "nationality": "American"}, "grid": "9", "laps": "200", "status": "Finished", "Time": {"millis": "14233190", "time": "+4:11.50"}}, {"number": "59", "position": "4", "positionText": "4", "points": "1.5", "Driver": {"driverId": "agabashian", "url": "http://en.wikipedia.org/wiki/Fred_Agabashian", "givenName": "Fred", "familyName": "Agabashian", "dateOfBirth": "1913-08-21", "nationality": "American"}, "Constructor": {"constructorId": "kurtis_kraft", "url": "http://en.wikipedia.org/wiki/Kurtis_Kraft", "name": "Kurtis Kraft", "nationality": "American"}, "grid": "2", "laps": "200", "status": "Finished", "Time": {"millis": "14260930", "time": "+4:39.24"}}, {"number": "59", "position": "4", "positionText": "4", "points": "1.5", "Driver": {"driverId": "paul_russo", "url": "http://en.wikipedia.org/wiki/Paul_Russo", "givenName": "Paul", "familyName": "Russo", "dateOfBirth": "1914-04-10", "nationality": "American"}, "Constructor": {"constructorId": "kurtis_kraft", "url": "http://en.wikipedia.org/wiki/Kurtis_Kraft", "name": "Kurtis Kraft", "nationality": "American"}, "grid": "2", "laps": "200", "status": "Finished", "Time": {"millis": "14260930", "time": "+4:39.24"}}, {"number": "5", "position": "5", "positionText": "5", "points": "2", "Driver": {"driverId": "mcgrath", "url": "http://en.wikipedia.org/wiki/Jack_McGrath_(racing_driver)", "givenName": "Jack", "familyName": "McGrath", "dateOfBirth": "1919-10-08", "nationality": "American"}, "Constructor": {"constructorId": "kurtis_kraft", "url": "http://en.wikipedia.org/wiki/Kurtis_Kraft", "name": "Kurtis Kraft", "nationality": "American"}, "grid": "3", "laps": "200", "status": "Finished", "Time": {"millis": "14451330", "time": "+7:49.64"}}, {"number": "48", "position": "6", "positionText": "6", "points": "0", "Driver": {"driverId": "daywalt", "url": "http://en.wikipedia.org/wiki/Jimmy_Daywalt", "givenName": "Jimmy", "familyName": "Daywalt", "dateOfBirth": "1924-08-28", "nationality": "American"}, "Constructor": {"constructorId": "kurtis_kraft", "url": "http://en.wikipedia.org/wiki/Kurtis_Kraft", "name": "Kurtis Kraft", "nationality": "American"}, "grid": "21", "laps": "200", "status": "Finished", "Time": {"millis": "14471900", "time": "+8:10.21"}}, {"number": "2", "position": "7", "positionText": "7", "points": "0", "Driver": {"driverId": "rathmann", "url": "http://en.wikipedia.org/wiki/Jim_Rathmann", "givenName": "Jim", "familyName": "Rathmann", "dateOfBirth": "1928-07-16", "nationality": "American"}, "Constructor": {"constructorId": "kurtis_kraft", "url": "http://en.wikipedia.org/wiki/Kurtis_Kraft", "name": "Kurtis Kraft", "nationality": "American"}, "grid": "25", "laps": "200", "status": "Finished", "Time": {"millis": "14507710", "time": "+8:46.02"}}, {"number": "2", "position": "7", "positionText": "7", "points": "0", "Driver": {"driverId": "johnson", "url": "http://en.wikipedia.org/wiki/Eddie_Johnson_(auto_racer)", "givenName": "Eddie", "familyName": "Johnson", "dateOfBirth": "1919-02-10", "nationality": "American"}, "Constructor": {"constructorId": "kurtis_kraft", "url": "http://en.wikipedia.org/wiki/Kurtis_Kraft", "name": "Kurtis Kraft", "nationality": "American"}, "grid": "25", "laps": "200", "status": "Finished", "Time": {"millis": "14507710", "time": "+8:46.02"}}, {"number": "12", "position": "8", "positionText": "8", "points": "0", "Driver": {"driverId": "mccoy", "url": "http://en.wikipedia.org/wiki/Ernie_McCoy", "givenName": "Ernie", "familyName": "McCoy", "dateOfBirth": "1921-02-19", "nationality": "American"}, "Constructor": {"constructorId": "stevens", "url": "http://en.wikipedia.org/wiki/Stevens_(constructor)", "name": "Stevens", "nationality": "American"}, "grid": "20", "laps": "200", "status": "Finished", "Time": {"millis": "14586240", "time": "+10:04.55"}}, {"number": "98", "position": "9", "positionText": "9", "points": "0", "Driver": {"driverId": "bettenhausen", "url": "http://en.wikipedia.org/wiki/Tony_Bettenhausen", "givenName": "Tony", "familyName": "Bettenhausen", "dateOfBirth": "1916-09-12", "nationality": "American"}, "Constructor": {"constructorId": "kuzma", "url": "http://en.wikipedia.org/wiki/Kuzma_(constructor)", "name": "Kuzma", "nationality": "American"}, "grid": "6", "laps": "196", "status": "Accident"}, {"number": "98", "position": "9", "positionText": "9", "points": "0", "Driver": {"driverId": "stevenson", "url": "http://en.wikipedia.org/wiki/Chuck_Stevenson", "givenName": "Chuck", "familyName": "Stevenson", "dateOfBirth": "1919-10-15", "nationality": "American"}, "Constructor": {"constructorId": "kuzma", "url": "http://en.wikipedia.org/wiki/Kuzma_(constructor)", "name": "Kuzma", "nationality": "American"}, "grid": "6", "laps": "196", "status": "Accident"}, {"number": "98", "position": "9", "positionText": "9", "points": "0", "Driver": {"driverId": "hartley", "url": "http://en.wikipedia.org/wiki/Gene_Hartley", "givenName": "Gene", "familyName": "Hartley", "dateOfBirth": "1926-01-28", "nationality": "American"}, "Constructor": {"constructorId": "kuzma", "url": "http://en.wikipedia.org/wiki/Kuzma_(constructor)", "name": "Kuzma", "nationality": "American"}, "grid": "6", "laps": "196", "status": "Accident"}, {"number": "53", "position": "10", "positionText": "10", "points": "0", "Driver": {"driverId": "davies", "url": "http://en.wikipedia.org/wiki/Jimmy_Davies", "givenName": "Jimmy", "familyName": "Davies", "dateOfBirth": "1929-08-08", "nationality": "American"}, "Constructor": {"constructorId": "kurtis_kraft", "url": "http://en.wikipedia.org/wiki/Kurtis_Kraft", "name": "Kurtis Kraft", "nationality": "American"}, "grid": "32", "laps": "193", "status": "+7 Laps"}, {"number": "9", "position": "11", "positionText": "11", "points": "0", "Driver": {"driverId": "nalon", "url": "http://en.wikipedia.org/wiki/Duke_Nalon", "givenName": "Duke", "familyName": "Nalon", "dateOfBirth": "1913-03-02", "nationality": "American"}, "Constructor": {"constructorId": "kurtis_kraft", "url": "http://en.wikipedia.org/wiki/Kurtis_Kraft", "name": "Kurtis Kraft", "nationality": "American"}, "grid": "26", "laps": "191", "status": "Accident"}, {"number": "73", "position": "12", "positionText": "12", "points": "0", "Driver": {"driverId": "scarborough", "url": "http://en.wikipedia.org/wiki/Carl_Scarborough", "givenName": "Carl", "familyName": "Scarborough", "dateOfBirth": "1914-07-03", "nationality": "American"}, "Constructor": {"constructorId": "kurtis_kraft", "url": "http://en.wikipedia.org/wiki/Kurtis_Kraft", "name": "Kurtis Kraft", "nationality": "American"}, "grid": "19", "laps": "190", "status": "+10 Laps"}, {"number": "73", "position": "12", "positionText": "12", "points": "0", "Driver": {"driverId": "bob_scott", "url": "http://en.wikipedia.org/wiki/Bob_Scott_(auto_racer)", "givenName": "Bob", "familyName": "Scott", "dateOfBirth": "1928-10-04", "nationality": "American"}, "Constructor": {"constructorId": "kurtis_kraft", "url": "http://en.wikipedia.org/wiki/Kurtis_Kraft", "name": "Kurtis Kraft", "nationality": "American"}, "grid": "19", "laps": "190", "status": "+10 Laps"}, {"number": "88", "position": "13", "positionText": "13", "points": "0", "Driver": {"driverId": "ayulo", "url": "http://en.wikipedia.org/wiki/Manny_Ayulo", "givenName": "Manny", "familyName": "Ayulo", "dateOfBirth": "1921-10-20", "nationality": "American"}, "Constructor": {"constructorId": "kuzma", "url": "http://en.wikipedia.org/wiki/Kuzma_(constructor)", "name": "Kuzma", "nationality": "American"}, "grid": "4", "laps": "184", "status": "Engine"}, {"number": "8", "position": "14", "positionText": "14", "points": "0", "Driver": {"driverId": "bryan", "url": "http://en.wikipedia.org/wiki/Jimmy_Bryan", "givenName": "Jimmy", "familyName": "Bryan", "dateOfBirth": "1926-01-28", "nationality": "American"}, "Constructor": {"constructorId": "schroeder", "url": "http://en.wikipedia.org/wiki/Schroeder_(constructor)", "name": "Schroeder", "nationality": "American"}, "grid": "31", "laps": "183", "status": "+17 Laps"}, {"number": "49", "position": "15", "positionText": "15", "points": "0", "Driver": {"driverId": "holland", "url": "http://en.wikipedia.org/wiki/Bill_Holland", "givenName": "Bill", "familyName": "Holland", "dateOfBirth": "1907-12-18", "nationality": "American"}, "Constructor": {"constructorId": "kurtis_kraft", "url": "http://en.wikipedia.org/wiki/Kurtis_Kraft", "name": "Kurtis Kraft", "nationality": "American"}, "grid": "28", "laps": "177", "status": "Magneto"}, {"number": "49", "position": "15", "positionText": "15", "points": "0", "Driver": {"driverId": "rathmann", "url": "http://en.wikipedia.org/wiki/Jim_Rathmann", "givenName": "Jim", "familyName": "Rathmann", "dateOfBirth": "1928-07-16", "nationality": "American"}, "Constructor": {"constructorId": "kurtis_kraft", "url": "http://en.wikipedia.org/wiki/Kurtis_Kraft", "name": "Kurtis Kraft", "nationality": "American"}, "grid": "28", "laps": "177", "status": "Magneto"}, {"number": "92", "position": "16", "positionText": "16", "points": "0", "Driver": {"driverId": "ward", "url": "http://en.wikipedia.org/wiki/Rodger_Ward", "givenName": "Rodger", "familyName": "Ward", "dateOfBirth": "1921-01-10", "nationality": "American"}, "Constructor": {"constructorId": "kurtis_kraft", "url": "http://en.wikipedia.org/wiki/Kurtis_Kraft", "name": "Kurtis Kraft", "nationality": "American"}, "grid": "10", "laps": "177", "status": "Axle"}, {"number": "92", "position": "16", "positionText": "16", "points": "0", "Driver": {"driverId": "linden", "url": "http://en.wikipedia.org/wiki/Andy_Linden_(racing_driver)", "givenName": "Andy", "familyName": "Linden", "dateOfBirth": "1922-04-05", "nationality": "American"}, "Constructor": {"constructorId": "kurtis_kraft", "url": "http://en.wikipedia.org/wiki/Kurtis_Kraft", "name": "Kurtis Kraft", "nationality": "American"}, "grid": "10", "laps": "177", "status": "Axle"}, {"number": "92", "position": "16", "positionText": "16", "points": "0", "Driver": {"driverId": "dinsmore", "url": "http://en.wikipedia.org/wiki/Duke_Dinsmore", "givenName": "Duke", "familyName": "Dinsmore", "dateOfBirth": "1913-04-10", "nationality": "American"}, "Constructor": {"constructorId": "kurtis_kraft", "url": "http://en.wikipedia.org/wiki/Kurtis_Kraft", "name": "Kurtis Kraft", "nationality": "American"}, "grid": "10", "laps": "177", "status": "Axle"}, {"number": "23", "position": "17", "positionText": "17", "points": "0", "Driver": {"driverId": "faulkner", "url": "http://en.wikipedia.org/wiki/Walt_Faulkner", "givenName": "Walt", "familyName": "Faulkner", "dateOfBirth": "1920-02-16", "nationality": "American"}, "Constructor": {"constructorId": "kurtis_kraft", "url": "http://en.wikipedia.org/wiki/Kurtis_Kraft", "name": "Kurtis Kraft", "nationality": "American"}, "grid": "14", "laps": "176", "status": "+24 Laps"}, {"number": "23", "position": "17", "positionText": "17", "points": "0", "Driver": {"driverId": "mantz", "url": "http://en.wikipedia.org/wiki/Johnny_Mantz", "givenName": "Johnny", "familyName": "Mantz", "dateOfBirth": "1918-09-18", "nationality": "American"}, "Constructor": {"constructorId": "kurtis_kraft", "url": "http://en.wikipedia.org/wiki/Kurtis_Kraft", "name": "Kurtis Kraft", "nationality": "American"}, "grid": "14", "laps": "176", "status": "+24 Laps"}, {"number": "22", "position": "18", "positionText": "R", "points": "0", "Driver": {"driverId": "teague", "url": "http://en.wikipedia.org/wiki/Marshall_Teague_(racing_driver)", "givenName": "Marshall", "familyName": "Teague", "dateOfBirth": "1921-02-22", "nationality": "American"}, "Constructor": {"constructorId": "kurtis_kraft", "url": "http://en.wikipedia.org/wiki/Kurtis_Kraft", "name": "Kurtis Kraft", "nationality": "American"}, "grid": "22", "laps": "169", "status": "Oil leak"}, {"number": "62", "position": "19", "positionText": "R", "points": "0", "Driver": {"driverId": "webb", "url": "http://en.wikipedia.org/wiki/Travis_Webb", "givenName": "Travis", "familyName": "Webb", "dateOfBirth": "1910-10-08", "nationality": "American"}, "Constructor": {"constructorId": "kurtis_kraft", "url": "http://en.wikipedia.org/wiki/Kurtis_Kraft", "name": "Kurtis Kraft", "nationality": "American"}, "grid": "18", "laps": "166", "status": "Oil leak"}, {"number": "62", "position": "19", "positionText": "R", "points": "0", "Driver": {"driverId": "thomson", "url": "http://en.wikipedia.org/wiki/Johnny_Thomson", "givenName": "Johnny", "familyName": "Thomson", "dateOfBirth": "1922-04-09", "nationality": "American"}, "Constructor": {"constructorId": "kurtis_kraft", "url": "http://en.wikipedia.org/wiki/Kurtis_Kraft", "name": "Kurtis Kraft", "nationality": "American"}, "grid": "18", "laps": "166", "status": "Oil leak"}]}]}}}