{"MRData": {"xmlns": "http://ergast.com/mrd/1.5", "series": "f1", "url": "http://ergast.com/api/f1/1953/3/results.json", "limit": "30", "offset": "0", "total": "20", "RaceTable": {"season": "1953", "round": "3", "Races": [{"season": "1953", "round": "3", "url": "http://en.wikipedia.org/wiki/1953_Dutch_Grand_Prix", "raceName": "Dutch Grand Prix", "Circuit": {"circuitId": "zandvoort", "url": "http://en.wikipedia.org/wiki/Circuit_Zandvoort", "circuitName": "Circuit Park Zandvoort", "Location": {"lat": "52.3888", "long": "4.54092", "locality": "Zandvoort", "country": "Netherlands"}}, "date": "1953-06-07", "Results": [{"number": "2", "position": "1", "positionText": "1", "points": "8", "Driver": {"driverId": "ascari", "url": "http://en.wikipedia.org/wiki/Alberto_Ascari", "givenName": "Alberto", "familyName": "Ascari", "dateOfBirth": "1918-07-13", "nationality": "Italian"}, "Constructor": {"constructorId": "ferrari", "url": "http://en.wikipedia.org/wiki/Scuderia_Ferrari", "name": "Ferrari", "nationality": "Italian"}, "grid": "1", "laps": "90", "status": "Finished", "Time": {"millis": "10415800", "time": "2:53:35.8"}}, {"number": "6", "position": "2", "positionText": "2", "points": "6", "Driver": {"driverId": "farina", "url": "http://en.wikipedia.org/wiki/Nino_Farina", "givenName": "Nino", "familyName": "Farina", "dateOfBirth": "1906-10-30", "nationality": "Italian"}, "Constructor": {"constructorId": "ferrari", "url": "http://en.wikipedia.org/wiki/Scuderia_Ferrari", "name": "Ferrari", "nationality": "Italian"}, "grid": "3", "laps": "90", "status": "Finished", "Time": {"millis": "10426200", "time": "+10.4"}}, {"number": "16", "position": "3", "positionText": "3", "points": "2", "Driver": {"driverId": "bonetto", "url": "http://en.wikipedia.org/wiki/Felice_Bonetto", "givenName": "Felice", "familyName": "Bonetto", "dateOfBirth": "1903-06-09", "nationality": "Italian"}, "Constructor": {"constructorId": "maserati", "url": "http://en.wikipedia.org/wiki/Maserati", "name": "Maserati", "nationality": "Italian"}, "grid": "13", "laps": "89", "status": "+1 Lap"}, {"number": "16", "position": "3", "positionText": "3", "points": "2", "Driver": {"driverId": "gonzalez", "url": "http://en.wikipedia.org/wiki/Jos%C3%A9_Froil%C3%A1n_Gonz%C3%A1lez", "givenName": "Jos\u00e9 Froil\u00e1n", "familyName": "Gonz\u00e1lez", "dateOfBirth": "1922-10-05", "nationality": "Argentine"}, "Constructor": {"constructorId": "maserati", "url": "http://en.wikipedia.org/wiki/Maserati", "name": "Maserati", "nationality": "Italian"}, "grid": "13", "laps": "89", "status": "+1 Lap"}, {"number": "8", "position": "4", "positionText": "4", "points": "3", "Driver": {"driverId": "hawthorn", "url": "http://en.wikipedia.org/wiki/Mike_Hawthorn", "givenName": "Mike", "familyName": "Hawthorn", "dateOfBirth": "1929-04-10", "nationality": "British"}, "Constructor": {"constructorId": "ferrari", "url": "http://en.wikipedia.org/wiki/Scuderia_Ferrari", "name": "Ferrari", "nationality": "Italian"}, "grid": "6", "laps": "89", "status": "+1 Lap"}, {"number": "18", "position": "5", "positionText": "5", "points": "2", "Driver": {"driverId": "graffenried", "url": "http://en.wikipedia.org/wiki/Toulo_de_Graffenried", "givenName": "Toulo", "familyName": "de Graffenried", "dateOfBirth": "1914-05-18", "nationality": "Swiss"}, "Constructor": {"constructorId": "maserati", "url": "http://en.wikipedia.org/wiki/Maserati", "name": "Maserati", "nationality": "Italian"}, "grid": "7", "laps": "88", "status": "+2 Laps"}, {"number": "24", "position": "6", "positionText": "6", "points": "0", "Driver": {"driverId": "trintignant", "url": "http://en.wikipedia.org/wiki/Maurice_Trintignant", "givenName": "Maurice", "familyName": "Trintignant", "dateOfBirth": "1917-10-30", "nationality": "French"}, "Constructor": {"constructorId": "gordini", "url": "http://en.wikipedia.org/wiki/Gordini", "name": "Gordini", "nationality": "French"}, "grid": "12", "laps": "87", "status": "+3 Laps"}, {"number": "10", "position": "7", "positionText": "7", "points": "0", "Driver": {"driverId": "rosier", "url": "http://en.wikipedia.org/wiki/Louis_Rosier", "givenName": "Louis", "familyName": "Rosier", "dateOfBirth": "1905-11-05", "nationality": "French"}, "Constructor": {"constructorId": "ferrari", "url": "http://en.wikipedia.org/wiki/Scuderia_Ferrari", "name": "Ferrari", "nationality": "Italian"}, "grid": "8", "laps": "86", "status": "+4 Laps"}, {"number": "36", "position": "8", "positionText": "8", "points": "0", "Driver": {"driverId": "collins", "url": "http://en.wikipedia.org/wiki/Peter_Collins_(racing_driver)", "givenName": "Peter", "familyName": "Collins", "dateOfBirth": "1931-11-06", "nationality": "British"}, "Constructor": {"constructorId": "hwm", "url": "http://en.wikipedia.org/wiki/Hersham_and_Walton_Motors", "name": "HWM", "nationality": "British"}, "grid": "16", "laps": "84", "status": "+6 Laps"}, {"number": "34", "position": "9", "positionText": "9", "points": "0", "Driver": {"driverId": "moss", "url": "http://en.wikipedia.org/wiki/Stirling_Moss", "givenName": "Stirling", "familyName": "Moss", "dateOfBirth": "1929-09-17", "nationality": "British"}, "Constructor": {"constructorId": "connaught", "url": "http://en.wikipedia.org/wiki/Connaught_Engineering", "name": "Connaught", "nationality": "British"}, "grid": "9", "laps": "83", "status": "+7 Laps"}, {"number": "4", "position": "10", "positionText": "R", "points": "1", "Driver": {"driverId": "villoresi", "url": "http://en.wikipedia.org/wiki/Luigi_Villoresi", "givenName": "Luigi", "familyName": "Villoresi", "dateOfBirth": "1909-05-16", "nationality": "Italian"}, "Constructor": {"constructorId": "ferrari", "url": "http://en.wikipedia.org/wiki/Scuderia_Ferrari", "name": "Ferrari", "nationality": "Italian"}, "grid": "4", "laps": "67", "status": "Throttle"}, {"number": "28", "position": "11", "positionText": "R", "points": "0", "Driver": {"driverId": "mcalpine", "url": "http://en.wikipedia.org/wiki/Kenneth_McAlpine", "givenName": "Kenneth", "familyName": "McAlpine", "dateOfBirth": "1920-09-21", "nationality": "British"}, "Constructor": {"constructorId": "connaught", "url": "http://en.wikipedia.org/wiki/Connaught_Engineering", "name": "Connaught", "nationality": "British"}, "grid": "14", "laps": "63", "status": "Engine"}, {"number": "20", "position": "12", "positionText": "R", "points": "0", "Driver": {"driverId": "schell", "url": "http://en.wikipedia.org/wiki/Harry_Schell", "givenName": "Harry", "familyName": "Schell", "dateOfBirth": "1921-06-29", "nationality": "American"}, "Constructor": {"constructorId": "gordini", "url": "http://en.wikipedia.org/wiki/Gordini", "name": "Gordini", "nationality": "French"}, "grid": "10", "laps": "59", "status": "Transmission"}, {"number": "30", "position": "13", "positionText": "N", "points": "0", "Driver": {"driverId": "claes", "url": "http://en.wikipedia.org/wiki/Johnny_Claes", "givenName": "Johnny", "familyName": "Claes", "dateOfBirth": "1916-08-11", "nationality": "Belgian"}, "Constructor": {"constructorId": "connaught", "url": "http://en.wikipedia.org/wiki/Connaught_Engineering", "name": "Connaught", "nationality": "British"}, "grid": "17", "laps": "52", "status": "Not classified"}, {"number": "12", "position": "14", "positionText": "R", "points": "0", "Driver": {"driverId": "fangio", "url": "http://en.wikipedia.org/wiki/Juan_Manuel_Fangio", "givenName": "Juan", "familyName": "Fangio", "dateOfBirth": "1911-06-24", "nationality": "Argentine"}, "Constructor": {"constructorId": "maserati", "url": "http://en.wikipedia.org/wiki/Maserati", "name": "Maserati", "nationality": "Italian"}, "grid": "2", "laps": "36", "status": "Axle"}, {"number": "22", "position": "15", "positionText": "R", "points": "0", "Driver": {"driverId": "mieres", "url": "http://en.wikipedia.org/wiki/Roberto_Mieres", "givenName": "Roberto", "familyName": "Mieres", "dateOfBirth": "1924-12-03", "nationality": "Argentine"}, "Constructor": {"constructorId": "gordini", "url": "http://en.wikipedia.org/wiki/Gordini", "name": "Gordini", "nationality": "French"}, "grid": "19", "laps": "28", "status": "Transmission"}, {"number": "14", "position": "16", "positionText": "R", "points": "0", "Driver": {"driverId": "gonzalez", "url": "http://en.wikipedia.org/wiki/Jos%C3%A9_Froil%C3%A1n_Gonz%C3%A1lez", "givenName": "Jos\u00e9 Froil\u00e1n", "familyName": "Gonz\u00e1lez", "dateOfBirth": "1922-10-05", "nationality": "Argentine"}, "Constructor": {"constructorId": "maserati", "url": "http://en.wikipedia.org/wiki/Maserati", "name": "Maserati", "nationality": "Italian"}, "grid": "5", "laps": "22", "status": "Axle"}, {"number": "32", "position": "17", "positionText": "R", "points": "0", "Driver": {"driverId": "wharton", "url": "http://en.wikipedia.org/wiki/Ken_Wharton", "givenName": "Ken", "familyName": "Wharton", "dateOfBirth": "1916-03-21", "nationality": "British"}, "Constructor": {"constructorId": "cooper", "url": "http://en.wikipedia.org/wiki/Cooper_Car_Company", "name": "Cooper", "nationality": "British"}, "grid": "18", "laps": "19", "status": "Physical"}, {"number": "26", "position": "18", "positionText": "R", "points": "0", "Driver": {"driverId": "salvadori", "url": "http://en.wikipedia.org/wiki/Roy_Salvadori", "givenName": "Roy", "familyName": "Salvadori", "dateOfBirth": "1922-05-12", "nationality": "British"}, "Constructor": {"constructorId": "connaught", "url": "http://en.wikipedia.org/wiki/Connaught_Engineering", "name": "Connaught", "nationality": "British"}, "grid": "11", "laps": "14", "status": "Engine"}, {"number": "38", "position": "19", "positionText": "R", "points": "0", "Driver": {"driverId": "macklin", "url": "http://en.wikipedia.org/wiki/Lance_Macklin", "givenName": "Lance", "familyName": "Macklin", "dateOfBirth": "1919-09-02", "nationality": "British"}, "Constructor": {"constructorId": "hwm", "url": "http://en.wikipedia.org/wiki/Hersham_and_Walton_Motors", "name": "HWM", "nationality": "British"}, "grid": "15", "laps": "7", "status": "Throttle"}]}]}}}