{"MRData": {"xmlns": "http://ergast.com/mrd/1.5", "series": "f1", "url": "http://ergast.com/api/f1/1953/8/results.json", "limit": "30", "offset": "0", "total": "22", "RaceTable": {"season": "1953", "round": "8", "Races": [{"season": "1953", "round": "8", "url": "http://en.wikipedia.org/wiki/1953_Swiss_Grand_Prix", "raceName": "Swiss Grand Prix", "Circuit": {"circuitId": "bremgarten", "url": "http://en.wikipedia.org/wiki/Circuit_Bremgarten", "circuitName": "Circuit Bremgarten", "Location": {"lat": "46.9589", "long": "7.40194", "locality": "Bern", "country": "Switzerland"}}, "date": "1953-08-23", "Results": [{"number": "46", "position": "1", "positionText": "1", "points": "9", "Driver": {"driverId": "ascari", "url": "http://en.wikipedia.org/wiki/Alberto_Ascari", "givenName": "Alberto", "familyName": "Ascari", "dateOfBirth": "1918-07-13", "nationality": "Italian"}, "Constructor": {"constructorId": "ferrari", "url": "http://en.wikipedia.org/wiki/Scuderia_Ferrari", "name": "Ferrari", "nationality": "Italian"}, "grid": "2", "laps": "65", "status": "Finished", "Time": {"millis": "10894400", "time": "3:01:34.40"}}, {"number": "24", "position": "2", "positionText": "2", "points": "6", "Driver": {"driverId": "farina", "url": "http://en.wikipedia.org/wiki/Nino_Farina", "givenName": "Nino", "familyName": "Farina", "dateOfBirth": "1906-10-30", "nationality": "Italian"}, "Constructor": {"constructorId": "ferrari", "url": "http://en.wikipedia.org/wiki/Scuderia_Ferrari", "name": "Ferrari", "nationality": "Italian"}, "grid": "3", "laps": "65", "status": "Finished", "Time": {"millis": "10967330", "time": "+1:12.93"}}, {"number": "26", "position": "3", "positionText": "3", "points": "4", "Driver": {"driverId": "hawthorn", "url": "http://en.wikipedia.org/wiki/Mike_Hawthorn", "givenName": "Mike", "familyName": "Hawthorn", "dateOfBirth": "1929-04-10", "nationality": "British"}, "Constructor": {"constructorId": "ferrari", "url": "http://en.wikipedia.org/wiki/Scuderia_Ferrari", "name": "Ferrari", "nationality": "Italian"}, "grid": "7", "laps": "65", "status": "Finished", "Time": {"millis": "10990360", "time": "+1:35.96"}}, {"number": "32", "position": "4", "positionText": "4", "points": "1.5", "Driver": {"driverId": "fangio", "url": "http://en.wikipedia.org/wiki/Juan_Manuel_Fangio", "givenName": "Juan", "familyName": "Fangio", "dateOfBirth": "1911-06-24", "nationality": "Argentine"}, "Constructor": {"constructorId": "maserati", "url": "http://en.wikipedia.org/wiki/Maserati", "name": "Maserati", "nationality": "Italian"}, "grid": "1", "laps": "64", "status": "+1 Lap"}, {"number": "32", "position": "4", "positionText": "4", "points": "1.5", "Driver": {"driverId": "bonetto", "url": "http://en.wikipedia.org/wiki/Felice_Bonetto", "givenName": "Felice", "familyName": "Bonetto", "dateOfBirth": "1903-06-09", "nationality": "Italian"}, "Constructor": {"constructorId": "maserati", "url": "http://en.wikipedia.org/wiki/Maserati", "name": "Maserati", "nationality": "Italian"}, "grid": "1", "laps": "64", "status": "+1 Lap"}, {"number": "34", "position": "5", "positionText": "5", "points": "2", "Driver": {"driverId": "lang", "url": "http://en.wikipedia.org/wiki/Hermann_Lang", "givenName": "Hermann", "familyName": "Lang", "dateOfBirth": "1909-04-06", "nationality": "German"}, "Constructor": {"constructorId": "maserati", "url": "http://en.wikipedia.org/wiki/Maserati", "name": "Maserati", "nationality": "Italian"}, "grid": "11", "laps": "62", "status": "+3 Laps"}, {"number": "28", "position": "6", "positionText": "6", "points": "0", "Driver": {"driverId": "villoresi", "url": "http://en.wikipedia.org/wiki/Luigi_Villoresi", "givenName": "Luigi", "familyName": "Villoresi", "dateOfBirth": "1909-05-16", "nationality": "Italian"}, "Constructor": {"constructorId": "ferrari", "url": "http://en.wikipedia.org/wiki/Scuderia_Ferrari", "name": "Ferrari", "nationality": "Italian"}, "grid": "6", "laps": "62", "status": "+3 Laps"}, {"number": "20", "position": "7", "positionText": "7", "points": "0", "Driver": {"driverId": "wharton", "url": "http://en.wikipedia.org/wiki/Ken_Wharton", "givenName": "Ken", "familyName": "Wharton", "dateOfBirth": "1916-03-21", "nationality": "British"}, "Constructor": {"constructorId": "cooper", "url": "http://en.wikipedia.org/wiki/Cooper_Car_Company", "name": "Cooper", "nationality": "British"}, "grid": "9", "laps": "62", "status": "+3 Laps"}, {"number": "40", "position": "8", "positionText": "8", "points": "0", "Driver": {"driverId": "terra", "url": "http://en.wikipedia.org/wiki/Max_de_Terra", "givenName": "Max", "familyName": "de Terra", "dateOfBirth": "1918-10-06", "nationality": "Swiss"}, "Constructor": {"constructorId": "ferrari", "url": "http://en.wikipedia.org/wiki/Scuderia_Ferrari", "name": "Ferrari", "nationality": "Italian"}, "grid": "19", "laps": "51", "status": "+14 Laps"}, {"number": "18", "position": "9", "positionText": "9", "points": "0", "Driver": {"driverId": "scherrer", "url": "http://en.wikipedia.org/wiki/Albert_Scherrer", "givenName": "Albert", "familyName": "Scherrer", "dateOfBirth": "1908-02-28", "nationality": "Swiss"}, "Constructor": {"constructorId": "hwm", "url": "http://en.wikipedia.org/wiki/Hersham_and_Walton_Motors", "name": "HWM", "nationality": "British"}, "grid": "18", "laps": "49", "status": "+16 Laps"}, {"number": "4", "position": "10", "positionText": "R", "points": "0", "Driver": {"driverId": "landi", "url": "http://en.wikipedia.org/wiki/Chico_Landi", "givenName": "Chico", "familyName": "Landi", "dateOfBirth": "1907-07-14", "nationality": "Brazilian"}, "Constructor": {"constructorId": "maserati", "url": "http://en.wikipedia.org/wiki/Maserati", "name": "Maserati", "nationality": "Italian"}, "grid": "20", "laps": "54", "status": "Gearbox"}, {"number": "42", "position": "11", "positionText": "R", "points": "0", "Driver": {"driverId": "graffenried", "url": "http://en.wikipedia.org/wiki/Toulo_de_Graffenried", "givenName": "Toulo", "familyName": "de Graffenried", "dateOfBirth": "1914-05-18", "nationality": "Swiss"}, "Constructor": {"constructorId": "maserati", "url": "http://en.wikipedia.org/wiki/Maserati", "name": "Maserati", "nationality": "Italian"}, "grid": "8", "laps": "49", "status": "Transmission"}, {"number": "36", "position": "12", "positionText": "R", "points": "0", "Driver": {"driverId": "marimon", "url": "http://en.wikipedia.org/wiki/Onofre_Marim%C3%B3n", "givenName": "Onofre", "familyName": "Marim\u00f3n", "dateOfBirth": "1923-12-19", "nationality": "Argentine"}, "Constructor": {"constructorId": "maserati", "url": "http://en.wikipedia.org/wiki/Maserati", "name": "Maserati", "nationality": "Italian"}, "grid": "5", "laps": "46", "status": "Engine"}, {"number": "8", "position": "13", "positionText": "R", "points": "0", "Driver": {"driverId": "trintignant", "url": "http://en.wikipedia.org/wiki/Maurice_Trintignant", "givenName": "Maurice", "familyName": "Trintignant", "dateOfBirth": "1917-10-30", "nationality": "French"}, "Constructor": {"constructorId": "gordini", "url": "http://en.wikipedia.org/wiki/Gordini", "name": "Gordini", "nationality": "French"}, "grid": "4", "laps": "43", "status": "Axle"}, {"number": "6", "position": "14", "positionText": "R", "points": "0", "Driver": {"driverId": "behra", "url": "http://en.wikipedia.org/wiki/Jean_Behra", "givenName": "Jean", "familyName": "Behra", "dateOfBirth": "1921-02-16", "nationality": "French"}, "Constructor": {"constructorId": "gordini", "url": "http://en.wikipedia.org/wiki/Gordini", "name": "Gordini", "nationality": "French"}, "grid": "12", "laps": "37", "status": "Oil pressure"}, {"number": "30", "position": "15", "positionText": "R", "points": "0", "Driver": {"driverId": "bonetto", "url": "http://en.wikipedia.org/wiki/Felice_Bonetto", "givenName": "Felice", "familyName": "Bonetto", "dateOfBirth": "1903-06-09", "nationality": "Italian"}, "Constructor": {"constructorId": "maserati", "url": "http://en.wikipedia.org/wiki/Maserati", "name": "Maserati", "nationality": "Italian"}, "grid": "10", "laps": "29", "status": "Engine"}, {"number": "30", "position": "15", "positionText": "R", "points": "0", "Driver": {"driverId": "fangio", "url": "http://en.wikipedia.org/wiki/Juan_Manuel_Fangio", "givenName": "Juan", "familyName": "Fangio", "dateOfBirth": "1911-06-24", "nationality": "Argentine"}, "Constructor": {"constructorId": "maserati", "url": "http://en.wikipedia.org/wiki/Maserati", "name": "Maserati", "nationality": "Italian"}, "grid": "10", "laps": "29", "status": "Engine"}, {"number": "16", "position": "16", "positionText": "R", "points": "0", "Driver": {"driverId": "macklin", "url": "http://en.wikipedia.org/wiki/Lance_Macklin", "givenName": "Lance", "familyName": "Macklin", "dateOfBirth": "1919-09-02", "nationality": "British"}, "Constructor": {"constructorId": "hwm", "url": "http://en.wikipedia.org/wiki/Hersham_and_Walton_Motors", "name": "HWM", "nationality": "British"}, "grid": "15", "laps": "29", "status": "Engine"}, {"number": "38", "position": "17", "positionText": "R", "points": "0", "Driver": {"driverId": "hirt", "url": "http://en.wikipedia.org/wiki/Peter_Hirt", "givenName": "Peter", "familyName": "Hirt", "dateOfBirth": "1910-03-30", "nationality": "Swiss"}, "Constructor": {"constructorId": "ferrari", "url": "http://en.wikipedia.org/wiki/Scuderia_Ferrari", "name": "Ferrari", "nationality": "Italian"}, "grid": "17", "laps": "17", "status": "Engine"}, {"number": "14", "position": "18", "positionText": "R", "points": "0", "Driver": {"driverId": "frere", "url": "http://en.wikipedia.org/wiki/Paul_Fr%C3%A8re", "givenName": "Paul", "familyName": "Fr\u00e8re", "dateOfBirth": "1917-01-30", "nationality": "Belgian"}, "Constructor": {"constructorId": "hwm", "url": "http://en.wikipedia.org/wiki/Hersham_and_Walton_Motors", "name": "HWM", "nationality": "British"}, "grid": "16", "laps": "1", "status": "Engine"}, {"number": "2", "position": "19", "positionText": "R", "points": "0", "Driver": {"driverId": "swaters", "url": "http://en.wikipedia.org/wiki/Jacques_Swaters", "givenName": "Jacques", "familyName": "Swaters", "dateOfBirth": "1926-10-30", "nationality": "American"}, "Constructor": {"constructorId": "ferrari", "url": "http://en.wikipedia.org/wiki/Scuderia_Ferrari", "name": "Ferrari", "nationality": "Italian"}, "grid": "13", "laps": "0", "status": "Spun off"}, {"number": "10", "position": "20", "positionText": "R", "points": "0", "Driver": {"driverId": "rosier", "url": "http://en.wikipedia.org/wiki/Louis_Rosier", "givenName": "Louis", "familyName": "Rosier", "dateOfBirth": "1905-11-05", "nationality": "French"}, "Constructor": {"constructorId": "ferrari", "url": "http://en.wikipedia.org/wiki/Scuderia_Ferrari", "name": "Ferrari", "nationality": "Italian"}, "grid": "14", "laps": "0", "status": "Spun off"}]}]}}}